-- phpMiniAdmin dump 1.9.160630
-- Datetime: 2018-12-03 01:24:14
-- Host: localhost
-- Database: vanlang

/*!40030 SET NAMES utf8 */;
/*!40014 SET @OLD_FOREIGN_KEY_CHECKS=@@FOREIGN_KEY_CHECKS, FOREIGN_KEY_CHECKS=0 */;

DROP TABLE IF EXISTS `article`;
CREATE TABLE `article` (
  `id` int(10) unsigned NOT NULL AUTO_INCREMENT,
  `title` varchar(255) COLLATE utf8_unicode_ci NOT NULL,
  `priority` int(11) NOT NULL DEFAULT '1000',
  `description` text COLLATE utf8_unicode_ci NOT NULL,
  `content` mediumtext COLLATE utf8_unicode_ci NOT NULL,
  `image` varchar(255) COLLATE utf8_unicode_ci NOT NULL DEFAULT '',
  `tags` text COLLATE utf8_unicode_ci NOT NULL,
  `author` text COLLATE utf8_unicode_ci NOT NULL,
  `status` varchar(255) COLLATE utf8_unicode_ci NOT NULL DEFAULT 'active',
  `view` int(11) NOT NULL DEFAULT '0',
  `publish_date` datetime DEFAULT NULL,
  `template` varchar(255) COLLATE utf8_unicode_ci NOT NULL DEFAULT '',
  `created_at` timestamp NULL DEFAULT NULL,
  `updated_at` timestamp NULL DEFAULT NULL,
  PRIMARY KEY (`id`)
) ENGINE=InnoDB AUTO_INCREMENT=18 DEFAULT CHARSET=utf8 COLLATE=utf8_unicode_ci;

/*!40000 ALTER TABLE `article` DISABLE KEYS */;
INSERT INTO `article` VALUES ('1','Osho','1000',' Tên thật là Chandra Mohan Jain, sinh ngày 11/12/1931, tại bang Madhya Pradesh, Ấn Độ \n- 1951: Học Đại học Hatkirini và sau đó là Đại học Jain tại Jabalpur \n- 21-13-1953: Chứng ngộ ','<div class=\"text\">\n<p class=\"mb-0 descript fs_16\">- T&ecirc;n thật l&agrave; Chandra Mohan Jain, sinh ng&agrave;y 11/12/1931, tại bang Madhya Pradesh, Ấn Độ<span>&nbsp;</span><br /><br />- 1951: Học Đại học Hatkirini v&agrave; sau đ&oacute; l&agrave; Đại học Jain tại Jabalpur<span>&nbsp;</span><br /><br />- 21-13-1953: Chứng ngộ<span>&nbsp;</span><br /><br />- 1955: Tốt nghiệp khoa Triết, Đại học Jain v&agrave; lấy bằng M.A Triết tại Đại học Sagar năm 1957<span>&nbsp;</span><br /><br />- 1958: Giảng dạy triết học tại Đại học Jabalpur v&agrave; thực hiện những cuộc thuyết giảng trong cộng đồng - 1962: Th&agrave;nh lập những trung t&acirc;m Thiền đầu ti&ecirc;n ở v&ugrave;ng...</p>\n</div>','img79_1543546499.png','','','active','9','2018-11-30 11:56:00','Tac_Gia','2018-11-30 11:56:21','2018-12-01 11:08:30'),('2','Nguyên Phong','1000',' Tên thật là Chandra Mohan Jain, sinh ngày 11/12/1931, tại bang Madhya Pradesh, Ấn Độ \n- 1951: Học Đại học Hatkirini và sau đó là Đại học Jain tại Jabalpur \n- 21-13-1953: Chứng ngộ ','<div class=\"text\">\n<p class=\"mb-0 descript fs_16\">- T&ecirc;n thật l&agrave; Chandra Mohan Jain, sinh ng&agrave;y 11/12/1931, tại bang Madhya Pradesh, Ấn Độ<span>&nbsp;</span><br /><br />- 1951: Học Đại học Hatkirini v&agrave; sau đ&oacute; l&agrave; Đại học Jain tại Jabalpur<span>&nbsp;</span><br /><br />- 21-13-1953: Chứng ngộ<span>&nbsp;</span><br /><br />- 1955: Tốt nghiệp khoa Triết, Đại học Jain v&agrave; lấy bằng M.A Triết tại Đại học Sagar năm 1957<span>&nbsp;</span><br /><br />- 1958: Giảng dạy triết học tại Đại học Jabalpur v&agrave; thực hiện những cuộc thuyết giảng trong cộng đồng - 1962: Th&agrave;nh lập những trung t&acirc;m Thiền đầu ti&ecirc;n ở v&ugrave;ng...</p>\n</div>','img40_1543546489.png','','','active','5','2018-11-30 11:56:00','Tac_Gia','2018-11-30 12:03:51','2018-11-30 15:29:05'),('3','Doãn Cường','1000',' Tên thật là Chandra Mohan Jain, sinh ngày 11/12/1931, tại bang Madhya Pradesh, Ấn Độ \n- 1951: Học Đại học Hatkirini và sau đó là Đại học Jain tại Jabalpur \n- 21-13-1953: Chứng ngộ ','<div class=\"text\">\n<p class=\"mb-0 descript fs_16\">- T&ecirc;n thật l&agrave; Chandra Mohan Jain, sinh ng&agrave;y 11/12/1931, tại bang Madhya Pradesh, Ấn Độ<span>&nbsp;</span><br /><br />- 1951: Học Đại học Hatkirini v&agrave; sau đ&oacute; l&agrave; Đại học Jain tại Jabalpur<span>&nbsp;</span><br /><br />- 21-13-1953: Chứng ngộ<span>&nbsp;</span><br /><br />- 1955: Tốt nghiệp khoa Triết, Đại học Jain v&agrave; lấy bằng M.A Triết tại Đại học Sagar năm 1957<span>&nbsp;</span><br /><br />- 1958: Giảng dạy triết học tại Đại học Jabalpur v&agrave; thực hiện những cuộc thuyết giảng trong cộng đồng - 1962: Th&agrave;nh lập những trung t&acirc;m Thiền đầu ti&ecirc;n ở v&ugrave;ng...</p>\n</div>','img95_1543546500.png','','','active','2','2018-11-30 11:56:00','Tac_Gia','2018-11-30 12:04:38','2018-12-01 11:00:52'),('4','Ân Thiên','1000','Lorem ipsum dolor sit amet, consectetur adipisicing elit, sed do eiusmod tempor incididunt ut labore et dolore magna aliqua. Ut enim ad minim veniam, quis nostrud exercitation ullamco laboris nisi ut aliquip','<div class=\"text\">\n<p class=\"mb-0 descript fs_16\">- T&ecirc;n thật l&agrave; Chandra Mohan Jain, sinh ng&agrave;y 11/12/1931, tại bang Madhya Pradesh, Ấn Độ<span>&nbsp;</span><br /><br />- 1951: Học Đại học Hatkirini v&agrave; sau đ&oacute; l&agrave; Đại học Jain tại Jabalpur<span>&nbsp;</span><br /><br />- 21-13-1953: Chứng ngộ<span>&nbsp;</span><br /><br />- 1955: Tốt nghiệp khoa Triết, Đại học Jain v&agrave; lấy bằng M.A Triết tại Đại học Sagar năm 1957<span>&nbsp;</span><br /><br />- 1958: Giảng dạy triết học tại Đại học Jabalpur v&agrave; thực hiện những cuộc thuyết giảng trong cộng đồng - 1962: Th&agrave;nh lập những trung t&acirc;m Thiền đầu ti&ecirc;n ở v&ugrave;ng...</p>\n</div>','img91_1543546500.png','','','active','8','2018-11-30 11:56:00','Tac_Gia','2018-11-30 14:04:50','2018-11-30 15:25:51'),('5','Adexen Claure','1000',' Tên thật là Chandra Mohan Jain, sinh ngày 11/12/1931, tại bang Madhya Pradesh, Ấn Độ \n- 1951: Học Đại học Hatkirini và sau đó là Đại học Jain tại Jabalpur \n- 21-13-1953: Chứng ngộ ','<div class=\"text\">\n<p class=\"mb-0 descript fs_16\">- T&ecirc;n thật l&agrave; Chandra Mohan Jain, sinh ng&agrave;y 11/12/1931, tại bang Madhya Pradesh, Ấn Độ<span>&nbsp;</span><br /><br />- 1951: Học Đại học Hatkirini v&agrave; sau đ&oacute; l&agrave; Đại học Jain tại Jabalpur<span>&nbsp;</span><br /><br />- 21-13-1953: Chứng ngộ<span>&nbsp;</span><br /><br />- 1955: Tốt nghiệp khoa Triết, Đại học Jain v&agrave; lấy bằng M.A Triết tại Đại học Sagar năm 1957<span>&nbsp;</span><br /><br />- 1958: Giảng dạy triết học tại Đại học Jabalpur v&agrave; thực hiện những cuộc thuyết giảng trong cộng đồng - 1962: Th&agrave;nh lập những trung t&acirc;m Thiền đầu ti&ecirc;n ở v&ugrave;ng...</p>\n</div>','img79_1543546499.png','','','active','0','2018-11-30 11:56:00','Tac_Gia','2018-11-30 14:08:03','2018-12-01 11:08:47'),('6','Adam Clix','1000',' Tên thật là Chandra Mohan Jain, sinh ngày 11/12/1931, tại bang Madhya Pradesh, Ấn Độ \n- 1951: Học Đại học Hatkirini và sau đó là Đại học Jain tại Jabalpur \n- 21-13-1953: Chứng ngộ ','<div class=\"text\">\n<p class=\"mb-0 descript fs_16\">- T&ecirc;n thật l&agrave; Chandra Mohan Jain, sinh ng&agrave;y 11/12/1931, tại bang Madhya Pradesh, Ấn Độ<span>&nbsp;</span><br /><br />- 1951: Học Đại học Hatkirini v&agrave; sau đ&oacute; l&agrave; Đại học Jain tại Jabalpur<span>&nbsp;</span><br /><br />- 21-13-1953: Chứng ngộ<span>&nbsp;</span><br /><br />- 1955: Tốt nghiệp khoa Triết, Đại học Jain v&agrave; lấy bằng M.A Triết tại Đại học Sagar năm 1957<span>&nbsp;</span><br /><br />- 1958: Giảng dạy triết học tại Đại học Jabalpur v&agrave; thực hiện những cuộc thuyết giảng trong cộng đồng - 1962: Th&agrave;nh lập những trung t&acirc;m Thiền đầu ti&ecirc;n ở v&ugrave;ng...</p>\n</div>','img79_1543546499.png','','','active','0','2018-11-30 11:56:00','Tac_Gia','2018-11-30 14:08:28','2018-11-30 14:08:40'),('7','Lôi Cổ','1000',' Tên thật là Chandra Mohan Jain, sinh ngày 11/12/1931, tại bang Madhya Pradesh, Ấn Độ \n- 1951: Học Đại học Hatkirini và sau đó là Đại học Jain tại Jabalpur \n- 21-13-1953: Chứng ngộ ','<div class=\"text\">\n<p class=\"mb-0 descript fs_16\">- T&ecirc;n thật l&agrave; Chandra Mohan Jain, sinh ng&agrave;y 11/12/1931, tại bang Madhya Pradesh, Ấn Độ<span>&nbsp;</span><br /><br />- 1951: Học Đại học Hatkirini v&agrave; sau đ&oacute; l&agrave; Đại học Jain tại Jabalpur<span>&nbsp;</span><br /><br />- 21-13-1953: Chứng ngộ<span>&nbsp;</span><br /><br />- 1955: Tốt nghiệp khoa Triết, Đại học Jain v&agrave; lấy bằng M.A Triết tại Đại học Sagar năm 1957<span>&nbsp;</span><br /><br />- 1958: Giảng dạy triết học tại Đại học Jabalpur v&agrave; thực hiện những cuộc thuyết giảng trong cộng đồng - 1962: Th&agrave;nh lập những trung t&acirc;m Thiền đầu ti&ecirc;n ở v&ugrave;ng...</p>\n</div>','img91_1543546500.png','','','active','0','2018-11-30 11:56:00','Tac_Gia','2018-11-30 14:08:55','2018-11-30 14:09:14'),('8','Hoàng Phong','1000',' Tên thật là Chandra Mohan Jain, sinh ngày 11/12/1931, tại bang Madhya Pradesh, Ấn Độ \n- 1951: Học Đại học Hatkirini và sau đó là Đại học Jain tại Jabalpur \n- 21-13-1953: Chứng ngộ ','<div class=\"text\">\n<p class=\"mb-0 descript fs_16\">- T&ecirc;n thật l&agrave; Chandra Mohan Jain, sinh ng&agrave;y 11/12/1931, tại bang Madhya Pradesh, Ấn Độ<span>&nbsp;</span><br /><br />- 1951: Học Đại học Hatkirini v&agrave; sau đ&oacute; l&agrave; Đại học Jain tại Jabalpur<span>&nbsp;</span><br /><br />- 21-13-1953: Chứng ngộ<span>&nbsp;</span><br /><br />- 1955: Tốt nghiệp khoa Triết, Đại học Jain v&agrave; lấy bằng M.A Triết tại Đại học Sagar năm 1957<span>&nbsp;</span><br /><br />- 1958: Giảng dạy triết học tại Đại học Jabalpur v&agrave; thực hiện những cuộc thuyết giảng trong cộng đồng - 1962: Th&agrave;nh lập những trung t&acirc;m Thiền đầu ti&ecirc;n ở v&ugrave;ng...</p>\n</div>','img91_1543546500.png','','','active','10','2018-11-30 11:56:00','Tac_Gia','2018-11-30 14:10:14','2018-11-30 14:49:14'),('9','Adam Smith','1000',' Tên thật là Chandra Mohan Jain, sinh ngày 11/12/1931, tại bang Madhya Pradesh, Ấn Độ \n- 1951: Học Đại học Hatkirini và sau đó là Đại học Jain tại Jabalpur \n- 21-13-1953: Chứng ngộ ','<div class=\"text\">\n<p class=\"mb-0 descript fs_16\">- T&ecirc;n thật l&agrave; Chandra Mohan Jain, sinh ng&agrave;y 11/12/1931, tại bang Madhya Pradesh, Ấn Độ<span>&nbsp;</span><br /><br />- 1951: Học Đại học Hatkirini v&agrave; sau đ&oacute; l&agrave; Đại học Jain tại Jabalpur<span>&nbsp;</span><br /><br />- 21-13-1953: Chứng ngộ<span>&nbsp;</span><br /><br />- 1955: Tốt nghiệp khoa Triết, Đại học Jain v&agrave; lấy bằng M.A Triết tại Đại học Sagar năm 1957<span>&nbsp;</span><br /><br />- 1958: Giảng dạy triết học tại Đại học Jabalpur v&agrave; thực hiện những cuộc thuyết giảng trong cộng đồng - 1962: Th&agrave;nh lập những trung t&acirc;m Thiền đầu ti&ecirc;n ở v&ugrave;ng...</p>\n</div>','img87_1543546499.png','','','active','0','2018-11-30 11:56:00','Tac_Gia','2018-11-30 14:10:40','2018-11-30 14:10:55'),('10','Jonh Doe','1000',' Tên thật là Chandra Mohan Jain, sinh ngày 11/12/1931, tại bang Madhya Pradesh, Ấn Độ \n- 1951: Học Đại học Hatkirini và sau đó là Đại học Jain tại Jabalpur \n- 21-13-1953: Chứng ngộ ','<div class=\"text\">\n<p class=\"mb-0 descript fs_16\">- T&ecirc;n thật l&agrave; Chandra Mohan Jain, sinh ng&agrave;y 11/12/1931, tại bang Madhya Pradesh, Ấn Độ<span>&nbsp;</span><br /><br />- 1951: Học Đại học Hatkirini v&agrave; sau đ&oacute; l&agrave; Đại học Jain tại Jabalpur<span>&nbsp;</span><br /><br />- 21-13-1953: Chứng ngộ<span>&nbsp;</span><br /><br />- 1955: Tốt nghiệp khoa Triết, Đại học Jain v&agrave; lấy bằng M.A Triết tại Đại học Sagar năm 1957<span>&nbsp;</span><br /><br />- 1958: Giảng dạy triết học tại Đại học Jabalpur v&agrave; thực hiện những cuộc thuyết giảng trong cộng đồng - 1962: Th&agrave;nh lập những trung t&acirc;m Thiền đầu ti&ecirc;n ở v&ugrave;ng...</p>\n</div>','img87_1543546499.png','','','active','5','2018-11-30 11:56:00','Tac_Gia','2018-11-30 14:11:05','2018-12-01 11:03:42'),('11','Alen Haint','1000',' Tên thật là Chandra Mohan Jain, sinh ngày 11/12/1931, tại bang Madhya Pradesh, Ấn Độ \n- 1951: Học Đại học Hatkirini và sau đó là Đại học Jain tại Jabalpur \n- 21-13-1953: Chứng ngộ ','<div class=\"text\">\n<p class=\"mb-0 descript fs_16\">- T&ecirc;n thật l&agrave; Chandra Mohan Jain, sinh ng&agrave;y 11/12/1931, tại bang Madhya Pradesh, Ấn Độ<span>&nbsp;</span><br /><br />- 1951: Học Đại học Hatkirini v&agrave; sau đ&oacute; l&agrave; Đại học Jain tại Jabalpur<span>&nbsp;</span><br /><br />- 21-13-1953: Chứng ngộ<span>&nbsp;</span><br /><br />- 1955: Tốt nghiệp khoa Triết, Đại học Jain v&agrave; lấy bằng M.A Triết tại Đại học Sagar năm 1957<span>&nbsp;</span><br /><br />- 1958: Giảng dạy triết học tại Đại học Jabalpur v&agrave; thực hiện những cuộc thuyết giảng trong cộng đồng - 1962: Th&agrave;nh lập những trung t&acirc;m Thiền đầu ti&ecirc;n ở v&ugrave;ng...</p>\n</div>','img93_1543546500.png','','','active','3','2018-11-30 11:56:00','Tac_Gia','2018-11-30 14:11:27','2018-12-01 11:08:03'),('12','Amen Crish','1000',' Tên thật là Chandra Mohan Jain, sinh ngày 11/12/1931, tại bang Madhya Pradesh, Ấn Độ \n- 1951: Học Đại học Hatkirini và sau đó là Đại học Jain tại Jabalpur \n- 21-13-1953: Chứng ngộ ','<div class=\"text\">\n<p class=\"mb-0 descript fs_16\">- T&ecirc;n thật l&agrave; Chandra Mohan Jain, sinh ng&agrave;y 11/12/1931, tại bang Madhya Pradesh, Ấn Độ<span>&nbsp;</span><br /><br />- 1951: Học Đại học Hatkirini v&agrave; sau đ&oacute; l&agrave; Đại học Jain tại Jabalpur<span>&nbsp;</span><br /><br />- 21-13-1953: Chứng ngộ<span>&nbsp;</span><br /><br />- 1955: Tốt nghiệp khoa Triết, Đại học Jain v&agrave; lấy bằng M.A Triết tại Đại học Sagar năm 1957<span>&nbsp;</span><br /><br />- 1958: Giảng dạy triết học tại Đại học Jabalpur v&agrave; thực hiện những cuộc thuyết giảng trong cộng đồng - 1962: Th&agrave;nh lập những trung t&acirc;m Thiền đầu ti&ecirc;n ở v&ugrave;ng...</p>\n</div>','img93_1543546500.png','','','active','0','2018-11-30 11:56:00','Tac_Gia','2018-11-30 14:11:58','2018-12-01 11:07:54'),('13','Phasellus viverra nulla ut metus','1000','','<p>Donec pede justo, fringilla vel, aliquet nec, vulputate eget, arcu. In enim justo, rhoncus ut, imperdiet a, venenatis vitae, justo. Nullam dictum felis eu pede mollis pretium. Integer tincidunt. Cras dapibus. Vivamus elementum semper nisi. Aenean vulputate eleifend tellus. Aenean leo ligula, porttitor eu, consequat vitae, eleifend ac, enim. Aliquam lorem ante, dapibus in, viverra quis, feugiat a, tellus. Phasellus viverra nulla ut metus varius laoreet</p>\n<p>Donec pede justo, fringilla vel, aliquet nec, vulputate eget, arcu. In enim justo, rhoncus ut, imperdiet a, venenatis vitae, justo. Nullam dictum felis eu pede mollis pretium. Integer tincidunt. Cras dapibus. Phasellus viverra nulla ut metus varius laoreet. Nullam dictum felis eu pede mollis pretium.</p>\n<p><img src=\"http://demo2.laziweb.com/vanlang-html/assets/img/demo/tin-tuc/news-detail-1.png\" alt=\"\" /></p>\n<p>Donec pede justo, fringilla vel, aliquet nec, vulputate eget, arcu. In enim justo, rhoncus ut, imperdiet a, venenatis vitae, justo. Nullam dictum felis eu pede mollis pretium. Integer tincidunt. Cras dapibus. Vivamus elementum semper nisi. Aenean vulputate eleifend tellus. Aenean leo ligula, porttitor eu.</p>\n<p><img src=\"http://demo2.laziweb.com/vanlang-html/assets/img/demo/tin-tuc/news-detail-2.png\" alt=\"\" /></p>\n<p>Donec pede justo, fringilla vel, aliquet nec, vulputate eget, arcu. In enim justo, rhoncus ut, imperdiet a, venenatis vitae, justo. Nullam dictum felis eu pede mollis pretium. Integer tincidunt. Cras dapibus. Vivamus elementum semper nisi. Aenean vulputate eleifend tellus. Aenean leo ligula, porttitor eu. Donec pede justo, fringilla vel, aliquet nec, vulputate eget, arcu. In enim justo, rhoncus ut, imperdiet a, venenatis vitae, justo. Nullam dictum felis eu pede mollis pretium.</p>','news-item-5_1543546578.png','','','active','10','2018-12-01 15:02:00','','2018-12-01 15:02:24','2018-12-01 15:08:22'),('14','Phasellus viverra nulla ut metus 2','1000','','<p>Donec pede justo, fringilla vel, aliquet nec, vulputate eget, arcu. In enim justo, rhoncus ut, imperdiet a, venenatis vitae, justo. Nullam dictum felis eu pede mollis pretium. Integer tincidunt. Cras dapibus. Vivamus elementum semper nisi. Aenean vulputate eleifend tellus. Aenean leo ligula, porttitor eu, consequat vitae, eleifend ac, enim. Aliquam lorem ante, dapibus in, viverra quis, feugiat a, tellus. Phasellus viverra nulla ut metus varius laoreet</p>\n<p>Donec pede justo, fringilla vel, aliquet nec, vulputate eget, arcu. In enim justo, rhoncus ut, imperdiet a, venenatis vitae, justo. Nullam dictum felis eu pede mollis pretium. Integer tincidunt. Cras dapibus. Phasellus viverra nulla ut metus varius laoreet. Nullam dictum felis eu pede mollis pretium.</p>\n<p><img src=\"http://demo2.laziweb.com/vanlang-html/assets/img/demo/tin-tuc/news-detail-1.png\" alt=\"\" /></p>\n<p>Donec pede justo, fringilla vel, aliquet nec, vulputate eget, arcu. In enim justo, rhoncus ut, imperdiet a, venenatis vitae, justo. Nullam dictum felis eu pede mollis pretium. Integer tincidunt. Cras dapibus. Vivamus elementum semper nisi. Aenean vulputate eleifend tellus. Aenean leo ligula, porttitor eu.</p>\n<p><img src=\"http://demo2.laziweb.com/vanlang-html/assets/img/demo/tin-tuc/news-detail-2.png\" alt=\"\" /></p>\n<p>Donec pede justo, fringilla vel, aliquet nec, vulputate eget, arcu. In enim justo, rhoncus ut, imperdiet a, venenatis vitae, justo. Nullam dictum felis eu pede mollis pretium. Integer tincidunt. Cras dapibus. Vivamus elementum semper nisi. Aenean vulputate eleifend tellus. Aenean leo ligula, porttitor eu. Donec pede justo, fringilla vel, aliquet nec, vulputate eget, arcu. In enim justo, rhoncus ut, imperdiet a, venenatis vitae, justo. Nullam dictum felis eu pede mollis pretium.</p>','news-detail_thumbnail-3_1543546576.png','','','active','0','2018-12-01 15:02:00','','2018-12-01 15:02:43','2018-12-01 15:03:38'),('15','Phasellus viverra nulla ut metus 3','1000','','<p>Donec pede justo, fringilla vel, aliquet nec, vulputate eget, arcu. In enim justo, rhoncus ut, imperdiet a, venenatis vitae, justo. Nullam dictum felis eu pede mollis pretium. Integer tincidunt. Cras dapibus. Vivamus elementum semper nisi. Aenean vulputate eleifend tellus. Aenean leo ligula, porttitor eu, consequat vitae, eleifend ac, enim. Aliquam lorem ante, dapibus in, viverra quis, feugiat a, tellus. Phasellus viverra nulla ut metus varius laoreet</p>\n<p>Donec pede justo, fringilla vel, aliquet nec, vulputate eget, arcu. In enim justo, rhoncus ut, imperdiet a, venenatis vitae, justo. Nullam dictum felis eu pede mollis pretium. Integer tincidunt. Cras dapibus. Phasellus viverra nulla ut metus varius laoreet. Nullam dictum felis eu pede mollis pretium.</p>\n<p><img src=\"http://demo2.laziweb.com/vanlang-html/assets/img/demo/tin-tuc/news-detail-1.png\" alt=\"\" /></p>\n<p>Donec pede justo, fringilla vel, aliquet nec, vulputate eget, arcu. In enim justo, rhoncus ut, imperdiet a, venenatis vitae, justo. Nullam dictum felis eu pede mollis pretium. Integer tincidunt. Cras dapibus. Vivamus elementum semper nisi. Aenean vulputate eleifend tellus. Aenean leo ligula, porttitor eu.</p>\n<p><img src=\"http://demo2.laziweb.com/vanlang-html/assets/img/demo/tin-tuc/news-detail-2.png\" alt=\"\" /></p>\n<p>Donec pede justo, fringilla vel, aliquet nec, vulputate eget, arcu. In enim justo, rhoncus ut, imperdiet a, venenatis vitae, justo. Nullam dictum felis eu pede mollis pretium. Integer tincidunt. Cras dapibus. Vivamus elementum semper nisi. Aenean vulputate eleifend tellus. Aenean leo ligula, porttitor eu. Donec pede justo, fringilla vel, aliquet nec, vulputate eget, arcu. In enim justo, rhoncus ut, imperdiet a, venenatis vitae, justo. Nullam dictum felis eu pede mollis pretium.</p>','news-detail_thumbnail-1_1543546576.png','','','active','0','2018-12-01 15:02:00','','2018-12-01 15:03:47','2018-12-01 15:04:03'),('16','Phasellus viverra nulla ut metus 4','1000','','<p>Donec pede justo, fringilla vel, aliquet nec, vulputate eget, arcu. In enim justo, rhoncus ut, imperdiet a, venenatis vitae, justo. Nullam dictum felis eu pede mollis pretium. Integer tincidunt. Cras dapibus. Vivamus elementum semper nisi. Aenean vulputate eleifend tellus. Aenean leo ligula, porttitor eu, consequat vitae, eleifend ac, enim. Aliquam lorem ante, dapibus in, viverra quis, feugiat a, tellus. Phasellus viverra nulla ut metus varius laoreet</p>\n<p>Donec pede justo, fringilla vel, aliquet nec, vulputate eget, arcu. In enim justo, rhoncus ut, imperdiet a, venenatis vitae, justo. Nullam dictum felis eu pede mollis pretium. Integer tincidunt. Cras dapibus. Phasellus viverra nulla ut metus varius laoreet. Nullam dictum felis eu pede mollis pretium.</p>\n<p><img src=\"http://demo2.laziweb.com/vanlang-html/assets/img/demo/tin-tuc/news-detail-1.png\" alt=\"\" /></p>\n<p>Donec pede justo, fringilla vel, aliquet nec, vulputate eget, arcu. In enim justo, rhoncus ut, imperdiet a, venenatis vitae, justo. Nullam dictum felis eu pede mollis pretium. Integer tincidunt. Cras dapibus. Vivamus elementum semper nisi. Aenean vulputate eleifend tellus. Aenean leo ligula, porttitor eu.</p>\n<p><img src=\"http://demo2.laziweb.com/vanlang-html/assets/img/demo/tin-tuc/news-detail-2.png\" alt=\"\" /></p>\n<p>Donec pede justo, fringilla vel, aliquet nec, vulputate eget, arcu. In enim justo, rhoncus ut, imperdiet a, venenatis vitae, justo. Nullam dictum felis eu pede mollis pretium. Integer tincidunt. Cras dapibus. Vivamus elementum semper nisi. Aenean vulputate eleifend tellus. Aenean leo ligula, porttitor eu. Donec pede justo, fringilla vel, aliquet nec, vulputate eget, arcu. In enim justo, rhoncus ut, imperdiet a, venenatis vitae, justo. Nullam dictum felis eu pede mollis pretium.</p>','news-detail-1_1543546576.png','','','active','0','2018-12-01 15:02:00','','2018-12-01 15:04:17','2018-12-01 15:04:37'),('17','Phasellus viverra nulla ut metus 5','1000','','<p>Donec pede justo, fringilla vel, aliquet nec, vulputate eget, arcu. In enim justo, rhoncus ut, imperdiet a, venenatis vitae, justo. Nullam dictum felis eu pede mollis pretium. Integer tincidunt. Cras dapibus. Vivamus elementum semper nisi. Aenean vulputate eleifend tellus. Aenean leo ligula, porttitor eu, consequat vitae, eleifend ac, enim. Aliquam lorem ante, dapibus in, viverra quis, feugiat a, tellus. Phasellus viverra nulla ut metus varius laoreet</p>\n<p>Donec pede justo, fringilla vel, aliquet nec, vulputate eget, arcu. In enim justo, rhoncus ut, imperdiet a, venenatis vitae, justo. Nullam dictum felis eu pede mollis pretium. Integer tincidunt. Cras dapibus. Phasellus viverra nulla ut metus varius laoreet. Nullam dictum felis eu pede mollis pretium.</p>\n<p><img src=\"http://demo2.laziweb.com/vanlang-html/assets/img/demo/tin-tuc/news-detail-1.png\" alt=\"\" /></p>\n<p>Donec pede justo, fringilla vel, aliquet nec, vulputate eget, arcu. In enim justo, rhoncus ut, imperdiet a, venenatis vitae, justo. Nullam dictum felis eu pede mollis pretium. Integer tincidunt. Cras dapibus. Vivamus elementum semper nisi. Aenean vulputate eleifend tellus. Aenean leo ligula, porttitor eu.</p>\n<p><img src=\"http://demo2.laziweb.com/vanlang-html/assets/img/demo/tin-tuc/news-detail-2.png\" alt=\"\" /></p>\n<p>Donec pede justo, fringilla vel, aliquet nec, vulputate eget, arcu. In enim justo, rhoncus ut, imperdiet a, venenatis vitae, justo. Nullam dictum felis eu pede mollis pretium. Integer tincidunt. Cras dapibus. Vivamus elementum semper nisi. Aenean vulputate eleifend tellus. Aenean leo ligula, porttitor eu. Donec pede justo, fringilla vel, aliquet nec, vulputate eget, arcu. In enim justo, rhoncus ut, imperdiet a, venenatis vitae, justo. Nullam dictum felis eu pede mollis pretium.</p>','news-item-1_1543546576.png','','','active','0','2018-12-01 15:02:00','','2018-12-01 15:04:45','2018-12-01 15:05:13');
/*!40000 ALTER TABLE `article` ENABLE KEYS */;

DROP TABLE IF EXISTS `article_translations`;
CREATE TABLE `article_translations` (
  `id` int(10) unsigned NOT NULL AUTO_INCREMENT,
  `article_id` int(11) NOT NULL,
  `lang` varchar(255) COLLATE utf8_unicode_ci NOT NULL DEFAULT 'en',
  `title` varchar(255) COLLATE utf8_unicode_ci NOT NULL DEFAULT '',
  `description` text COLLATE utf8_unicode_ci NOT NULL,
  `content` mediumtext COLLATE utf8_unicode_ci NOT NULL,
  `created_at` timestamp NULL DEFAULT NULL,
  `updated_at` timestamp NULL DEFAULT NULL,
  PRIMARY KEY (`id`)
) ENGINE=InnoDB DEFAULT CHARSET=utf8 COLLATE=utf8_unicode_ci;

/*!40000 ALTER TABLE `article_translations` DISABLE KEYS */;
/*!40000 ALTER TABLE `article_translations` ENABLE KEYS */;

DROP TABLE IF EXISTS `attribute`;
CREATE TABLE `attribute` (
  `id` int(10) unsigned NOT NULL AUTO_INCREMENT,
  `parent_id` int(11) NOT NULL DEFAULT '-1',
  `name` varchar(255) COLLATE utf8_unicode_ci NOT NULL DEFAULT '',
  `status` tinyint(1) NOT NULL DEFAULT '1',
  `created_at` timestamp NULL DEFAULT NULL,
  `updated_at` timestamp NULL DEFAULT NULL,
  PRIMARY KEY (`id`)
) ENGINE=InnoDB AUTO_INCREMENT=17 DEFAULT CHARSET=utf8 COLLATE=utf8_unicode_ci;

/*!40000 ALTER TABLE `attribute` DISABLE KEYS */;
INSERT INTO `attribute` VALUES ('1','-2','Option 1','0','2018-11-28 10:03:32','2018-12-01 12:21:38'),('2','-2','Option 2','0','2018-11-28 10:03:32','2018-12-01 12:21:48'),('3','-2','Option 3','0','2018-11-28 10:03:32','2018-12-01 12:21:59'),('4','-2','Option 4','0','2018-11-28 10:03:32','2018-12-01 12:22:09'),('5','-2','Option 5','0','2018-11-28 10:03:32','2018-12-01 12:22:20'),('6','-2','Option 6','0','2018-11-28 10:03:32','2018-12-01 12:22:31'),('7','-1','Tác giả','1','2018-11-30 18:55:43','2018-11-30 18:55:43'),('8','7','Nguyên Phong','1','2018-11-30 18:56:02','2018-11-30 18:56:02'),('9','7','John Doe','1','2018-11-30 18:56:12','2018-11-30 18:56:12'),('10','-1','Nhà cung cấp','1','2018-12-02 19:17:33','2018-12-02 19:17:33'),('11','-1','Hình Thức','1','2018-12-02 19:17:44','2018-12-02 19:17:44'),('12','10','Kim Đồng','1','2018-12-02 19:27:11','2018-12-02 19:27:11'),('13','10','Giáo Dục','1','2018-12-02 19:27:20','2018-12-02 19:27:20'),('14','11','Bìa Cứng','1','2018-12-02 19:27:28','2018-12-02 19:27:28'),('15','11','Bìa Mềm','1','2018-12-02 19:27:37','2018-12-02 19:27:37'),('16','11','CD','1','2018-12-02 19:27:52','2018-12-02 19:27:52');
/*!40000 ALTER TABLE `attribute` ENABLE KEYS */;

DROP TABLE IF EXISTS `attribute_translations`;
CREATE TABLE `attribute_translations` (
  `id` int(10) unsigned NOT NULL AUTO_INCREMENT,
  `attribute_id` int(11) NOT NULL,
  `lang` varchar(255) COLLATE utf8_unicode_ci NOT NULL DEFAULT 'en',
  `name` varchar(255) COLLATE utf8_unicode_ci NOT NULL DEFAULT '',
  `created_at` timestamp NULL DEFAULT NULL,
  `updated_at` timestamp NULL DEFAULT NULL,
  PRIMARY KEY (`id`)
) ENGINE=InnoDB DEFAULT CHARSET=utf8 COLLATE=utf8_unicode_ci;

/*!40000 ALTER TABLE `attribute_translations` DISABLE KEYS */;
/*!40000 ALTER TABLE `attribute_translations` ENABLE KEYS */;

DROP TABLE IF EXISTS `author`;
CREATE TABLE `author` (
  `id` int(10) unsigned NOT NULL AUTO_INCREMENT,
  `name` varchar(255) COLLATE utf8_unicode_ci NOT NULL,
  `created_at` timestamp NULL DEFAULT NULL,
  `updated_at` timestamp NULL DEFAULT NULL,
  PRIMARY KEY (`id`)
) ENGINE=InnoDB DEFAULT CHARSET=utf8 COLLATE=utf8_unicode_ci;

/*!40000 ALTER TABLE `author` DISABLE KEYS */;
/*!40000 ALTER TABLE `author` ENABLE KEYS */;

DROP TABLE IF EXISTS `bank`;
CREATE TABLE `bank` (
  `id` int(10) unsigned NOT NULL AUTO_INCREMENT,
  `user_name` text COLLATE utf8_unicode_ci NOT NULL,
  `bank_name` text COLLATE utf8_unicode_ci NOT NULL,
  `bank_number` text COLLATE utf8_unicode_ci NOT NULL,
  `branch` text COLLATE utf8_unicode_ci NOT NULL,
  `note` text COLLATE utf8_unicode_ci NOT NULL,
  `status` varchar(255) COLLATE utf8_unicode_ci NOT NULL,
  `created_at` timestamp NULL DEFAULT NULL,
  `updated_at` timestamp NULL DEFAULT NULL,
  PRIMARY KEY (`id`)
) ENGINE=InnoDB AUTO_INCREMENT=4 DEFAULT CHARSET=utf8 COLLATE=utf8_unicode_ci;

/*!40000 ALTER TABLE `bank` DISABLE KEYS */;
INSERT INTO `bank` VALUES ('1','Kiều Thị Minh Phụng ','Ngân hàng TMCP Á Châu (ACB) CN TP.HCM ','136661199 ','HCM','','active','2018-12-01 15:20:42','2018-12-01 15:21:38'),('2','Nguyễn Văn A','Ngân hàng ABC','0923456789','HCM','','active','2018-12-01 15:22:10','2018-12-01 15:22:10'),('3','Nguyễn Văn B','Ngân hàng BVS','02345678','HCM','','active','2018-12-01 15:22:27','2018-12-01 15:22:27');
/*!40000 ALTER TABLE `bank` ENABLE KEYS */;

DROP TABLE IF EXISTS `blog`;
CREATE TABLE `blog` (
  `id` int(10) unsigned NOT NULL AUTO_INCREMENT,
  `title` varchar(255) COLLATE utf8_unicode_ci NOT NULL,
  `image` varchar(255) COLLATE utf8_unicode_ci NOT NULL DEFAULT '',
  `description` text COLLATE utf8_unicode_ci NOT NULL,
  `content` text COLLATE utf8_unicode_ci NOT NULL,
  `status` varchar(255) COLLATE utf8_unicode_ci NOT NULL DEFAULT '',
  `view` int(11) NOT NULL DEFAULT '0',
  `tags` text COLLATE utf8_unicode_ci NOT NULL,
  `article_tags` text COLLATE utf8_unicode_ci NOT NULL,
  `parent_id` int(11) NOT NULL DEFAULT '-1',
  `priority` int(11) NOT NULL DEFAULT '1000',
  `template` varchar(255) COLLATE utf8_unicode_ci NOT NULL DEFAULT '',
  `created_at` timestamp NULL DEFAULT NULL,
  `updated_at` timestamp NULL DEFAULT NULL,
  PRIMARY KEY (`id`)
) ENGINE=InnoDB AUTO_INCREMENT=3 DEFAULT CHARSET=utf8 COLLATE=utf8_unicode_ci;

/*!40000 ALTER TABLE `blog` DISABLE KEYS */;
INSERT INTO `blog` VALUES ('1','Tác giả','','','','active','34','','#','-1','1000','Tac-Gia','2018-11-30 11:46:00','2018-11-30 11:46:00'),('2','Tin tức','best-selling_banner_1543546522.png','DANH SÁCH TIN TỨC','','active','4','','','-1','1000','','2018-12-01 15:01:33','2018-12-01 15:10:09');
/*!40000 ALTER TABLE `blog` ENABLE KEYS */;

DROP TABLE IF EXISTS `blog_article`;
CREATE TABLE `blog_article` (
  `id` int(10) unsigned NOT NULL AUTO_INCREMENT,
  `blog_id` int(11) NOT NULL,
  `article_id` int(11) NOT NULL,
  `priority` int(11) NOT NULL DEFAULT '0',
  `created_at` timestamp NULL DEFAULT NULL,
  `updated_at` timestamp NULL DEFAULT NULL,
  PRIMARY KEY (`id`)
) ENGINE=InnoDB AUTO_INCREMENT=18 DEFAULT CHARSET=utf8 COLLATE=utf8_unicode_ci;

/*!40000 ALTER TABLE `blog_article` DISABLE KEYS */;
INSERT INTO `blog_article` VALUES ('1','1','1','0','2018-11-30 11:57:15','2018-11-30 11:57:15'),('2','1','2','0','2018-11-30 12:03:51','2018-11-30 12:03:51'),('3','1','3','0','2018-11-30 12:04:38','2018-11-30 12:04:38'),('4','1','4','0','2018-11-30 14:04:50','2018-11-30 14:04:50'),('5','1','5','0','2018-11-30 14:08:03','2018-11-30 14:08:03'),('6','1','6','0','2018-11-30 14:08:28','2018-11-30 14:08:28'),('7','1','7','0','2018-11-30 14:08:55','2018-11-30 14:08:55'),('8','1','8','0','2018-11-30 14:10:14','2018-11-30 14:10:14'),('9','1','9','0','2018-11-30 14:10:40','2018-11-30 14:10:40'),('10','1','10','0','2018-11-30 14:11:05','2018-11-30 14:11:05'),('11','1','11','0','2018-11-30 14:11:27','2018-11-30 14:11:27'),('12','1','12','0','2018-11-30 14:11:58','2018-11-30 14:11:58'),('13','2','13','0','2018-12-01 15:02:24','2018-12-01 15:02:24'),('14','2','14','0','2018-12-01 15:02:43','2018-12-01 15:02:43'),('15','2','15','0','2018-12-01 15:03:47','2018-12-01 15:03:47'),('16','2','16','0','2018-12-01 15:04:17','2018-12-01 15:04:17'),('17','2','17','0','2018-12-01 15:04:45','2018-12-01 15:04:45');
/*!40000 ALTER TABLE `blog_article` ENABLE KEYS */;

DROP TABLE IF EXISTS `blog_translations`;
CREATE TABLE `blog_translations` (
  `id` int(10) unsigned NOT NULL AUTO_INCREMENT,
  `blog_id` int(11) NOT NULL,
  `lang` varchar(255) COLLATE utf8_unicode_ci NOT NULL DEFAULT 'en',
  `title` varchar(255) COLLATE utf8_unicode_ci NOT NULL DEFAULT '',
  `description` text COLLATE utf8_unicode_ci NOT NULL,
  `content` text COLLATE utf8_unicode_ci NOT NULL,
  `created_at` timestamp NULL DEFAULT NULL,
  `updated_at` timestamp NULL DEFAULT NULL,
  PRIMARY KEY (`id`)
) ENGINE=InnoDB DEFAULT CHARSET=utf8 COLLATE=utf8_unicode_ci;

/*!40000 ALTER TABLE `blog_translations` DISABLE KEYS */;
/*!40000 ALTER TABLE `blog_translations` ENABLE KEYS */;

DROP TABLE IF EXISTS `branch`;
CREATE TABLE `branch` (
  `id` int(10) unsigned NOT NULL AUTO_INCREMENT,
  `parent_id` varchar(255) COLLATE utf8_unicode_ci NOT NULL,
  `title` varchar(255) COLLATE utf8_unicode_ci NOT NULL,
  `address` varchar(255) COLLATE utf8_unicode_ci NOT NULL,
  `lat` varchar(255) COLLATE utf8_unicode_ci NOT NULL,
  `lng` varchar(255) COLLATE utf8_unicode_ci NOT NULL,
  `status` varchar(255) COLLATE utf8_unicode_ci NOT NULL DEFAULT 'active',
  `created_at` timestamp NULL DEFAULT NULL,
  `updated_at` timestamp NULL DEFAULT NULL,
  PRIMARY KEY (`id`)
) ENGINE=InnoDB DEFAULT CHARSET=utf8 COLLATE=utf8_unicode_ci;

/*!40000 ALTER TABLE `branch` DISABLE KEYS */;
/*!40000 ALTER TABLE `branch` ENABLE KEYS */;

DROP TABLE IF EXISTS `cart`;
CREATE TABLE `cart` (
  `id` int(10) unsigned NOT NULL AUTO_INCREMENT,
  `order_id` int(11) NOT NULL DEFAULT '0',
  `variant_id` int(11) NOT NULL DEFAULT '0',
  `price` int(11) NOT NULL DEFAULT '0',
  `quantity` int(11) NOT NULL DEFAULT '0',
  `created_at` timestamp NULL DEFAULT NULL,
  `updated_at` timestamp NULL DEFAULT NULL,
  PRIMARY KEY (`id`)
) ENGINE=InnoDB AUTO_INCREMENT=19 DEFAULT CHARSET=utf8 COLLATE=utf8_unicode_ci;

/*!40000 ALTER TABLE `cart` DISABLE KEYS */;
INSERT INTO `cart` VALUES ('1','1','7','800000','1','2018-12-01 10:18:16','2018-12-01 10:18:16'),('2','2','26','900000','1','2018-12-01 14:33:15','2018-12-01 14:33:15'),('3','2','8','800000','1','2018-12-01 14:33:15','2018-12-01 14:33:15'),('4','2','20','960000','2','2018-12-01 14:33:15','2018-12-01 14:33:15'),('5','2','23','960000','1','2018-12-01 14:33:15','2018-12-01 14:33:15'),('6','2','9','800000','1','2018-12-01 14:33:15','2018-12-01 14:33:15'),('7','2','3','200000','1','2018-12-01 14:33:15','2018-12-01 14:33:15'),('8','3','8','800000','1','2018-12-01 14:34:34','2018-12-01 14:34:34'),('9','4','4','200000','2','2018-12-01 15:17:25','2018-12-01 15:17:25'),('10','4','9','800000','1','2018-12-01 15:17:25','2018-12-01 15:17:25'),('11','4','10','900000','1','2018-12-01 15:17:25','2018-12-01 15:17:25'),('12','5','10','900000','7','2018-12-01 15:24:37','2018-12-01 15:24:37'),('13','6','7','800000','1','2018-12-01 16:31:00','2018-12-01 16:31:00'),('14','7','23','960000','2','2018-12-01 16:35:15','2018-12-01 16:35:15'),('15','8','9','800000','1','2018-12-01 16:38:23','2018-12-01 16:38:23'),('16','9','23','960000','1','2018-12-01 16:58:07','2018-12-01 16:58:07'),('17','9','9','800000','4','2018-12-01 16:58:07','2018-12-01 16:58:07'),('18','10','9','800000','1','2018-12-01 17:41:54','2018-12-01 17:41:54');
/*!40000 ALTER TABLE `cart` ENABLE KEYS */;

DROP TABLE IF EXISTS `client`;
CREATE TABLE `client` (
  `id` int(10) unsigned NOT NULL AUTO_INCREMENT,
  `name` varchar(255) COLLATE utf8_unicode_ci NOT NULL,
  `address` varchar(255) COLLATE utf8_unicode_ci NOT NULL DEFAULT '',
  `phone` varchar(255) COLLATE utf8_unicode_ci NOT NULL DEFAULT '',
  `fax` varchar(255) COLLATE utf8_unicode_ci NOT NULL DEFAULT '',
  `website` varchar(255) COLLATE utf8_unicode_ci NOT NULL DEFAULT '',
  `description` text COLLATE utf8_unicode_ci NOT NULL,
  `logo` varchar(255) COLLATE utf8_unicode_ci NOT NULL DEFAULT '',
  `priority` int(11) NOT NULL DEFAULT '1000',
  `status` varchar(255) COLLATE utf8_unicode_ci NOT NULL DEFAULT 'active',
  `created_at` timestamp NULL DEFAULT NULL,
  `updated_at` timestamp NULL DEFAULT NULL,
  PRIMARY KEY (`id`)
) ENGINE=InnoDB DEFAULT CHARSET=utf8 COLLATE=utf8_unicode_ci;

/*!40000 ALTER TABLE `client` DISABLE KEYS */;
/*!40000 ALTER TABLE `client` ENABLE KEYS */;

DROP TABLE IF EXISTS `collection`;
CREATE TABLE `collection` (
  `id` int(10) unsigned NOT NULL AUTO_INCREMENT,
  `parent_id` int(11) NOT NULL DEFAULT '-1',
  `title` varchar(255) COLLATE utf8_unicode_ci NOT NULL,
  `image` varchar(255) COLLATE utf8_unicode_ci NOT NULL DEFAULT '',
  `description` text COLLATE utf8_unicode_ci NOT NULL,
  `content` text COLLATE utf8_unicode_ci NOT NULL,
  `status` varchar(255) COLLATE utf8_unicode_ci NOT NULL DEFAULT 'active',
  `view` int(11) NOT NULL DEFAULT '0',
  `tags` text COLLATE utf8_unicode_ci NOT NULL,
  `product_tags` text COLLATE utf8_unicode_ci NOT NULL,
  `template` varchar(255) COLLATE utf8_unicode_ci NOT NULL DEFAULT '',
  `created_at` timestamp NULL DEFAULT NULL,
  `updated_at` timestamp NULL DEFAULT NULL,
  PRIMARY KEY (`id`)
) ENGINE=InnoDB AUTO_INCREMENT=10 DEFAULT CHARSET=utf8 COLLATE=utf8_unicode_ci;

/*!40000 ALTER TABLE `collection` DISABLE KEYS */;
INSERT INTO `collection` VALUES ('1','-1','Daily Deals','','','','active','7','','','Daily_Deals','2018-11-30 14:24:14','2018-12-01 15:58:39'),('2','-1',' Top 100 sách bán chạy nhất','news-detail-2_1543546576.png','','','active','25','','#','Top_100','2018-11-30 15:48:56','2018-11-30 16:11:46'),('3','-1','Top sách của năm','news-detail-2_1543546576.png','TOP 100 TỰA SÁCH QUỐC VĂN THÁNG 11','','active','29','','#','Top_Nam','2018-11-30 16:06:14','2018-12-01 16:05:00'),('4','-1','Deals','product-8_1543546461.png','','','active','7','','#','Deals','2018-11-30 16:13:14','2018-11-30 16:13:58'),('5','-1','Lịch lò xo','product-5_1543546460.png','','','active','0','','','','2018-11-30 16:24:35','2018-11-30 16:24:35'),('6','-1','Lịch Bloc','product-20_1543546463.png','','','active','1','','#','','2018-11-30 16:24:52','2018-11-30 16:24:52'),('7','-1','Lịch bàn','product-13_1543546462.png','','','active','1','','','','2018-11-30 16:25:08','2018-11-30 16:25:08'),('8','-1','Sổ tay','product-3_1543546460.png','','','active','0','','','','2018-11-30 16:25:25','2018-11-30 16:25:25'),('9','-1','Sắp phát hành','','','','active','1','','#','','2018-12-01 10:44:39','2018-12-01 10:44:39');
/*!40000 ALTER TABLE `collection` ENABLE KEYS */;

DROP TABLE IF EXISTS `collection_product`;
CREATE TABLE `collection_product` (
  `id` int(10) unsigned NOT NULL AUTO_INCREMENT,
  `collection_id` int(11) NOT NULL,
  `product_id` int(11) NOT NULL,
  `priority` int(11) NOT NULL DEFAULT '0',
  `created_at` timestamp NULL DEFAULT NULL,
  `updated_at` timestamp NULL DEFAULT NULL,
  PRIMARY KEY (`id`)
) ENGINE=InnoDB AUTO_INCREMENT=109 DEFAULT CHARSET=utf8 COLLATE=utf8_unicode_ci;

/*!40000 ALTER TABLE `collection_product` DISABLE KEYS */;
INSERT INTO `collection_product` VALUES ('1','2','31','0','2018-11-30 15:57:45','2018-11-30 15:57:45'),('2','2','30','1','2018-11-30 15:57:45','2018-11-30 15:57:45'),('3','2','29','2','2018-11-30 15:57:45','2018-11-30 15:57:45'),('4','2','28','3','2018-11-30 15:57:45','2018-11-30 15:57:45'),('5','2','27','4','2018-11-30 15:57:45','2018-11-30 15:57:45'),('6','2','26','5','2018-11-30 15:57:45','2018-11-30 15:57:45'),('7','2','25','6','2018-11-30 15:57:45','2018-11-30 15:57:45'),('8','2','24','7','2018-11-30 15:57:45','2018-11-30 15:57:45'),('9','2','23','8','2018-11-30 15:57:45','2018-11-30 15:57:45'),('10','2','22','9','2018-11-30 15:57:45','2018-11-30 15:57:45'),('11','2','21','10','2018-11-30 15:57:55','2018-11-30 15:57:55'),('12','2','20','11','2018-11-30 15:57:55','2018-11-30 15:57:55'),('21','3','31','0','2018-11-30 16:14:20','2018-11-30 16:14:20'),('22','4','31','0','2018-11-30 16:14:20','2018-11-30 16:14:20'),('23','3','30','1','2018-11-30 16:14:20','2018-11-30 16:14:20'),('24','4','30','1','2018-11-30 16:14:20','2018-11-30 16:14:20'),('25','3','29','2','2018-11-30 16:14:20','2018-11-30 16:14:20'),('26','4','29','2','2018-11-30 16:14:20','2018-11-30 16:14:20'),('27','3','28','3','2018-11-30 16:14:20','2018-11-30 16:14:20'),('28','4','28','3','2018-11-30 16:14:20','2018-11-30 16:14:20'),('29','3','27','4','2018-11-30 16:14:20','2018-11-30 16:14:20'),('30','4','27','4','2018-11-30 16:14:20','2018-11-30 16:14:20'),('31','3','26','5','2018-11-30 16:14:20','2018-11-30 16:14:20'),('32','4','26','5','2018-11-30 16:14:20','2018-11-30 16:14:20'),('33','3','25','6','2018-11-30 16:14:20','2018-11-30 16:14:20'),('34','4','25','6','2018-11-30 16:14:20','2018-11-30 16:14:20'),('35','3','24','7','2018-11-30 16:14:20','2018-11-30 16:14:20'),('36','4','24','7','2018-11-30 16:14:20','2018-11-30 16:14:20'),('37','3','23','8','2018-11-30 16:14:20','2018-11-30 16:14:20'),('38','4','23','8','2018-11-30 16:14:20','2018-11-30 16:14:20'),('39','3','22','9','2018-11-30 16:14:20','2018-11-30 16:14:20'),('40','4','22','9','2018-11-30 16:14:20','2018-11-30 16:14:20'),('41','3','21','10','2018-11-30 16:14:20','2018-11-30 16:14:20'),('42','4','21','10','2018-11-30 16:14:20','2018-11-30 16:14:20'),('43','3','20','11','2018-11-30 16:14:20','2018-11-30 16:14:20'),('44','4','20','11','2018-11-30 16:14:20','2018-11-30 16:14:20'),('45','3','19','12','2018-11-30 16:14:20','2018-11-30 16:14:20'),('46','4','19','12','2018-11-30 16:14:20','2018-11-30 16:14:20'),('47','3','18','13','2018-11-30 16:14:20','2018-11-30 16:14:20'),('48','4','18','13','2018-11-30 16:14:20','2018-11-30 16:14:20'),('49','3','17','14','2018-11-30 16:14:20','2018-11-30 16:14:20'),('50','4','17','14','2018-11-30 16:14:20','2018-11-30 16:14:20'),('51','3','16','15','2018-11-30 16:14:20','2018-11-30 16:14:20'),('52','4','16','15','2018-11-30 16:14:20','2018-11-30 16:14:20'),('53','3','15','16','2018-11-30 16:14:20','2018-11-30 16:14:20'),('54','4','15','16','2018-11-30 16:14:20','2018-11-30 16:14:20'),('55','3','14','17','2018-11-30 16:14:20','2018-11-30 16:14:20'),('56','4','14','17','2018-11-30 16:14:20','2018-11-30 16:14:20'),('57','3','13','18','2018-11-30 16:14:20','2018-11-30 16:14:20'),('58','4','13','18','2018-11-30 16:14:20','2018-11-30 16:14:20'),('59','3','12','19','2018-11-30 16:14:20','2018-11-30 16:14:20'),('60','4','12','19','2018-11-30 16:14:20','2018-11-30 16:14:20'),('61','3','11','20','2018-11-30 16:14:20','2018-11-30 16:14:20'),('62','4','11','20','2018-11-30 16:14:20','2018-11-30 16:14:20'),('63','3','10','21','2018-11-30 16:14:20','2018-11-30 16:14:20'),('64','4','10','21','2018-11-30 16:14:20','2018-11-30 16:14:20'),('65','3','9','22','2018-11-30 16:14:20','2018-11-30 16:14:20'),('66','4','9','22','2018-11-30 16:14:20','2018-11-30 16:14:20'),('67','3','8','23','2018-11-30 16:14:20','2018-11-30 16:14:20'),('68','4','8','23','2018-11-30 16:14:20','2018-11-30 16:14:20'),('69','3','7','24','2018-11-30 16:14:20','2018-11-30 16:14:20'),('70','4','7','24','2018-11-30 16:14:20','2018-11-30 16:14:20'),('71','5','27','0','2018-11-30 16:25:54','2018-11-30 16:25:54'),('72','5','26','1','2018-11-30 16:25:54','2018-11-30 16:25:54'),('73','5','25','2','2018-11-30 16:25:54','2018-11-30 16:25:54'),('74','5','24','3','2018-11-30 16:25:54','2018-11-30 16:25:54'),('75','5','23','4','2018-11-30 16:25:54','2018-11-30 16:25:54'),('76','5','22','5','2018-11-30 16:25:54','2018-11-30 16:25:54'),('77','6','31','0','2018-11-30 16:26:04','2018-11-30 16:26:04'),('78','6','30','1','2018-11-30 16:26:04','2018-11-30 16:26:04'),('79','6','29','2','2018-11-30 16:26:04','2018-11-30 16:26:04'),('80','6','28','3','2018-11-30 16:26:04','2018-11-30 16:26:04'),('81','6','27','4','2018-11-30 16:26:04','2018-11-30 16:26:04'),('82','6','26','5','2018-11-30 16:26:04','2018-11-30 16:26:04'),('83','6','25','6','2018-11-30 16:26:04','2018-11-30 16:26:04'),('84','6','24','7','2018-11-30 16:26:04','2018-11-30 16:26:04'),('85','6','23','8','2018-11-30 16:26:04','2018-11-30 16:26:04'),('86','6','22','9','2018-11-30 16:26:04','2018-11-30 16:26:04'),('87','7','18','0','2018-11-30 16:26:26','2018-11-30 16:26:26'),('88','8','18','0','2018-11-30 16:26:26','2018-11-30 16:26:26'),('89','7','17','1','2018-11-30 16:26:26','2018-11-30 16:26:26'),('90','8','17','1','2018-11-30 16:26:26','2018-11-30 16:26:26'),('91','7','16','2','2018-11-30 16:26:26','2018-11-30 16:26:26'),('92','8','16','2','2018-11-30 16:26:26','2018-11-30 16:26:26'),('93','7','15','3','2018-11-30 16:26:26','2018-11-30 16:26:26'),('94','8','15','3','2018-11-30 16:26:26','2018-11-30 16:26:26'),('95','7','14','4','2018-11-30 16:26:26','2018-11-30 16:26:26'),('96','8','14','4','2018-11-30 16:26:26','2018-11-30 16:26:26'),('97','7','13','5','2018-11-30 16:26:26','2018-11-30 16:26:26'),('98','8','13','5','2018-11-30 16:26:26','2018-11-30 16:26:26'),('99','7','12','6','2018-11-30 16:26:26','2018-11-30 16:26:26'),('100','8','12','6','2018-11-30 16:26:26','2018-11-30 16:26:26'),('101','9','31','0','2018-12-01 10:45:01','2018-12-01 10:45:01'),('102','9','30','1','2018-12-01 10:45:01','2018-12-01 10:45:01'),('103','9','29','2','2018-12-01 10:45:01','2018-12-01 10:45:01'),('104','9','28','3','2018-12-01 10:45:01','2018-12-01 10:45:01'),('105','9','27','4','2018-12-01 10:45:01','2018-12-01 10:45:01'),('106','9','26','5','2018-12-01 10:45:01','2018-12-01 10:45:01'),('107','9','25','6','2018-12-01 10:45:01','2018-12-01 10:45:01'),('108','9','23','7','2018-12-01 10:45:01','2018-12-01 10:45:01');
/*!40000 ALTER TABLE `collection_product` ENABLE KEYS */;

DROP TABLE IF EXISTS `collection_translations`;
CREATE TABLE `collection_translations` (
  `id` int(10) unsigned NOT NULL AUTO_INCREMENT,
  `collection_id` int(11) NOT NULL,
  `lang` varchar(255) COLLATE utf8_unicode_ci NOT NULL DEFAULT 'en',
  `title` varchar(255) COLLATE utf8_unicode_ci NOT NULL DEFAULT '',
  `description` text COLLATE utf8_unicode_ci NOT NULL,
  `content` text COLLATE utf8_unicode_ci NOT NULL,
  `created_at` timestamp NULL DEFAULT NULL,
  `updated_at` timestamp NULL DEFAULT NULL,
  PRIMARY KEY (`id`)
) ENGINE=InnoDB DEFAULT CHARSET=utf8 COLLATE=utf8_unicode_ci;

/*!40000 ALTER TABLE `collection_translations` DISABLE KEYS */;
/*!40000 ALTER TABLE `collection_translations` ENABLE KEYS */;

DROP TABLE IF EXISTS `comment`;
CREATE TABLE `comment` (
  `id` int(10) unsigned NOT NULL AUTO_INCREMENT,
  `parent_id` int(11) NOT NULL DEFAULT '0',
  `customer_id` int(11) NOT NULL DEFAULT '0',
  `content` text COLLATE utf8_unicode_ci NOT NULL,
  `type` varchar(255) COLLATE utf8_unicode_ci NOT NULL DEFAULT 'article',
  `type_id` int(11) NOT NULL DEFAULT '0',
  `status` varchar(255) COLLATE utf8_unicode_ci NOT NULL DEFAULT 'active',
  `created_at` timestamp NULL DEFAULT NULL,
  `updated_at` timestamp NULL DEFAULT NULL,
  PRIMARY KEY (`id`)
) ENGINE=InnoDB DEFAULT CHARSET=utf8 COLLATE=utf8_unicode_ci;

/*!40000 ALTER TABLE `comment` DISABLE KEYS */;
/*!40000 ALTER TABLE `comment` ENABLE KEYS */;

DROP TABLE IF EXISTS `contact`;
CREATE TABLE `contact` (
  `id` int(10) unsigned NOT NULL AUTO_INCREMENT,
  `name` varchar(255) COLLATE utf8_unicode_ci NOT NULL DEFAULT '',
  `phone` varchar(255) COLLATE utf8_unicode_ci NOT NULL DEFAULT '',
  `email` varchar(255) COLLATE utf8_unicode_ci NOT NULL DEFAULT '',
  `content` text COLLATE utf8_unicode_ci NOT NULL,
  `read` tinyint(1) NOT NULL DEFAULT '0',
  `reply` tinyint(1) NOT NULL DEFAULT '0',
  `status` varchar(255) COLLATE utf8_unicode_ci NOT NULL DEFAULT 'active',
  `created_at` timestamp NULL DEFAULT NULL,
  `updated_at` timestamp NULL DEFAULT NULL,
  PRIMARY KEY (`id`)
) ENGINE=InnoDB DEFAULT CHARSET=utf8 COLLATE=utf8_unicode_ci;

/*!40000 ALTER TABLE `contact` DISABLE KEYS */;
/*!40000 ALTER TABLE `contact` ENABLE KEYS */;

DROP TABLE IF EXISTS `coupon`;
CREATE TABLE `coupon` (
  `id` int(10) unsigned NOT NULL AUTO_INCREMENT,
  `title` varchar(255) COLLATE utf8_unicode_ci NOT NULL,
  `description` text COLLATE utf8_unicode_ci NOT NULL,
  `code` varchar(255) COLLATE utf8_unicode_ci NOT NULL DEFAULT '',
  `type` varchar(255) COLLATE utf8_unicode_ci NOT NULL DEFAULT 'value',
  `max_value_percent` int(11) NOT NULL DEFAULT '0',
  `value` int(11) NOT NULL DEFAULT '0',
  `min_value_order` int(11) NOT NULL DEFAULT '0',
  `usage_count` int(11) NOT NULL DEFAULT '0',
  `usage_left` int(11) NOT NULL DEFAULT '0',
  `start_date` date NOT NULL DEFAULT '2018-11-28',
  `end_date` date NOT NULL DEFAULT '2018-11-28',
  `status` varchar(255) COLLATE utf8_unicode_ci NOT NULL DEFAULT 'active',
  `created_at` timestamp NULL DEFAULT NULL,
  `updated_at` timestamp NULL DEFAULT NULL,
  PRIMARY KEY (`id`)
) ENGINE=InnoDB DEFAULT CHARSET=utf8 COLLATE=utf8_unicode_ci;

/*!40000 ALTER TABLE `coupon` DISABLE KEYS */;
/*!40000 ALTER TABLE `coupon` ENABLE KEYS */;

DROP TABLE IF EXISTS `customer`;
CREATE TABLE `customer` (
  `id` int(10) unsigned NOT NULL AUTO_INCREMENT,
  `name` varchar(255) COLLATE utf8_unicode_ci NOT NULL,
  `email` varchar(255) COLLATE utf8_unicode_ci NOT NULL DEFAULT '',
  `username` varchar(255) COLLATE utf8_unicode_ci NOT NULL DEFAULT '',
  `phone` varchar(255) COLLATE utf8_unicode_ci NOT NULL DEFAULT '',
  `password` varchar(255) COLLATE utf8_unicode_ci NOT NULL DEFAULT '',
  `address` varchar(255) COLLATE utf8_unicode_ci NOT NULL DEFAULT '',
  `region` int(11) NOT NULL DEFAULT '0',
  `subregion` int(11) NOT NULL DEFAULT '0',
  `random` varchar(255) COLLATE utf8_unicode_ci NOT NULL DEFAULT '',
  `gender` varchar(255) COLLATE utf8_unicode_ci NOT NULL DEFAULT '',
  `avatar` text COLLATE utf8_unicode_ci NOT NULL,
  `company` varchar(255) COLLATE utf8_unicode_ci NOT NULL DEFAULT '',
  `member_type` varchar(255) COLLATE utf8_unicode_ci NOT NULL DEFAULT '',
  `birthday` date NOT NULL DEFAULT '2018-11-28',
  `created_at` timestamp NULL DEFAULT NULL,
  `updated_at` timestamp NULL DEFAULT NULL,
  `ref_id` int(11) DEFAULT '0',
  PRIMARY KEY (`id`)
) ENGINE=InnoDB AUTO_INCREMENT=100008 DEFAULT CHARSET=utf8 COLLATE=utf8_unicode_ci;

/*!40000 ALTER TABLE `customer` DISABLE KEYS */;
INSERT INTO `customer` VALUES ('100000','Trần Vĩ Hà','ashley.opeia@gmail.com','','','$2y$10$.F4xenTggb4dyRh5Xwpnse.NEiJYUPhsHRhouoOnQ2e9Vpx93eUz.','','0','0','','','','','','2018-11-28','2018-11-30 16:35:15','2018-11-30 16:35:15','0'),('100001','Lê Minh Truyền','leminhtruyen1303@gmail.com','','','','','0','0','','','','','','2018-11-28','2018-12-01 01:07:47','2018-12-01 01:07:47','0'),('100002','Hà','test@gmail.com','','','$2y$10$ihNEYAHr4wXvAVNk4ttQY.4za/C/CKdmwvo/92QgKJg967E7/W.De','','0','0','gPHDZNqNMyp3eE3vaXtZKP6K5bC01C8OD9l9hSI1EBHi9rZc9y','','','','Thành viên','2000-07-29','2018-12-01 14:11:39','2018-12-01 14:11:39','0'),('100003','ha','jjjj@gmail.com','','0234555666','','124 tres','171','517','ORCMJlTHLO9LNLWj4LvNu9bO7n3lasFsEKQWRpi7CIMPSnLv5h','','','','Thành viên','2018-12-01','2018-12-01 14:34:34','2018-12-01 14:34:34','0'),('100004','Trần Hà','test1@gmail.com','','','$2y$10$5V72kt0j1wmNnOJ7QYDJt.aBo0Dy56BvF3bI7yj8S1o2KGMG3a1xW','','0','0','iQjugioIiP2GiAt570mm2L9eAyxrmA87mnkUVgcdrOIgRTADmN','Nam','','','Thành viên','2000-07-29','2018-12-01 14:35:58','2018-12-01 15:52:27','0'),('100005','Hà 2','test2@gmail.com','','','$2y$10$pqJpT3NWU.0qlaXALXW/J.0zz/Xj7vqWJQdC0i.WdByXFBOP/9TTG','','0','0','VnNnDugjlCQQXyvpUxr0zpKOwLiuJhxn9un4ZLBDr9FUfWwLzj','','','','Thành viên','2000-07-29','2018-12-01 16:18:49','2018-12-01 16:18:49','100000'),('100006','ha 3','test3@gmail.com','','','$2y$10$hVLHpdVZd/.bzyziwfE9AurkvfVbuFU1sbgiN7iaM.lentTQ6Jbn6','','0','0','tRVfM25q27nIDTToZuSfPbTCH1tduCEyxEY68T7kdKfcMCgtBw','','','','Thành viên','2000-07-29','2018-12-01 16:33:56','2018-12-01 16:33:56','100000'),('100007','Hà','test4@gmail.com','','','$2y$10$BPJ.yvYLuji2UwgigZRnPu1tmjhTt3uvkn0/KgZzkIcs4JvGGSskm','','0','0','7AEhlwZbNfMC0aoQ0tayjGuqm5rMiK7Yj2P0ZquUwuJxXr6eg6','','','','Thành viên','2000-07-29','2018-12-01 16:37:40','2018-12-01 16:37:40','0');
/*!40000 ALTER TABLE `customer` ENABLE KEYS */;

DROP TABLE IF EXISTS `customer_address`;
CREATE TABLE `customer_address` (
  `id` int(10) unsigned NOT NULL AUTO_INCREMENT,
  `customer_id` int(11) NOT NULL,
  `name` varchar(255) COLLATE utf8_unicode_ci NOT NULL,
  `email` varchar(255) COLLATE utf8_unicode_ci NOT NULL DEFAULT '',
  `phone` varchar(255) COLLATE utf8_unicode_ci NOT NULL DEFAULT '',
  `address` varchar(255) COLLATE utf8_unicode_ci NOT NULL DEFAULT '',
  `ward` varchar(255) COLLATE utf8_unicode_ci NOT NULL DEFAULT '',
  `default_shipping` tinyint(1) NOT NULL DEFAULT '0',
  `default_billing` tinyint(1) NOT NULL DEFAULT '0',
  `region` int(11) NOT NULL,
  `subregion` int(11) NOT NULL,
  `created_at` timestamp NULL DEFAULT NULL,
  `updated_at` timestamp NULL DEFAULT NULL,
  PRIMARY KEY (`id`)
) ENGINE=InnoDB AUTO_INCREMENT=12 DEFAULT CHARSET=utf8 COLLATE=utf8_unicode_ci;

/*!40000 ALTER TABLE `customer_address` DISABLE KEYS */;
INSERT INTO `customer_address` VALUES ('2','100000','Trần Vĩ Hà','','0986555666','134 Tô Hiến Thành','','0','0','171','517','2018-12-01 14:30:12','2018-12-01 14:30:12'),('3','100000','Thảo Quang','','0134678900','123 Vĩnh Ký','','0','0','137','140','2018-12-01 14:31:21','2018-12-01 14:31:21'),('4','100000','Trần Hà','','0134678900','123','','1','0','184','641','2018-12-01 14:33:15','2018-12-01 16:00:15'),('5','100002','Hà Test','test@gmail.com','0987666555','123 Tô Hiến Thành','','0','0','126','38','2018-12-01 15:17:25','2018-12-01 15:17:25'),('7','100002','Trần Hà','','0234567899','vhabdjad','','0','1','137','144','2018-12-01 15:37:53','2018-12-01 15:37:53'),('8','100005','ha test 2','test2@gmail.com','0666777888','123 Nguyễn Kiệm','','0','0','179','602','2018-12-01 16:31:00','2018-12-01 16:31:00'),('9','100006','ha3','test3@gmail.com','0888999666','fghgjh','','0','0','171','516','2018-12-01 16:35:15','2018-12-01 16:35:15'),('10','100007','ha4','test4@gmail.com','0888888888','gvkhk','','0','0','171','517','2018-12-01 16:38:23','2018-12-01 16:38:23'),('11','100002','Trần','test@gmail.com','0234567899','vhabdjad','','0','0','137','144','2018-12-01 16:58:07','2018-12-01 16:58:07');
/*!40000 ALTER TABLE `customer_address` ENABLE KEYS */;

DROP TABLE IF EXISTS `customer_review`;
CREATE TABLE `customer_review` (
  `id` int(10) unsigned NOT NULL AUTO_INCREMENT,
  `customer_id` int(11) NOT NULL,
  `review_id` int(11) NOT NULL,
  `like` tinyint(1) NOT NULL DEFAULT '0',
  `dislike` tinyint(1) NOT NULL DEFAULT '0',
  `created_at` timestamp NULL DEFAULT NULL,
  `updated_at` timestamp NULL DEFAULT NULL,
  PRIMARY KEY (`id`)
) ENGINE=InnoDB AUTO_INCREMENT=3 DEFAULT CHARSET=utf8 COLLATE=utf8_unicode_ci;

/*!40000 ALTER TABLE `customer_review` DISABLE KEYS */;
INSERT INTO `customer_review` VALUES ('1','100007','1','1','0','2018-12-01 17:43:11','2018-12-01 17:43:11'),('2','100002','2','0','0','2018-12-01 17:54:46','2018-12-01 17:54:46');
/*!40000 ALTER TABLE `customer_review` ENABLE KEYS */;

DROP TABLE IF EXISTS `gallery`;
CREATE TABLE `gallery` (
  `id` int(10) unsigned NOT NULL AUTO_INCREMENT,
  `parent_id` int(11) NOT NULL DEFAULT '-1',
  `title` varchar(255) COLLATE utf8_unicode_ci NOT NULL,
  `description` text COLLATE utf8_unicode_ci NOT NULL,
  `status` varchar(255) COLLATE utf8_unicode_ci NOT NULL DEFAULT 'active',
  `template` varchar(255) COLLATE utf8_unicode_ci NOT NULL DEFAULT '',
  `created_at` timestamp NULL DEFAULT NULL,
  `updated_at` timestamp NULL DEFAULT NULL,
  PRIMARY KEY (`id`)
) ENGINE=InnoDB AUTO_INCREMENT=3 DEFAULT CHARSET=utf8 COLLATE=utf8_unicode_ci;

/*!40000 ALTER TABLE `gallery` DISABLE KEYS */;
INSERT INTO `gallery` VALUES ('1','-1','Home slider','','active','','2018-11-30 10:02:20','2018-11-30 10:02:20'),('2','-1','Nhà cung cấp','','active','','2018-12-01 14:52:08','2018-12-01 14:52:08');
/*!40000 ALTER TABLE `gallery` ENABLE KEYS */;

DROP TABLE IF EXISTS `gallery_translations`;
CREATE TABLE `gallery_translations` (
  `id` int(10) unsigned NOT NULL AUTO_INCREMENT,
  `gallery_id` int(11) NOT NULL,
  `lang` varchar(255) COLLATE utf8_unicode_ci NOT NULL DEFAULT 'en',
  `title` varchar(255) COLLATE utf8_unicode_ci NOT NULL DEFAULT '',
  `description` text COLLATE utf8_unicode_ci NOT NULL,
  `created_at` timestamp NULL DEFAULT NULL,
  `updated_at` timestamp NULL DEFAULT NULL,
  PRIMARY KEY (`id`)
) ENGINE=InnoDB DEFAULT CHARSET=utf8 COLLATE=utf8_unicode_ci;

/*!40000 ALTER TABLE `gallery_translations` DISABLE KEYS */;
/*!40000 ALTER TABLE `gallery_translations` ENABLE KEYS */;

DROP TABLE IF EXISTS `history`;
CREATE TABLE `history` (
  `id` int(10) unsigned NOT NULL AUTO_INCREMENT,
  `user_id` int(11) NOT NULL DEFAULT '1',
  `user_name` varchar(255) COLLATE utf8_unicode_ci NOT NULL DEFAULT 'Admin',
  `user_type` varchar(255) COLLATE utf8_unicode_ci NOT NULL DEFAULT 'admin',
  `action` varchar(255) COLLATE utf8_unicode_ci NOT NULL DEFAULT '',
  `type` varchar(255) COLLATE utf8_unicode_ci NOT NULL,
  `type_id` int(11) NOT NULL DEFAULT '1',
  `type_title` varchar(255) COLLATE utf8_unicode_ci NOT NULL DEFAULT 'default',
  `created_at` timestamp NULL DEFAULT NULL,
  `updated_at` timestamp NULL DEFAULT NULL,
  PRIMARY KEY (`id`)
) ENGINE=InnoDB AUTO_INCREMENT=316 DEFAULT CHARSET=utf8 COLLATE=utf8_unicode_ci;

/*!40000 ALTER TABLE `history` DISABLE KEYS */;
INSERT INTO `history` VALUES ('1','2','Admin','admin','create','product','1','cuong test','2018-11-28 15:17:55','2018-11-28 15:17:55'),('2','2','Admin','admin','update','product','1','cuong test','2018-11-28 15:24:24','2018-11-28 15:24:24'),('3','2','Admin','admin','update','product','1','cuong test','2018-11-28 15:24:31','2018-11-28 15:24:31'),('4','2','Admin','admin','update','product','1','cuong test','2018-11-28 15:24:42','2018-11-28 15:24:42'),('5','1','Super Admin','admin','login','user','0','','2018-11-28 15:53:45','2018-11-28 15:53:45'),('6','1','Super Admin','admin','login','user','0','','2018-11-30 09:19:45','2018-11-30 09:19:45'),('7','1','Super Admin','admin','login','user','0','','2018-11-30 09:48:26','2018-11-30 09:48:26'),('8','1','Super Admin','admin','update','setting','0','Update Setting','2018-11-30 09:57:10','2018-11-30 09:57:10'),('9','1','Super Admin','admin','update','setting','0','Update Setting','2018-11-30 09:57:19','2018-11-30 09:57:19'),('10','1','Super Admin','admin','update','setting','0','Update Setting','2018-11-30 09:58:49','2018-11-30 09:58:49'),('11','1','Super Admin','admin','update','setting','0','Update Setting','2018-11-30 10:01:04','2018-11-30 10:01:04'),('12','1','Super Admin','admin','create','gallery','1','Home slider','2018-11-30 10:02:20','2018-11-30 10:02:20'),('13','1','Super Admin','admin','update','setting','0','Update Setting','2018-11-30 10:03:23','2018-11-30 10:03:23'),('14','1','Super Admin','admin','update','setting','0','Update Setting','2018-11-30 10:06:57','2018-11-30 10:06:57'),('15','1','Super Admin','admin','update','setting','0','Update Setting','2018-11-30 10:11:42','2018-11-30 10:11:42'),('16','1','Super Admin','admin','update','setting','0','Update Setting','2018-11-30 10:12:18','2018-11-30 10:12:18'),('17','1','Super Admin','admin','update','setting','0','Update Setting','2018-11-30 10:12:56','2018-11-30 10:12:56'),('18','1','Super Admin','admin','update','setting','0','Update Setting','2018-11-30 10:15:53','2018-11-30 10:15:53'),('19','1','Super Admin','admin','update','setting','0','Update Setting','2018-11-30 10:18:22','2018-11-30 10:18:22'),('20','1','Super Admin','admin','update','setting','0','Update Setting','2018-11-30 10:19:18','2018-11-30 10:19:18'),('21','1','Super Admin','admin','create','menu','1','Footer menu 1','2018-11-30 10:20:52','2018-11-30 10:20:52'),('22','1','Super Admin','admin','create','menu','2','footer menu 2','2018-11-30 10:21:02','2018-11-30 10:21:02'),('23','1','Super Admin','admin','create','menu','3','Câu hỏi thường gặp','2018-11-30 10:21:25','2018-11-30 10:21:25'),('24','1','Super Admin','admin','create','menu','4','Hướng dẫn đặt hàng','2018-11-30 10:21:42','2018-11-30 10:21:42'),('25','1','Super Admin','admin','create','menu','5','Chính sách đổi trả','2018-11-30 10:22:05','2018-11-30 10:22:05'),('26','1','Super Admin','admin','create','menu','6','Phương thức vận chuyển','2018-11-30 10:22:16','2018-11-30 10:22:16'),('27','1','Super Admin','admin','create','menu','7','Giới thiệu online.vanlang.com','2018-11-30 10:22:57','2018-11-30 10:22:57'),('28','1','Super Admin','admin','create','menu','8','Tuyển dụng','2018-11-30 10:23:07','2018-11-30 10:23:07'),('29','1','Super Admin','admin','create','menu','9','Liên hệ','2018-11-30 10:23:15','2018-11-30 10:23:15'),('30','1','Super Admin','admin','update','menu','2','footer menu 2','2018-11-30 10:23:18','2018-11-30 10:23:18'),('31','1','Super Admin','admin','create','page','1','GIỚI THIỆU NHÀ SÁCH VĂN LANG','2018-11-30 10:38:20','2018-11-30 10:38:20'),('32','1','Super Admin','admin','update','page','1','GIỚI THIỆU ','2018-11-30 10:38:52','2018-11-30 10:38:52'),('33','1','Super Admin','admin','update','page','1','GIỚI THIỆU ','2018-11-30 10:39:31','2018-11-30 10:39:31'),('34','1','Super Admin','admin','update','page','1','GIỚI THIỆU ','2018-11-30 10:39:52','2018-11-30 10:39:52'),('35','1','Super Admin','admin','create','page','2','CHÍNH SÁCH KHÁCH MUA SỈ','2018-11-30 10:41:52','2018-11-30 10:41:52'),('36','1','Super Admin','admin','update','page','2','CHÍNH SÁCH KHÁCH MUA SỈ','2018-11-30 10:42:10','2018-11-30 10:42:10'),('37','1','Super Admin','admin','update','page','2','CHÍNH SÁCH KHÁCH MUA SỈ','2018-11-30 10:42:24','2018-11-30 10:42:24'),('38','1','Super Admin','admin','create','page','3','PHƯƠNG THỨC THANH TOÁN','2018-11-30 10:43:43','2018-11-30 10:43:43'),('39','1','Super Admin','admin','update','page','3','PHƯƠNG THỨC THANH TOÁN','2018-11-30 10:59:01','2018-11-30 10:59:01'),('40','1','Super Admin','admin','update','page','3','PHƯƠNG THỨC THANH TOÁN','2018-11-30 10:59:53','2018-11-30 10:59:53'),('41','1','Super Admin','admin','update','page','3','PHƯƠNG THỨC THANH TOÁN','2018-11-30 11:00:23','2018-11-30 11:00:23'),('42','1','Super Admin','admin','update','page','3','PHƯƠNG THỨC THANH TOÁN','2018-11-30 11:00:46','2018-11-30 11:00:46'),('43','1','Super Admin','admin','update','page','3','PHƯƠNG THỨC THANH TOÁN','2018-11-30 11:05:38','2018-11-30 11:05:38'),('44','1','Super Admin','admin','update','page','3','PHƯƠNG THỨC THANH TOÁN','2018-11-30 11:06:18','2018-11-30 11:06:18'),('45','1','Super Admin','admin','update','page','3','PHƯƠNG THỨC THANH TOÁN','2018-11-30 11:06:37','2018-11-30 11:06:37'),('46','1','Super Admin','admin','create','page','4','Phương thức vận chuyển','2018-11-30 11:07:28','2018-11-30 11:07:28'),('47','1','Super Admin','admin','update','page','4','Phương thức vận chuyển','2018-11-30 11:07:37','2018-11-30 11:07:37'),('48','1','Super Admin','admin','update','setting','0','Update Setting','2018-11-30 11:10:35','2018-11-30 11:10:35'),('49','1','Super Admin','admin','login','user','0','','2018-11-30 11:20:34','2018-11-30 11:20:34'),('50','1','Super Admin','admin','update','menu','4','Hướng dẫn đặt hàng','2018-11-30 11:21:04','2018-11-30 11:21:04'),('51','1','Super Admin','admin','update','menu','5','Chính sách đổi trả','2018-11-30 11:21:19','2018-11-30 11:21:19'),('52','1','Super Admin','admin','update','menu','6','Phương thức vận chuyển','2018-11-30 11:21:31','2018-11-30 11:21:31'),('53','1','Super Admin','admin','update','menu','9','Liên hệ','2018-11-30 11:21:45','2018-11-30 11:21:45'),('54','1','Super Admin','admin','update','menu','9','Liên hệ','2018-11-30 11:21:45','2018-11-30 11:21:45'),('55','1','Super Admin','admin','update','menu','8','Tuyển dụng','2018-11-30 11:22:08','2018-11-30 11:22:08'),('56','1','Super Admin','admin','update','menu','7','Giới thiệu online.vanlang.com','2018-11-30 11:22:20','2018-11-30 11:22:20'),('57','1','Super Admin','admin','update','menu','2','footer menu 2','2018-11-30 11:22:24','2018-11-30 11:22:24'),('58','1','Super Admin','admin','login','user','0','','2018-11-30 11:23:00','2018-11-30 11:23:00'),('59','1','Super Admin','admin','login','user','0','','2018-11-30 11:23:01','2018-11-30 11:23:01'),('60','1','Super Admin','admin','create','blog','1','Tác giả','2018-11-30 11:46:00','2018-11-30 11:46:00'),('61','1','Super Admin','admin','create','article','1','Tác giả Osho','2018-11-30 11:56:21','2018-11-30 11:56:21'),('62','1','Super Admin','admin','update','article','1','Tác giả Osho','2018-11-30 11:57:15','2018-11-30 11:57:15'),('63','1','Super Admin','admin','update','article','1','Tác giả Osho','2018-11-30 11:57:24','2018-11-30 11:57:24'),('64','1','Super Admin','admin','update','article','1','Tác giả Osho','2018-11-30 12:00:15','2018-11-30 12:00:15'),('65','1','Super Admin','admin','update','article','1','Osho','2018-11-30 12:00:34','2018-11-30 12:00:34'),('66','1','Super Admin','admin','create','article','2','Nguyên Phong','2018-11-30 12:03:51','2018-11-30 12:03:51'),('67','1','Super Admin','admin','update','article','2','Nguyên Phong','2018-11-30 12:04:23','2018-11-30 12:04:23'),('68','1','Super Admin','admin','create','article','3','Doãn Cường','2018-11-30 12:04:38','2018-11-30 12:04:38'),('69','1','Super Admin','admin','update','article','3','Doãn Cường','2018-11-30 12:05:01','2018-11-30 12:05:01'),('70','1','Super Admin','admin','update','article','3','Doãn Cường','2018-11-30 14:02:17','2018-11-30 14:02:17'),('71','1','Super Admin','admin','create','article','4','Ân Thiên','2018-11-30 14:04:50','2018-11-30 14:04:50'),('72','1','Super Admin','admin','update','setting','0','Update Setting','2018-11-30 14:05:12','2018-11-30 14:05:12'),('73','1','Super Admin','admin','update','article','4','Ân Thiên','2018-11-30 14:05:48','2018-11-30 14:05:48'),('74','1','Super Admin','admin','update','article','3','Doãn Cường','2018-11-30 14:07:07','2018-11-30 14:07:07'),('75','1','Super Admin','admin','update','article','2','Nguyên Phong','2018-11-30 14:07:14','2018-11-30 14:07:14'),('76','1','Super Admin','admin','update','article','1','Osho','2018-11-30 14:07:22','2018-11-30 14:07:22'),('77','1','Super Admin','admin','update','article','1','Osho','2018-11-30 14:07:28','2018-11-30 14:07:28'),('78','1','Super Admin','admin','create','article','5','Adexen Claure','2018-11-30 14:08:03','2018-11-30 14:08:03'),('79','1','Super Admin','admin','update','article','5','Adexen Claure','2018-11-30 14:08:17','2018-11-30 14:08:17'),('80','1','Super Admin','admin','create','article','6','Adam Clix','2018-11-30 14:08:28','2018-11-30 14:08:28'),('81','1','Super Admin','admin','update','article','6','Adam Clix','2018-11-30 14:08:40','2018-11-30 14:08:40'),('82','1','Super Admin','admin','create','article','7','Lôi Cổ','2018-11-30 14:08:55','2018-11-30 14:08:55'),('83','1','Super Admin','admin','update','article','7','Lôi Cổ','2018-11-30 14:09:14','2018-11-30 14:09:14'),('84','1','Super Admin','admin','create','article','8','Hoàng Phong','2018-11-30 14:10:14','2018-11-30 14:10:14'),('85','1','Super Admin','admin','update','article','8','Hoàng Phong','2018-11-30 14:10:26','2018-11-30 14:10:26'),('86','1','Super Admin','admin','create','article','9','Adam Smith','2018-11-30 14:10:40','2018-11-30 14:10:40'),('87','1','Super Admin','admin','update','article','9','Adam Smith','2018-11-30 14:10:55','2018-11-30 14:10:55'),('88','1','Super Admin','admin','create','article','10','Jonh Doe','2018-11-30 14:11:05','2018-11-30 14:11:05'),('89','1','Super Admin','admin','update','article','10','Jonh Doe','2018-11-30 14:11:13','2018-11-30 14:11:13'),('90','1','Super Admin','admin','create','article','11','Alen Haint','2018-11-30 14:11:27','2018-11-30 14:11:27'),('91','1','Super Admin','admin','update','article','11','Alen Haint','2018-11-30 14:11:42','2018-11-30 14:11:42'),('92','1','Super Admin','admin','create','article','12','Amen Crish','2018-11-30 14:11:58','2018-11-30 14:11:58'),('93','1','Super Admin','admin','update','article','12','Amen Crish','2018-11-30 14:12:06','2018-11-30 14:12:06'),('94','1','Super Admin','admin','update','setting','0','Update Setting','2018-11-30 14:18:06','2018-11-30 14:18:06'),('95','1','Super Admin','admin','update','setting','0','Update Setting','2018-11-30 14:20:30','2018-11-30 14:20:30'),('96','1','Super Admin','admin','create','collection','1','Daily Deals','2018-11-30 14:24:14','2018-11-30 14:24:14'),('97','1','Super Admin','admin','create','product','2','Curabitur ullamcorper ultricies nisi','2018-11-30 14:29:52','2018-11-30 14:29:52'),('98','1','Super Admin','admin','update','product','2','Curabitur ullamcorper ultricies nisi','2018-11-30 14:30:25','2018-11-30 14:30:25'),('99','1','Super Admin','admin','update','product','2','Curabitur ullamcorper ultricies nisi','2018-11-30 14:31:08','2018-11-30 14:31:08'),('100','1','Super Admin','admin','update','product','2','Curabitur ullamcorper ultricies nisi','2018-11-30 14:34:02','2018-11-30 14:34:02'),('101','1','Super Admin','admin','update','collection','1','Daily Deals','2018-11-30 14:34:23','2018-11-30 14:34:23'),('102','1','Super Admin','admin','update','product','2','Curabitur ullamcorper ultricies nisi','2018-11-30 14:34:51','2018-11-30 14:34:51'),('103','1','Super Admin','admin','update','setting','0','Update Setting','2018-11-30 14:36:07','2018-11-30 14:36:07'),('104','1','Super Admin','admin','update','setting','0','Update Setting','2018-11-30 14:36:25','2018-11-30 14:36:25'),('105','1','Super Admin','admin','update','setting','0','Update Setting','2018-11-30 14:38:02','2018-11-30 14:38:02'),('106','1','Super Admin','admin','delete','product','1','cuong test','2018-11-30 14:41:04','2018-11-30 14:41:04'),('107','1','Super Admin','admin','create','product','3','Lorem Ipsum Dolor Sit Amet Co 1','2018-11-30 14:42:42','2018-11-30 14:42:42'),('108','1','Super Admin','admin','update','product','3','Lorem Ipsum Dolor Sit Amet Co 1','2018-11-30 14:43:07','2018-11-30 14:43:07'),('109','1','Super Admin','admin','create','product','4',' Lorem Ipsum Dolor Sit Amet Co 2','2018-11-30 14:43:20','2018-11-30 14:43:20'),('110','1','Super Admin','admin','update','product','4',' Lorem Ipsum Dolor Sit Amet Co 2','2018-11-30 14:43:34','2018-11-30 14:43:34'),('111','1','Super Admin','admin','create','product','5','Lorem Ipsum Dolor Sit Amet Co 3','2018-11-30 14:43:50','2018-11-30 14:43:50'),('112','1','Super Admin','admin','update','product','5','Lorem Ipsum Dolor Sit Amet Co 3','2018-11-30 14:44:14','2018-11-30 14:44:14'),('113','1','Super Admin','admin','create','product','6',' Lorem Ipsum Dolor Sit Amet Co 4','2018-11-30 14:44:25','2018-11-30 14:44:25'),('114','1','Super Admin','admin','update','product','6',' Lorem Ipsum Dolor Sit Amet Co 4','2018-11-30 14:44:46','2018-11-30 14:44:46'),('115','1','Super Admin','admin','create','product','7',' Lorem Ipsum Dolor Sit Amet Co 5','2018-11-30 14:44:56','2018-11-30 14:44:56'),('116','1','Super Admin','admin','update','product','7',' Lorem Ipsum Dolor Sit Amet Co 5','2018-11-30 14:45:21','2018-11-30 14:45:21'),('117','1','Super Admin','admin','create','product','8','Lorem Ipsum Dolor Sit Amet Co 6','2018-11-30 14:45:33','2018-11-30 14:45:33'),('118','1','Super Admin','admin','update','product','8','Lorem Ipsum Dolor Sit Amet Co 6','2018-11-30 14:45:48','2018-11-30 14:45:48'),('119','1','Super Admin','admin','create','product','9','Lorem Ipsum Dolor Sit Amet Co 7','2018-11-30 14:46:00','2018-11-30 14:46:00'),('120','1','Super Admin','admin','update','product','9','Lorem Ipsum Dolor Sit Amet Co 7','2018-11-30 14:46:17','2018-11-30 14:46:17'),('121','1','Super Admin','admin','create','product','10',' Lorem Ipsum Dolor Sit Amet Co 8','2018-11-30 14:46:30','2018-11-30 14:46:30'),('122','1','Super Admin','admin','update','product','10',' Lorem Ipsum Dolor Sit Amet Co 8','2018-11-30 14:46:50','2018-11-30 14:46:50'),('123','1','Super Admin','admin','create','product','11','Lorem Ipsum Dolor Sit Amet Co 9','2018-11-30 14:47:02','2018-11-30 14:47:02'),('124','1','Super Admin','admin','update','product','11','Lorem Ipsum Dolor Sit Amet Co 9','2018-11-30 14:47:24','2018-11-30 14:47:24'),('125','1','Super Admin','admin','create','product','12','Lorem Ipsum Dolor Sit Amet Co 10','2018-11-30 14:47:36','2018-11-30 14:47:36'),('126','1','Super Admin','admin','update','product','12','Lorem Ipsum Dolor Sit Amet Co 10','2018-11-30 14:47:58','2018-11-30 14:47:58'),('127','1','Super Admin','admin','update','article','8','Hoàng Phong','2018-11-30 14:49:14','2018-11-30 14:49:14'),('128','1','Super Admin','admin','create','product','13',' Lorem Ipsum Dolor Sit Amet Co 11','2018-11-30 14:55:23','2018-11-30 14:55:23'),('129','1','Super Admin','admin','update','product','13',' Lorem Ipsum Dolor Sit Amet Co 11','2018-11-30 14:55:59','2018-11-30 14:55:59'),('130','1','Super Admin','admin','create','product','14','Lorem Ipsum Dolor Sit Amet Co 12','2018-11-30 14:56:11','2018-11-30 14:56:11'),('131','1','Super Admin','admin','update','product','14','Lorem Ipsum Dolor Sit Amet Co 12','2018-11-30 14:56:32','2018-11-30 14:56:32'),('132','1','Super Admin','admin','create','product','15','Lorem Ipsum Dolor Sit Amet Co 13','2018-11-30 14:56:56','2018-11-30 14:56:56'),('133','1','Super Admin','admin','update','product','15','Lorem Ipsum Dolor Sit Amet Co 13','2018-11-30 14:58:52','2018-11-30 14:58:52'),('134','1','Super Admin','admin','create','product','16','Lorem Ipsum Dolor Sit Amet Co 14','2018-11-30 14:59:03','2018-11-30 14:59:03'),('135','1','Super Admin','admin','update','product','16','Lorem Ipsum Dolor Sit Amet Co 14','2018-11-30 14:59:29','2018-11-30 14:59:29'),('136','1','Super Admin','admin','create','product','17',' Lorem Ipsum Dolor Sit Amet Co 15','2018-11-30 14:59:42','2018-11-30 14:59:42'),('137','1','Super Admin','admin','update','product','17',' Lorem Ipsum Dolor Sit Amet Co 15','2018-11-30 15:00:10','2018-11-30 15:00:10'),('138','1','Super Admin','admin','create','product','18','Lorem Ipsum Dolor Sit Amet Co 16','2018-11-30 15:00:20','2018-11-30 15:00:20'),('139','1','Super Admin','admin','update','product','18','Lorem Ipsum Dolor Sit Amet Co 16','2018-11-30 15:00:39','2018-11-30 15:00:39'),('140','1','Super Admin','admin','create','product','19',' Lorem Ipsum Dolor Sit Amet Co 17','2018-11-30 15:00:51','2018-11-30 15:00:51'),('141','1','Super Admin','admin','update','product','19',' Lorem Ipsum Dolor Sit Amet Co 17','2018-11-30 15:01:08','2018-11-30 15:01:08'),('142','1','Super Admin','admin','create','product','20','Lorem Ipsum Dolor Sit Amet Co 18','2018-11-30 15:01:18','2018-11-30 15:01:18'),('143','1','Super Admin','admin','update','product','20','Lorem Ipsum Dolor Sit Amet Co 18','2018-11-30 15:02:55','2018-11-30 15:02:55'),('144','1','Super Admin','admin','create','product','21','Lorem Ipsum Dolor Sit Amet Co 19','2018-11-30 15:03:14','2018-11-30 15:03:14'),('145','1','Super Admin','admin','update','product','21','Lorem Ipsum Dolor Sit Amet Co 19','2018-11-30 15:03:49','2018-11-30 15:03:49'),('146','1','Super Admin','admin','create','product','22','Lorem Ipsum Dolor Sit Amet Co 20','2018-11-30 15:08:51','2018-11-30 15:08:51'),('147','1','Super Admin','admin','update','product','15','Lorem Ipsum Dolor Sit Amet Co 13','2018-11-30 15:10:14','2018-11-30 15:10:14'),('148','1','Super Admin','admin','update','product','22','Lorem Ipsum Dolor Sit Amet Co 20','2018-11-30 15:10:36','2018-11-30 15:10:36'),('149','1','Super Admin','admin','create','product','23','Lorem Ipsum Dolor Sit Amet Co 21','2018-11-30 15:11:06','2018-11-30 15:11:06'),('150','1','Super Admin','admin','update','product','23','Lorem Ipsum Dolor Sit Amet Co 21','2018-11-30 15:13:25','2018-11-30 15:13:25'),('151','1','Super Admin','admin','update','product','23','Lorem Ipsum Dolor Sit Amet Co 21','2018-11-30 15:13:51','2018-11-30 15:13:51'),('152','1','Super Admin','admin','create','product','24','Lorem Ipsum Dolor Sit Amet Co 22','2018-11-30 15:17:41','2018-11-30 15:17:41'),('153','1','Super Admin','admin','update','product','24','Lorem Ipsum Dolor Sit Amet Co 22','2018-11-30 15:18:31','2018-11-30 15:18:31'),('154','1','Super Admin','admin','create','product','25',' Lorem Ipsum Dolor Sit Amet Co 23','2018-11-30 15:19:35','2018-11-30 15:19:35'),('155','1','Super Admin','admin','update','product','25',' Lorem Ipsum Dolor Sit Amet Co 23','2018-11-30 15:19:57','2018-11-30 15:19:57'),('156','1','Super Admin','admin','create','product','26','Lorem Ipsum Dolor Sit Amet Co 24','2018-11-30 15:20:09','2018-11-30 15:20:09'),('157','1','Super Admin','admin','update','product','26','Lorem Ipsum Dolor Sit Amet Co 24','2018-11-30 15:20:31','2018-11-30 15:20:31'),('158','1','Super Admin','admin','create','product','27',' Lorem Ipsum Dolor Sit Amet Co 25','2018-11-30 15:20:51','2018-11-30 15:20:51'),('159','1','Super Admin','admin','update','product','27',' Lorem Ipsum Dolor Sit Amet Co 25','2018-11-30 15:21:05','2018-11-30 15:21:05'),('160','1','Super Admin','admin','create','product','28','Lorem Ipsum Dolor Sit Amet Co 26','2018-11-30 15:21:14','2018-11-30 15:21:14'),('161','1','Super Admin','admin','update','product','28','Lorem Ipsum Dolor Sit Amet Co 26','2018-11-30 15:21:34','2018-11-30 15:21:34'),('162','1','Super Admin','admin','update','product','28','Lorem Ipsum Dolor Sit Amet Co 26','2018-11-30 15:21:56','2018-11-30 15:21:56'),('163','1','Super Admin','admin','create','product','29',' Lorem Ipsum Dolor Sit Amet Co 27','2018-11-30 15:22:06','2018-11-30 15:22:06'),('164','1','Super Admin','admin','update','product','29',' Lorem Ipsum Dolor Sit Amet Co 27','2018-11-30 15:22:26','2018-11-30 15:22:26'),('165','1','Super Admin','admin','create','product','30',' Lorem Ipsum Dolor Sit Amet Co 28','2018-11-30 15:22:36','2018-11-30 15:22:36'),('166','1','Super Admin','admin','update','product','30',' Lorem Ipsum Dolor Sit Amet Co 28','2018-11-30 15:22:58','2018-11-30 15:22:58'),('167','1','Super Admin','admin','create','product','31','Lorem Ipsum Dolor Sit Amet Co 29','2018-11-30 15:23:10','2018-11-30 15:23:10'),('168','1','Super Admin','admin','update','product','31','Lorem Ipsum Dolor Sit Amet Co 29','2018-11-30 15:23:27','2018-11-30 15:23:27'),('169','1','Super Admin','admin','update','product','31','Lorem Ipsum Dolor Sit Amet Co 29','2018-11-30 15:23:41','2018-11-30 15:23:41'),('170','1','Super Admin','admin','update','product','31','Lorem Ipsum Dolor Sit Amet Co 29','2018-11-30 15:24:09','2018-11-30 15:24:09'),('171','1','Super Admin','admin','update','product','28','Lorem Ipsum Dolor Sit Amet Co 26','2018-11-30 15:24:54','2018-11-30 15:24:54'),('172','1','Super Admin','admin','update','article','4','Ân Thiên','2018-11-30 15:25:51','2018-11-30 15:25:51'),('173','1','Super Admin','admin','update','setting','0','Update Setting','2018-11-30 15:27:50','2018-11-30 15:27:50'),('174','1','Super Admin','admin','update','setting','0','Update Setting','2018-11-30 15:28:10','2018-11-30 15:28:10'),('175','1','Super Admin','admin','update','article','2','Nguyên Phong','2018-11-30 15:29:05','2018-11-30 15:29:05'),('176','1','Super Admin','admin','update','product','31','Lorem Ipsum Dolor Sit Amet Co 29','2018-11-30 15:34:12','2018-11-30 15:34:12'),('177','1','Super Admin','admin','update','product','30',' Lorem Ipsum Dolor Sit Amet Co 28','2018-11-30 15:34:33','2018-11-30 15:34:33'),('178','1','Super Admin','admin','update','product','29',' Lorem Ipsum Dolor Sit Amet Co 27','2018-11-30 15:34:47','2018-11-30 15:34:47'),('179','1','Super Admin','admin','update','product','28','Lorem Ipsum Dolor Sit Amet Co 26','2018-11-30 15:34:56','2018-11-30 15:34:56'),('180','1','Super Admin','admin','update','product','27',' Lorem Ipsum Dolor Sit Amet Co 25','2018-11-30 15:35:07','2018-11-30 15:35:07'),('181','1','Super Admin','admin','update','product','26','Lorem Ipsum Dolor Sit Amet Co 24','2018-11-30 15:35:19','2018-11-30 15:35:19'),('182','1','Super Admin','admin','update','product','25',' Lorem Ipsum Dolor Sit Amet Co 23','2018-11-30 15:35:31','2018-11-30 15:35:31'),('183','1','Super Admin','admin','update','product','24','Lorem Ipsum Dolor Sit Amet Co 22','2018-11-30 15:35:47','2018-11-30 15:35:47'),('184','1','Super Admin','admin','update','product','23','Lorem Ipsum Dolor Sit Amet Co 21','2018-11-30 15:36:32','2018-11-30 15:36:32'),('185','1','Super Admin','admin','create','collection','2','Sách bán chạy','2018-11-30 15:48:56','2018-11-30 15:48:56'),('186','1','Super Admin','admin','update','collection','2','Sách bán chạy','2018-11-30 15:50:28','2018-11-30 15:50:28'),('187','1','Super Admin','admin','update','collection','2',' Top 100 sách bán chạy nhất','2018-11-30 15:51:13','2018-11-30 15:51:13'),('188','1','Super Admin','admin','update','collection','2',' Top 100 sách bán chạy nhất','2018-11-30 15:55:35','2018-11-30 15:55:35'),('189','1','Super Admin','admin','update','product','21','Lorem Ipsum Dolor Sit Amet Co 19','2018-11-30 15:58:30','2018-11-30 15:58:30'),('190','1','Super Admin','admin','update','product','31','Lorem Ipsum Dolor Sit Amet Co 29','2018-11-30 15:59:03','2018-11-30 15:59:03'),('191','1','Super Admin','admin','update','product','30',' Lorem Ipsum Dolor Sit Amet Co 28','2018-11-30 15:59:12','2018-11-30 15:59:12'),('192','1','Super Admin','admin','update','product','29',' Lorem Ipsum Dolor Sit Amet Co 27','2018-11-30 15:59:20','2018-11-30 15:59:20'),('193','1','Super Admin','admin','update','product','28','Lorem Ipsum Dolor Sit Amet Co 26','2018-11-30 15:59:31','2018-11-30 15:59:31'),('194','1','Super Admin','admin','update','product','22','Lorem Ipsum Dolor Sit Amet Co 20','2018-11-30 16:00:02','2018-11-30 16:00:02'),('195','1','Super Admin','admin','update','product','23','Lorem Ipsum Dolor Sit Amet Co 21','2018-11-30 16:00:14','2018-11-30 16:00:14'),('196','1','Super Admin','admin','update','product','20','Lorem Ipsum Dolor Sit Amet Co 18','2018-11-30 16:02:02','2018-11-30 16:02:02'),('197','1','Super Admin','admin','update','setting','0','Update Super Admin Setting','2018-11-30 16:03:51','2018-11-30 16:03:51'),('198','1','Super Admin','admin','create','collection','3','Top sách của năm','2018-11-30 16:06:14','2018-11-30 16:06:14'),('199','1','Super Admin','admin','update','collection','3','Top sách của năm','2018-11-30 16:06:29','2018-11-30 16:06:29'),('200','1','Super Admin','admin','update','collection','3','Top sách của năm','2018-11-30 16:09:56','2018-11-30 16:09:56'),('201','1','Super Admin','admin','update','collection','3','Top sách của năm','2018-11-30 16:10:14','2018-11-30 16:10:14'),('202','1','Super Admin','admin','update','collection','3','Top sách của năm','2018-11-30 16:10:41','2018-11-30 16:10:41'),('203','1','Super Admin','admin','update','collection','2',' Top 100 sách bán chạy nhất','2018-11-30 16:11:01','2018-11-30 16:11:01'),('204','1','Super Admin','admin','update','collection','3','Top sách của năm','2018-11-30 16:11:20','2018-11-30 16:11:20'),('205','1','Super Admin','admin','update','collection','2',' Top 100 sách bán chạy nhất','2018-11-30 16:11:46','2018-11-30 16:11:46'),('206','1','Super Admin','admin','create','collection','4','Deals','2018-11-30 16:13:14','2018-11-30 16:13:14'),('207','1','Super Admin','admin','update','collection','4','Deals','2018-11-30 16:13:51','2018-11-30 16:13:51'),('208','1','Super Admin','admin','update','collection','4','Deals','2018-11-30 16:13:58','2018-11-30 16:13:58'),('209','1','Super Admin','admin','update','setting','0','Update Super Admin Setting','2018-11-30 16:16:16','2018-11-30 16:16:16'),('210','1','Super Admin','admin','update','setting','0','Update Setting','2018-11-30 16:17:56','2018-11-30 16:17:56'),('211','1','Super Admin','admin','create','menu','10','Header menu','2018-11-30 16:21:12','2018-11-30 16:21:12'),('212','1','Super Admin','admin','create','collection','5','Lịch lò xo','2018-11-30 16:24:35','2018-11-30 16:24:35'),('213','1','Super Admin','admin','create','collection','6','Lịch Bloc','2018-11-30 16:24:52','2018-11-30 16:24:52'),('214','1','Super Admin','admin','create','collection','7','Lịch bàn','2018-11-30 16:25:08','2018-11-30 16:25:08'),('215','1','Super Admin','admin','create','collection','8','Sổ tay','2018-11-30 16:25:25','2018-11-30 16:25:25'),('216','1','Super Admin','admin','update','setting','0','Update Setting','2018-11-30 16:26:57','2018-11-30 16:26:57'),('217','1','Super Admin','admin','update','setting','0','Update Setting','2018-11-30 16:28:06','2018-11-30 16:28:06'),('218','1','Super Admin','admin','create','menu','11','SÁCH TIẾNG VIỆT','2018-11-30 16:29:05','2018-11-30 16:29:05'),('219','1','Super Admin','admin','create','menu','12','SÁCH MỚI & NỔI BẬT','2018-11-30 16:29:21','2018-11-30 16:29:21'),('220','1','Super Admin','admin','create','menu','13','SÁCH BÁN CHẠY','2018-11-30 16:29:38','2018-11-30 16:29:38'),('221','1','Super Admin','admin','create','menu','14','SÁCH GIẢM GIÁ','2018-11-30 16:29:49','2018-11-30 16:29:49'),('222','1','Super Admin','admin','create','menu','15','SÁCH THEO NHÀ CUNG CẤP','2018-11-30 16:30:10','2018-11-30 16:30:10'),('223','1','Super Admin','admin','create','menu','16','TÁC GIẢ NỔI BẬT','2018-11-30 16:30:35','2018-11-30 16:30:35'),('224','1','Super Admin','admin','create','menu','17','LỊCH - SỔ TAY - VĂN PHÒNG PHẨM','2018-11-30 16:31:03','2018-11-30 16:31:03'),('225','1','Super Admin','admin','create','menu','18','VĂN PHÒNG PHẨM','2018-11-30 16:31:24','2018-11-30 16:31:24'),('226','1','Super Admin','admin','create','menu','19','Nuôi dạy con 1','2018-11-30 16:32:34','2018-11-30 16:32:34'),('227','1','Super Admin','admin','create','menu','20','Nuôi dạy con 2','2018-11-30 16:32:57','2018-11-30 16:32:57'),('228','1','Super Admin','admin','create','menu','21','Tin học','2018-11-30 16:33:26','2018-11-30 16:33:26'),('229','1','Super Admin','admin','create','menu','22','Y học điện','2018-11-30 16:33:50','2018-11-30 16:33:50'),('230','1','Super Admin','admin','create','menu','23','Y học điện','2018-11-30 16:33:51','2018-11-30 16:33:51'),('231','1','Super Admin','admin','create','menu','24','Kiến trúc','2018-11-30 16:34:10','2018-11-30 16:34:10'),('232','1','Super Admin','admin','update','menu','10','Header menu','2018-11-30 16:34:20','2018-11-30 16:34:20'),('233','1','Super Admin','admin','update','collection','3','Top sách của năm','2018-11-30 16:38:49','2018-11-30 16:38:49'),('234','1','Super Admin','admin','update','collection','3','Top sách của năm','2018-11-30 16:40:08','2018-11-30 16:40:08'),('235','1','Super Admin','admin','update','collection','3','Top sách của năm','2018-11-30 16:41:40','2018-11-30 16:41:40'),('236','1','Super Admin','admin','update','collection','3','Top sách của năm','2018-11-30 17:16:03','2018-11-30 17:16:03'),('237','1','Super Admin','admin','update','collection','3','Top sách của năm','2018-11-30 17:21:47','2018-11-30 17:21:47'),('238','1','Super Admin','admin','update','collection','3','Top sách của năm','2018-11-30 17:22:04','2018-11-30 17:22:04'),('239','1','Super Admin','admin','update','collection','3','Top sách của năm','2018-11-30 17:22:14','2018-11-30 17:22:14'),('240','1','Super Admin','admin','update','collection','3','Top sách của năm','2018-11-30 17:22:24','2018-11-30 17:22:24'),('241','1','Super Admin','admin','login','user','0','','2018-11-30 18:53:50','2018-11-30 18:53:50'),('242','1','Super Admin','admin','create','attribute','7','Tác giả','2018-11-30 18:55:43','2018-11-30 18:55:43'),('243','1','Super Admin','admin','create','attribute','8','Nguyên Phong','2018-11-30 18:56:02','2018-11-30 18:56:02'),('244','1','Super Admin','admin','create','attribute','9','John Doe','2018-11-30 18:56:12','2018-11-30 18:56:12'),('245','1','Super Admin','admin','login','user','0','','2018-12-01 01:29:53','2018-12-01 01:29:53'),('246','1','Super Admin','admin','update','setting','0','Update Setting','2018-12-01 01:30:44','2018-12-01 01:30:44'),('247','1','Super Admin','admin','update','order','1','','2018-12-01 10:20:14','2018-12-01 10:20:14'),('248','1','Super Admin','admin','create','collection','9','Sắp phát hành','2018-12-01 10:44:39','2018-12-01 10:44:39'),('249','1','Super Admin','admin','update','setting','0','Update Setting','2018-12-01 10:45:42','2018-12-01 10:45:42'),('250','1','Super Admin','admin','update','article','3','Doãn Cường','2018-12-01 11:00:52','2018-12-01 11:00:52'),('251','1','Super Admin','admin','update','article','10','Jonh Doe','2018-12-01 11:03:19','2018-12-01 11:03:19'),('252','1','Super Admin','admin','update','article','10','Jonh Doe','2018-12-01 11:03:42','2018-12-01 11:03:42'),('253','1','Super Admin','admin','update','article','12','Amen Crish','2018-12-01 11:07:54','2018-12-01 11:07:54'),('254','1','Super Admin','admin','update','article','11','Alen Haint','2018-12-01 11:08:03','2018-12-01 11:08:03'),('255','1','Super Admin','admin','update','article','1','Osho','2018-12-01 11:08:30','2018-12-01 11:08:30'),('256','1','Super Admin','admin','update','article','5','Adexen Claure','2018-12-01 11:08:47','2018-12-01 11:08:47'),('257','1','Super Admin','admin','login','user','0','','2018-12-01 12:15:57','2018-12-01 12:15:57'),('258','1','Super Admin','admin','update','product','31','Lorem Ipsum Dolor Sit Amet Co 29','2018-12-01 12:16:57','2018-12-01 12:16:57'),('259','1','Super Admin','admin','login','user','0','','2018-12-01 12:21:00','2018-12-01 12:21:00'),('260','1','Super Admin','admin','update','setting','0','Update Setting','2018-12-01 14:10:27','2018-12-01 14:10:27'),('261','1','Super Admin','admin','update','setting','0','Update Setting','2018-12-01 14:10:55','2018-12-01 14:10:55'),('262','1','Super Admin','admin','create','page','5','CHÍNH SÁCH ĐỔI TRẢ','2018-12-01 14:40:48','2018-12-01 14:40:48'),('263','1','Super Admin','admin','update','page','5','CHÍNH SÁCH ĐỔI TRẢ','2018-12-01 14:41:50','2018-12-01 14:41:50'),('264','1','Super Admin','admin','update','page','5','CHÍNH SÁCH ĐỔI TRẢ','2018-12-01 14:42:55','2018-12-01 14:42:55'),('265','1','Super Admin','admin','update','page','5','CHÍNH SÁCH ĐỔI TRẢ','2018-12-01 14:43:11','2018-12-01 14:43:11'),('266','1','Super Admin','admin','update','page','5','CHÍNH SÁCH ĐỔI TRẢ','2018-12-01 14:43:41','2018-12-01 14:43:41'),('267','1','Super Admin','admin','update','page','5','CHÍNH SÁCH ĐỔI TRẢ','2018-12-01 14:44:00','2018-12-01 14:44:00'),('268','1','Super Admin','admin','update','page','5','CHÍNH SÁCH ĐỔI TRẢ','2018-12-01 14:45:14','2018-12-01 14:45:14'),('269','1','Super Admin','admin','update','page','5','CHÍNH SÁCH ĐỔI TRẢ','2018-12-01 14:45:45','2018-12-01 14:45:45'),('270','1','Super Admin','admin','update','page','5','CHÍNH SÁCH ĐỔI TRẢ','2018-12-01 14:46:21','2018-12-01 14:46:21'),('271','1','Super Admin','admin','update','page','5','CHÍNH SÁCH ĐỔI TRẢ','2018-12-01 14:47:40','2018-12-01 14:47:40'),('272','1','Super Admin','admin','update','page','5','CHÍNH SÁCH ĐỔI TRẢ','2018-12-01 14:47:59','2018-12-01 14:47:59'),('273','1','Super Admin','admin','update','menu','5','Chính sách đổi trả','2018-12-01 14:50:32','2018-12-01 14:50:32'),('274','1','Super Admin','admin','create','gallery','2','Nhà cung cấp','2018-12-01 14:52:08','2018-12-01 14:52:08'),('275','1','Super Admin','admin','create','blog','2','Tin tức','2018-12-01 15:01:33','2018-12-01 15:01:33'),('276','1','Super Admin','admin','create','article','13','Phasellus viverra nulla ut metus','2018-12-01 15:02:24','2018-12-01 15:02:24'),('277','1','Super Admin','admin','create','article','14','Phasellus viverra nulla ut metus 2','2018-12-01 15:02:43','2018-12-01 15:02:43'),('278','1','Super Admin','admin','update','article','14','Phasellus viverra nulla ut metus 2','2018-12-01 15:03:38','2018-12-01 15:03:38'),('279','1','Super Admin','admin','create','article','15','Phasellus viverra nulla ut metus 3','2018-12-01 15:03:47','2018-12-01 15:03:47'),('280','1','Super Admin','admin','update','article','15','Phasellus viverra nulla ut metus 3','2018-12-01 15:04:03','2018-12-01 15:04:03'),('281','1','Super Admin','admin','create','article','16','Phasellus viverra nulla ut metus 4','2018-12-01 15:04:17','2018-12-01 15:04:17'),('282','1','Super Admin','admin','update','article','16','Phasellus viverra nulla ut metus 4','2018-12-01 15:04:37','2018-12-01 15:04:37'),('283','1','Super Admin','admin','create','article','17','Phasellus viverra nulla ut metus 5','2018-12-01 15:04:45','2018-12-01 15:04:45'),('284','1','Super Admin','admin','update','article','17','Phasellus viverra nulla ut metus 5','2018-12-01 15:05:13','2018-12-01 15:05:13'),('285','1','Super Admin','admin','update','setting','0','Update Setting','2018-12-01 15:05:45','2018-12-01 15:05:45'),('286','1','Super Admin','admin','update','article','13','Phasellus viverra nulla ut metus','2018-12-01 15:08:22','2018-12-01 15:08:22'),('287','1','Super Admin','admin','update','blog','2','Tin tức','2018-12-01 15:09:30','2018-12-01 15:09:30'),('288','1','Super Admin','admin','update','blog','2','Tin tức','2018-12-01 15:10:09','2018-12-01 15:10:09'),('289','1','Super Admin','admin','update','order','2','','2018-12-01 15:15:21','2018-12-01 15:15:21'),('290','1','Super Admin','admin','update','order','4','','2018-12-01 15:17:45','2018-12-01 15:17:45'),('291','1','Super Admin','admin','create','bank','1','Tên Tài Khoản: Kiều Thị Minh Phụng ','2018-12-01 15:20:42','2018-12-01 15:20:42'),('292','1','Super Admin','admin','update','bank','1','Kiều Thị Minh Phụng ','2018-12-01 15:21:38','2018-12-01 15:21:38'),('293','1','Super Admin','admin','create','bank','2','Nguyễn Văn A','2018-12-01 15:22:10','2018-12-01 15:22:10'),('294','1','Super Admin','admin','create','bank','3','Nguyễn Văn B','2018-12-01 15:22:27','2018-12-01 15:22:27'),('295','1','Super Admin','admin','update','order','5','','2018-12-01 15:28:10','2018-12-01 15:28:10'),('296','1','Super Admin','admin','update','collection','1','Daily Deals','2018-12-01 15:53:47','2018-12-01 15:53:47'),('297','1','Super Admin','admin','update','collection','1','Daily Deals','2018-12-01 15:54:56','2018-12-01 15:54:56'),('298','1','Super Admin','admin','update','collection','1','Daily Deals','2018-12-01 15:57:47','2018-12-01 15:57:47'),('299','1','Super Admin','admin','update','collection','1','Daily Deals','2018-12-01 15:58:01','2018-12-01 15:58:01'),('300','1','Super Admin','admin','update','collection','1','Daily Deals','2018-12-01 15:58:39','2018-12-01 15:58:39'),('301','1','Super Admin','admin','update','collection','3','Top sách của năm','2018-12-01 16:03:40','2018-12-01 16:03:40'),('302','1','Super Admin','admin','update','collection','3','Top sách của năm','2018-12-01 16:05:00','2018-12-01 16:05:00'),('303','1','Super Admin','admin','update','order','6','','2018-12-01 16:31:22','2018-12-01 16:31:22'),('304','1','Super Admin','admin','update','setting','0','Update Setting','2018-12-01 16:35:36','2018-12-01 16:35:36'),('305','1','Super Admin','admin','update','order','7','','2018-12-01 16:36:00','2018-12-01 16:36:00'),('306','1','Super Admin','admin','update','order','8','','2018-12-01 16:38:48','2018-12-01 16:38:48'),('307','1','Super Admin','admin','login','user','0','','2018-12-01 16:48:40','2018-12-01 16:48:40'),('308','1','Super Admin','admin','create','attribute','10','Nhà cung cấp','2018-12-02 19:17:33','2018-12-02 19:17:33'),('309','1','Super Admin','admin','create','attribute','11','Hình Thức','2018-12-02 19:17:44','2018-12-02 19:17:44'),('310','1','Super Admin','admin','create','attribute','12','Kim Đồng','2018-12-02 19:27:11','2018-12-02 19:27:11'),('311','1','Super Admin','admin','create','attribute','13','Giáo Dục','2018-12-02 19:27:20','2018-12-02 19:27:20'),('312','1','Super Admin','admin','create','attribute','14','Bìa Cứng','2018-12-02 19:27:28','2018-12-02 19:27:28'),('313','1','Super Admin','admin','create','attribute','15','Bìa Mềm','2018-12-02 19:27:37','2018-12-02 19:27:37'),('314','1','Super Admin','admin','create','attribute','16','CD','2018-12-02 19:27:52','2018-12-02 19:27:52'),('315','1','Super Admin','admin','update','product','31','Lorem Ipsum Dolor Sit Amet Co 29','2018-12-02 19:28:05','2018-12-02 19:28:05');
/*!40000 ALTER TABLE `history` ENABLE KEYS */;

DROP TABLE IF EXISTS `image`;
CREATE TABLE `image` (
  `id` int(10) unsigned NOT NULL AUTO_INCREMENT,
  `name` text COLLATE utf8_unicode_ci NOT NULL,
  `type` varchar(255) COLLATE utf8_unicode_ci NOT NULL,
  `type_id` varchar(255) COLLATE utf8_unicode_ci NOT NULL,
  `created_at` timestamp NULL DEFAULT NULL,
  `updated_at` timestamp NULL DEFAULT NULL,
  PRIMARY KEY (`id`)
) ENGINE=InnoDB AUTO_INCREMENT=67 DEFAULT CHARSET=utf8 COLLATE=utf8_unicode_ci;

/*!40000 ALTER TABLE `image` DISABLE KEYS */;
INSERT INTO `image` VALUES ('5','product-modal_1543546465.png','product','2','2018-11-30 14:34:51','2018-11-30 14:34:51'),('6','product-9_1543546461.png','product','3','2018-11-30 14:43:07','2018-11-30 14:43:07'),('7','product-8_1543546461.png','product','4','2018-11-30 14:43:34','2018-11-30 14:43:34'),('8','product-7_1543546460.png','product','5','2018-11-30 14:44:14','2018-11-30 14:44:14'),('9','product-6_1543546460.png','product','6','2018-11-30 14:44:46','2018-11-30 14:44:46'),('10','product-5_1543546460.png','product','7','2018-11-30 14:45:21','2018-11-30 14:45:21'),('11','product-4_1543546460.png','product','8','2018-11-30 14:45:48','2018-11-30 14:45:48'),('12','product-3_1543546460.png','product','9','2018-11-30 14:46:17','2018-11-30 14:46:17'),('13','product-2_1543546460.png','product','10','2018-11-30 14:46:50','2018-11-30 14:46:50'),('14','product-20_1543546463.png','product','11','2018-11-30 14:47:24','2018-11-30 14:47:24'),('15','product-1_1543546460.png','product','12','2018-11-30 14:47:58','2018-11-30 14:47:58'),('16','product-19_1543546462.png','product','13','2018-11-30 14:55:59','2018-11-30 14:55:59'),('17','product-18_1543546462.png','product','14','2018-11-30 14:56:32','2018-11-30 14:56:32'),('18','product-1_1543546460.png','product','16','2018-11-30 14:59:29','2018-11-30 14:59:29'),('19','product-18_1543546462.png','product','16','2018-11-30 14:59:29','2018-11-30 14:59:29'),('20','product-17_1543546462.png','product','16','2018-11-30 14:59:29','2018-11-30 14:59:29'),('21','product-17_1543546462.png','product','17','2018-11-30 15:00:10','2018-11-30 15:00:10'),('22','product-16_1543546462.png','product','18','2018-11-30 15:00:39','2018-11-30 15:00:39'),('23','product-15_1543546462.png','product','19','2018-11-30 15:01:08','2018-11-30 15:01:08'),('26','product-20_1543546463.png','product','15','2018-11-30 15:10:14','2018-11-30 15:10:14'),('50','product-20_1543546463.png','product','27','2018-11-30 15:35:07','2018-11-30 15:35:07'),('51','product-7_1543546460.png','product','26','2018-11-30 15:35:19','2018-11-30 15:35:19'),('52','product-18_1543546462.png','product','25','2018-11-30 15:35:31','2018-11-30 15:35:31'),('53','img29_1543546487.png','product','24','2018-11-30 15:35:47','2018-11-30 15:35:47'),('54','img33_1543546488.png','variant','24','2018-11-30 15:35:47','2018-11-30 15:35:47'),('56','product-13_1543546462.png','product','21','2018-11-30 15:58:30','2018-11-30 15:58:30'),('58','product-6_1543546460.png','product','30','2018-11-30 15:59:12','2018-11-30 15:59:12'),('59','product-1_1543546460.png','product','29','2018-11-30 15:59:20','2018-11-30 15:59:20'),('60','product-9_1543546461.png','product','28','2018-11-30 15:59:31','2018-11-30 15:59:31'),('61','product-5_1543546460.png','variant','28','2018-11-30 15:59:31','2018-11-30 15:59:31'),('62','product-12_1543546461.png','product','22','2018-11-30 16:00:02','2018-11-30 16:00:02'),('63','product-11_1543546461.png','product','23','2018-11-30 16:00:14','2018-11-30 16:00:14'),('64','product-14_1543546462.png','product','20','2018-11-30 16:02:02','2018-11-30 16:02:02'),('66','product-12_1543546461.png','product','31','2018-12-02 19:28:05','2018-12-02 19:28:05');
/*!40000 ALTER TABLE `image` ENABLE KEYS */;

DROP TABLE IF EXISTS `menu`;
CREATE TABLE `menu` (
  `id` int(10) unsigned NOT NULL AUTO_INCREMENT,
  `parent_id` int(11) NOT NULL DEFAULT '-1',
  `title` varchar(255) COLLATE utf8_unicode_ci NOT NULL,
  `handle` varchar(255) COLLATE utf8_unicode_ci NOT NULL,
  `link` varchar(255) COLLATE utf8_unicode_ci NOT NULL DEFAULT '',
  `link_type` varchar(255) COLLATE utf8_unicode_ci NOT NULL DEFAULT '',
  `priority` int(11) NOT NULL DEFAULT '1000',
  `image` varchar(255) COLLATE utf8_unicode_ci NOT NULL DEFAULT '',
  `status` varchar(255) COLLATE utf8_unicode_ci NOT NULL,
  `created_at` timestamp NULL DEFAULT NULL,
  `updated_at` timestamp NULL DEFAULT NULL,
  PRIMARY KEY (`id`)
) ENGINE=InnoDB AUTO_INCREMENT=25 DEFAULT CHARSET=utf8 COLLATE=utf8_unicode_ci;

/*!40000 ALTER TABLE `menu` DISABLE KEYS */;
INSERT INTO `menu` VALUES ('1','-1','Footer menu 1','footer-menu-1','','','0','','active','2018-11-30 10:20:52','2018-11-30 10:20:52'),('2','-1','footer menu 2','footer-menu-2','','','1','','active','2018-11-30 10:21:02','2018-11-30 11:22:24'),('3','1','Câu hỏi thường gặp','cau-hoi-thuong-gap','/','custom','0','','active','2018-11-30 10:21:25','2018-11-30 10:21:25'),('4','1','Hướng dẫn đặt hàng','huong-dan-dat-hang','3','page','1','','active','2018-11-30 10:21:42','2018-11-30 11:21:04'),('5','1','Chính sách đổi trả','chinh-sach-doi-tra','5','page','2','','active','2018-11-30 10:22:05','2018-12-01 14:50:32'),('6','1','Phương thức vận chuyển','phuong-thuc-van-chuyen','4','page','3','','active','2018-11-30 10:22:16','2018-11-30 11:21:31'),('7','2','Giới thiệu online.vanlang.com','gioi-thieu-online-vanlang-com','1','page','0','','active','2018-11-30 10:22:57','2018-11-30 11:22:20'),('8','2','Tuyển dụng','tuyen-dung','1','page','1','','active','2018-11-30 10:23:07','2018-11-30 11:22:08'),('9','2','Liên hệ','lien-he','/lien-he','custom','2','','active','2018-11-30 10:23:15','2018-11-30 11:21:45'),('10','-1','Header menu','header-menu','','','2','','active','2018-11-30 16:21:12','2018-11-30 16:34:20'),('11','10','SÁCH TIẾNG VIỆT','sach-tieng-viet','2','collection','168','','active','2018-11-30 16:29:05','2018-11-30 16:29:05'),('12','10','SÁCH MỚI & NỔI BẬT','sach-moi-noi-bat','2','collection','169','','active','2018-11-30 16:29:21','2018-11-30 16:29:21'),('13','10','SÁCH BÁN CHẠY','sach-ban-chay','2','collection','170','','active','2018-11-30 16:29:38','2018-11-30 16:29:38'),('14','10','SÁCH GIẢM GIÁ','sach-giam-gia','4','collection','171','','active','2018-11-30 16:29:49','2018-11-30 16:29:49'),('15','10','SÁCH THEO NHÀ CUNG CẤP','sach-theo-nha-cung-cap','6','collection','172','','active','2018-11-30 16:30:10','2018-11-30 16:30:10'),('16','10','TÁC GIẢ NỔI BẬT','tac-gia-noi-bat','1','blog','173','','active','2018-11-30 16:30:35','2018-11-30 16:30:35'),('17','10','LỊCH - SỔ TAY - VĂN PHÒNG PHẨM','lich-so-tay-van-phong-pham','7','collection','174','','active','2018-11-30 16:31:03','2018-11-30 16:31:03'),('18','10','VĂN PHÒNG PHẨM','van-phong-pham','8','collection','175','','active','2018-11-30 16:31:24','2018-11-30 16:31:24'),('19','11','Nuôi dạy con 1','nuoi-day-con-1','/','custom','34','','active','2018-11-30 16:32:34','2018-11-30 16:32:34'),('20','11','Nuôi dạy con 2','nuoi-day-con-2','/','custom','35','','active','2018-11-30 16:32:57','2018-11-30 16:32:57'),('21','19','Tin học','tin-hoc','9','product','16','','active','2018-11-30 16:33:26','2018-11-30 16:33:26'),('22','19','Y học điện','y-hoc-dien','8','product','17','','active','2018-11-30 16:33:50','2018-11-30 16:33:50'),('23','20','Y học điện','y-hoc-dien-1543570431','8','product','6','','active','2018-11-30 16:33:51','2018-11-30 16:33:51'),('24','20','Kiến trúc','kien-truc','31','product','7','','active','2018-11-30 16:34:10','2018-11-30 16:34:10');
/*!40000 ALTER TABLE `menu` ENABLE KEYS */;

DROP TABLE IF EXISTS `menu_translations`;
CREATE TABLE `menu_translations` (
  `id` int(10) unsigned NOT NULL AUTO_INCREMENT,
  `menu_id` int(11) NOT NULL,
  `lang` varchar(255) COLLATE utf8_unicode_ci NOT NULL DEFAULT 'en',
  `title` varchar(255) COLLATE utf8_unicode_ci NOT NULL DEFAULT '',
  `link` varchar(255) COLLATE utf8_unicode_ci NOT NULL DEFAULT '',
  `created_at` timestamp NULL DEFAULT NULL,
  `updated_at` timestamp NULL DEFAULT NULL,
  PRIMARY KEY (`id`)
) ENGINE=InnoDB DEFAULT CHARSET=utf8 COLLATE=utf8_unicode_ci;

/*!40000 ALTER TABLE `menu_translations` DISABLE KEYS */;
/*!40000 ALTER TABLE `menu_translations` ENABLE KEYS */;

DROP TABLE IF EXISTS `metafield`;
CREATE TABLE `metafield` (
  `id` int(10) unsigned NOT NULL AUTO_INCREMENT,
  `title` varchar(255) COLLATE utf8_unicode_ci NOT NULL DEFAULT '',
  `handle` varchar(255) COLLATE utf8_unicode_ci NOT NULL DEFAULT '',
  `value` text COLLATE utf8_unicode_ci NOT NULL,
  `post_id` int(11) NOT NULL DEFAULT '0',
  `post_type` varchar(255) COLLATE utf8_unicode_ci NOT NULL DEFAULT 'product',
  `created_at` timestamp NULL DEFAULT NULL,
  `updated_at` timestamp NULL DEFAULT NULL,
  PRIMARY KEY (`id`)
) ENGINE=InnoDB AUTO_INCREMENT=594 DEFAULT CHARSET=utf8 COLLATE=utf8_unicode_ci;

/*!40000 ALTER TABLE `metafield` DISABLE KEYS */;
INSERT INTO `metafield` VALUES ('1','publish time','publish-time','2018-11-28 16:15:30','1','product','2018-11-28 15:17:55','2018-11-28 15:24:42'),('2','Bước 1','buoc-1','','1','page','2018-11-30 10:38:20','2018-11-30 10:39:52'),('3','Nội dung 1','noi-dung-1','','1','page','2018-11-30 10:38:20','2018-11-30 10:39:52'),('4','Bước 2','buoc-2','','1','page','2018-11-30 10:38:20','2018-11-30 10:39:52'),('5','Nội dung 2','noi-dung-2','','1','page','2018-11-30 10:38:20','2018-11-30 10:39:52'),('6','Bước 3','buoc-3','','1','page','2018-11-30 10:38:20','2018-11-30 10:39:52'),('7','Nội dung 3','noi-dung-3','','1','page','2018-11-30 10:38:20','2018-11-30 10:39:52'),('8','Bước 4','buoc-4','','1','page','2018-11-30 10:38:20','2018-11-30 10:39:52'),('9','Nội dung 4','noi-dung-4','','1','page','2018-11-30 10:38:20','2018-11-30 10:39:52'),('10','Bước 1','buoc-1','','2','page','2018-11-30 10:41:52','2018-11-30 10:42:24'),('11','Nội dung 1','noi-dung-1','','2','page','2018-11-30 10:41:52','2018-11-30 10:42:24'),('12','Bước 2','buoc-2','','2','page','2018-11-30 10:41:52','2018-11-30 10:42:24'),('13','Nội dung 2','noi-dung-2','','2','page','2018-11-30 10:41:52','2018-11-30 10:42:24'),('14','Bước 3','buoc-3','','2','page','2018-11-30 10:41:52','2018-11-30 10:42:24'),('15','Nội dung 3','noi-dung-3','','2','page','2018-11-30 10:41:52','2018-11-30 10:42:24'),('16','Bước 4','buoc-4','','2','page','2018-11-30 10:41:52','2018-11-30 10:42:24'),('17','Nội dung 4','noi-dung-4','','2','page','2018-11-30 10:41:52','2018-11-30 10:42:24'),('18','Bước 1','buoc-1','A. THANH TOÁN BẰNG THẺ QUỐC TẾ VISA/MASTER/JCB','3','page','2018-11-30 10:43:43','2018-11-30 11:06:37'),('19','Nội dung 1','noi-dung-1','<p><img src=\"http://demo2.laziweb.com/vanlang-html/assets/img/demo/img65.png\" alt=\"\" class=\"d-block mx-auto mb-4\" /></p>\n<p class=\"fl\">BƯỚC 1: Sau khi thực hiện X&aacute;c nhận đơn h&agrave;ng bạn sẽ được chuyển tự động đến trang thanh to&aacute;n 123pay.</p>\n<p><img src=\"http://demo2.laziweb.com/vanlang-html/assets/img/demo/img66.png\" alt=\"\" class=\"d-block mx-auto mb-4\" /></p>\n<p class=\"fl\">BƯỚC 2: Bạn điền th&ocirc;ng tin theo hướng dẫn :<span>&nbsp;</span><br /><span class=\"d-block pl-4\">Số thẻ<span>&nbsp;</span><br />Ng&agrave;y hết hạn<span>&nbsp;</span><br />M&atilde; CVV/CVC2<span>&nbsp;</span><br /><br />BƯỚC 3: Cuối c&ugrave;ng bạn bấm v&agrave;o \"Thanh to&aacute;n Proceed\" để ho&agrave;n tất việc thanh to&aacute;n.</span></p>','3','page','2018-11-30 10:43:43','2018-11-30 11:06:37'),('20','Bước 2','buoc-2','B. THANH TOÁN BẰNG THẺ ATM NỘI ĐỊA','3','page','2018-11-30 10:43:43','2018-11-30 11:06:37'),('21','Nội dung 2','noi-dung-2','<p><img src=\"http://demo2.laziweb.com/vanlang-html/assets/img/demo/img67.png\" alt=\"\" class=\"d-block mx-auto mb-4\" /></p>\n<p class=\"fl\">BƯỚC 1: Sau khi thực hiện X&aacute;c nhận đơn h&agrave;ng bạn sẽ đượng chuyển tự động đến trang thanh to&aacute;n 123pay.</p>\n<p><img src=\"http://demo2.laziweb.com/vanlang-html/assets/img/demo/img68.png\" alt=\"\" class=\"d-block mx-auto mb-4\" /></p>\n<p class=\"fl\">BƯỚC 2: Chọn loại thẻ v&agrave; nhấn n&uacute;t &ldquo;Tiếp tục&rdquo;.<span>&nbsp;</span><br /><br />V&iacute; dụ: Ở đ&acirc;y chọn thẻ của ng&acirc;n h&agrave;ng VietinBank.<span>&nbsp;</span><br /><br />BƯỚC 3: Bạn điền th&ocirc;ng tin theo hướng dẫn:<span>&nbsp;</span><br /><br /><span class=\"d-block pl-4\">T&ecirc;n chủ thẻ<span>&nbsp;</span><br />Số thẻ<br />Ng&agrave;y mở thẻ<span>&nbsp;</span><br />Nhận Mật khẩu OTP</span></p>\n<p><img src=\"http://demo2.laziweb.com/vanlang-html/assets/img/demo/img69.png\" alt=\"\" class=\"d-block mx-auto mb-4\" /></p>\n<p class=\"fl\">Bước 4: Cuối c&ugrave;ng bạn bấm v&agrave;o \"Thanh to&aacute;n\" để ho&agrave;n tất việc thanh to&aacute;n.<span>&nbsp;</span><br /><br />Lưu &yacute;: Bạn phải đăng k&yacute; dịch vụ Thanh to&aacute;n trực tuyến của Vietinbank để tiếp tục thực hiện giao dịch. Trường hợp chưa đăng k&yacute;, vui l&ograve;ng li&ecirc;n hệ theo số điện thoại 04.39421333 hoặc tham khảo Tại đ&acirc;y để biết th&ecirc;m chi tiết.</p>\n<p><img src=\"http://demo2.laziweb.com/vanlang-html/assets/img/demo/img71.png\" alt=\"\" class=\"d-block mx-auto mb-4\" /></p>\n<p class=\"fl\">3. HƯỚNG DẪN SỬ DỤNG THẺ VISA HOẶC MASTER CARD ĐỂ HO&Agrave;N TH&Agrave;NH THANH TO&Aacute;N:</p>\n<p><img src=\"http://demo2.laziweb.com/vanlang-html/assets/img/demo/img72.png\" alt=\"\" class=\"d-block mx-auto mb-4\" /></p>\n<p class=\"fl\">Sau khi nhập đủ c&aacute;c th&ocirc;ng tin click v&agrave;o tiếp tục.</p>\n<p><img src=\"http://demo2.laziweb.com/vanlang-html/assets/img/demo/img73.png\" alt=\"\" class=\"d-block mx-auto mb-4\" /></p>\n<p class=\"fb cl_blue\">4. HƯỚNG DẪN SỬ DỤNG THẺ ATM, T&Agrave;I KHOẢN NG&Acirc;N H&Agrave;NG NỘI ĐỊA ĐỂ HO&Agrave;N TH&Agrave;NH THANH TO&Aacute;N:</p>\n<p><img src=\"http://demo2.laziweb.com/vanlang-html/assets/img/demo/img74.png\" alt=\"\" class=\"d-block mx-auto mb-4\" /><img src=\"http://demo2.laziweb.com/vanlang-html/assets/img/demo/img75.png\" alt=\"\" class=\"d-block mx-auto mb-4\" /><img src=\"http://demo2.laziweb.com/vanlang-html/assets/img/demo/img76.png\" alt=\"\" class=\"d-block mx-auto mb-4\" /></p>','3','page','2018-11-30 10:43:43','2018-11-30 11:06:37'),('22','Bước 3','buoc-3','D. THANH TOÁN CHUYỂN KHOẢN QUA NGÂN HÀNG.','3','page','2018-11-30 10:43:43','2018-11-30 11:06:37'),('23','Nội dung 3','noi-dung-3','<p><img src=\"http://demo2.laziweb.com/vanlang-html/assets/img/demo/img77.png\" alt=\"\" class=\"d-block mx-auto mb-4\" /></p>\n<p class=\"fl\">Sau khi ho&agrave;n tất đặt h&agrave;ng tại bước x&aacute;c nhận đơn h&agrave;ng, bạn vui l&ograve;ng chuyển tiền v&agrave;o t&agrave;i khoản của ch&uacute;ng t&ocirc;i theo th&ocirc;ng tin sau:<span>&nbsp;</span><br /><br />Ng&acirc;n h&agrave;ng Eximbank - Chi nh&aacute;nh th&agrave;nh phố Hồ Ch&iacute; Minh<span>&nbsp;</span><br />T&ecirc;n t&agrave;i khoản: C&ocirc;ng ty CP Ph&aacute;t H&agrave;nh S&aacute;ch TPHCM - FAHASA<span>&nbsp;</span><br />Số t&agrave;i khoản: 200014851195859<span>&nbsp;</span><br />br Ch&uacute; &yacute;: Khi chuyển tiền, vui l&ograve;ng ghi r&otilde; M&atilde; số đơn h&agrave;ng m&agrave; bạn thanh to&aacute;n v&agrave;o phần ghi ch&uacute; của lệnh chuyển khoản. Sau đ&oacute; email cho ch&uacute;ng t&ocirc;i theo địa chỉ accounting@fahasa.com để th&ocirc;ng b&aacute;o việc chuyển tiền v&agrave; số t&agrave;i khoản của bạn để tiện trong việc kiểm tra đồng thời tiến h&agrave;nh giao h&agrave;ng sớm cho bạn. Hoặc bạn c&oacute; thể điện thoại cho ch&uacute;ng t&ocirc;i theo số (08)3838 8832 nếu cần sự hổ trợ Bạn vui l&ograve;ng thanh to&aacute;n ph&iacute; chuyển khoản</p>\n<p class=\"cl_blue fb\"></p>','3','page','2018-11-30 10:43:43','2018-11-30 11:06:37'),('24','Bước 4','buoc-4','F. THANH TOÁN BẰNG TIỀN MẶT KHI NHẬN HÀNG (COD)','3','page','2018-11-30 10:43:43','2018-11-30 11:06:37'),('25','Nội dung 4','noi-dung-4','<p></p>\n<p><main class=\"main-content\">\n<section class=\"contact-page\">\n<div class=\"container\">\n<div class=\"content px-30\"><img src=\"http://demo2.laziweb.com/vanlang-html/assets/img/demo/img78.png\" alt=\"\" class=\"d-block mx-auto mb-4\" />\n<p class=\"fl\">1.Đối với TP.HCM ( ngoại trừ: B&igrave;nh Ch&aacute;nh, H&oacute;c M&ocirc;n, Củ Chi, Cần Giờ )<span>&nbsp;</span><br /><br />- Nh&acirc;n vi&ecirc;n giao h&agrave;ng sẽ li&ecirc;n lạc trước với bạn để th&ocirc;ng b&aacute;o giao h&agrave;ng.Trường hợp bạn đi vắng vui l&ograve;ng ủy th&aacute;c cho người kh&aacute;c thanh to&aacute;nv&agrave; nhận thay. Bạn vui l&ograve;ng k&yacute; nhận h&agrave;ng v&agrave; thanh to&aacute;n tiền theo gi&aacute; trị ghi tr&ecirc;n phiếu giao h&agrave;ng v&agrave; h&oacute;a đơn VAT đ&iacute;nh k&egrave;m.Bạn kh&ocirc;ng phải trả th&ecirc;m một khoản ph&iacute; n&agrave;o kh&aacute;c<span>&nbsp;</span><br /><br />2. Đối với c&aacute;c Huyện B&igrave;nh Ch&aacute;nh, H&oacute;c M&ocirc;n, Củ Chi, Cần Giờ v&agrave; c&aacute;c tỉnh th&agrave;nh kh&aacute;c<span>&nbsp;</span><span class=\"text-underline\">với điều kiện địa chỉ thanh to&aacute;n cũng l&agrave; địa chỉ giao h&agrave;ng</span>:<span>&nbsp;</span><br /><br />- Nh&acirc;n vi&ecirc;n bưu điện địa phương sẽ đến địa chỉ bạn đăng k&yacute; để thu tiền v&agrave; giao h&agrave;ng.Trường hợp bạn đi vắng vui l&ograve;ng ủy th&aacute;c cho người kh&aacute;c thanh to&aacute;n v&agrave; nhận h&agrave;ng thay.Trường hợp kh&ocirc;ng c&oacute; người nhận, bưu điện sẽ để lại lời nhắn mời bạn đến bưu điện để nhận h&agrave;ng.<span>&nbsp;</span><br /><br />Đơn h&agrave;ng c&oacute; trị gi&aacute; dưới 240.000đ : phụ thu ph&iacute; thu hộ 13.000đ<span>&nbsp;</span><br />Đơn h&agrave;ng c&oacute; trị gi&aacute; từ 240.000đ trở l&ecirc;n: miễn ph&iacute; thu hộ<span>&nbsp;</span><br />Hoặc bạn c&oacute; thể điện thoại cho ch&uacute;ng t&ocirc;i theo số (08)3838 8832 nếu cần sự hổ trợ<span>&nbsp;</span><br />Bạn vui l&ograve;ng thanh to&aacute;n ph&iacute; chuyển khoản</p>\n</div>\n</div>\n</section>\n</main></p>\n<p></p>\n<footer class=\"footer mt-50\">\n<div class=\"container\">\n<div class=\"bg-white col\"><form action=\"http://demo2.laziweb.com/vanlang-html/phuong-thuc-thanh-toan.html\" class=\"promotion-form bb_5-e3 \"></form></div>\n</div>\n</footer>','3','page','2018-11-30 10:43:43','2018-11-30 11:06:37'),('26','Bước 1','buoc-1','','4','page','2018-11-30 11:07:28','2018-11-30 11:07:37'),('27','Nội dung 1','noi-dung-1','','4','page','2018-11-30 11:07:28','2018-11-30 11:07:37'),('28','Bước 2','buoc-2','','4','page','2018-11-30 11:07:28','2018-11-30 11:07:37'),('29','Nội dung 2','noi-dung-2','','4','page','2018-11-30 11:07:28','2018-11-30 11:07:37'),('30','Bước 3','buoc-3','','4','page','2018-11-30 11:07:28','2018-11-30 11:07:37'),('31','Nội dung 3','noi-dung-3','','4','page','2018-11-30 11:07:28','2018-11-30 11:07:37'),('32','Bước 4','buoc-4','','4','page','2018-11-30 11:07:28','2018-11-30 11:07:37'),('33','Nội dung 4','noi-dung-4','','4','page','2018-11-30 11:07:28','2018-11-30 11:07:37'),('34','Tác phẩm','tac-pham','[\"lorem-ipsum-dolor-sit-amet-co-21\",\"lorem-ipsum-dolor-sit-amet-co-26\",\"lorem-ipsum-dolor-sit-amet-co-28\",\"lorem-ipsum-dolor-sit-amet-co-19\"]','1','article','2018-11-30 11:56:21','2018-12-01 11:08:30'),('35','Nổi bật','noi-bat','true','1','article','2018-11-30 11:56:21','2018-12-01 11:08:30'),('36','Đại diện','dai-dien','true','1','article','2018-11-30 11:56:21','2018-12-01 11:08:30'),('37','Thể loại','the-loai','Tác giả','1','article','2018-11-30 11:56:21','2018-12-01 11:08:30'),('38','Tác phẩm','tac-pham','[\"lorem-ipsum-dolor-sit-amet-co-26\",\"lorem-ipsum-dolor-sit-amet-co-23\",\"lorem-ipsum-dolor-sit-amet-co-22\",\"lorem-ipsum-dolor-sit-amet-co-21\"]','2','article','2018-11-30 12:03:51','2018-11-30 15:29:05'),('39','Nổi bật','noi-bat','true','2','article','2018-11-30 12:03:51','2018-11-30 15:29:05'),('40','Đại diện','dai-dien','true','2','article','2018-11-30 12:03:51','2018-11-30 15:29:05'),('41','Thể loại','the-loai','Dịch giả','2','article','2018-11-30 12:03:51','2018-11-30 15:29:05'),('42','Tác phẩm','tac-pham','[\"lorem-ipsum-dolor-sit-amet-co-21\",\"lorem-ipsum-dolor-sit-amet-co-27\",\"lorem-ipsum-dolor-sit-amet-co-28\",\"lorem-ipsum-dolor-sit-amet-co-29\"]','3','article','2018-11-30 12:04:38','2018-12-01 11:00:52'),('43','Nổi bật','noi-bat','true','3','article','2018-11-30 12:04:38','2018-12-01 11:00:52'),('44','Đại diện','dai-dien','true','3','article','2018-11-30 12:04:38','2018-12-01 11:00:52'),('45','Thể loại','the-loai','Tác giả','3','article','2018-11-30 12:04:38','2018-12-01 11:00:52'),('46','Tác phẩm','tac-pham','[\"lorem-ipsum-dolor-sit-amet-co-26\",\"lorem-ipsum-dolor-sit-amet-co-29\",\"lorem-ipsum-dolor-sit-amet-co-28\",\"lorem-ipsum-dolor-sit-amet-co-27\",\"lorem-ipsum-dolor-sit-amet-co-25\",\"lorem-ipsum-dolor-sit-amet-co-24\"]','4','article','2018-11-30 14:04:50','2018-11-30 15:25:51'),('47','Nổi bật','noi-bat','true','4','article','2018-11-30 14:04:50','2018-11-30 15:25:51'),('48','Đại diện','dai-dien','false','4','article','2018-11-30 14:04:50','2018-11-30 15:25:51'),('49','Thể loại','the-loai','Tác giả','4','article','2018-11-30 14:04:50','2018-11-30 15:25:51'),('50','Tác phẩm','tac-pham','[\"lorem-ipsum-dolor-sit-amet-co-21\",\"lorem-ipsum-dolor-sit-amet-co-26\",\"lorem-ipsum-dolor-sit-amet-co-27\",\"lorem-ipsum-dolor-sit-amet-co-29\"]','5','article','2018-11-30 14:08:03','2018-12-01 11:08:48'),('51','Nổi bật','noi-bat','true','5','article','2018-11-30 14:08:03','2018-12-01 11:08:48'),('52','Đại diện','dai-dien','true','5','article','2018-11-30 14:08:03','2018-12-01 11:08:48'),('53','Thể loại','the-loai','Tác giả','5','article','2018-11-30 14:08:03','2018-12-01 11:08:48'),('54','Tác phẩm','tac-pham','[\"cuong-test\"]','6','article','2018-11-30 14:08:28','2018-11-30 14:08:41'),('55','Nổi bật','noi-bat','false','6','article','2018-11-30 14:08:28','2018-11-30 14:08:41'),('56','Đại diện','dai-dien','false','6','article','2018-11-30 14:08:28','2018-11-30 14:08:41'),('57','Thể loại','the-loai','Dịch giả','6','article','2018-11-30 14:08:28','2018-11-30 14:08:41'),('58','Tác phẩm','tac-pham','[\"cuong-test\"]','7','article','2018-11-30 14:08:55','2018-11-30 14:09:14'),('59','Nổi bật','noi-bat','false','7','article','2018-11-30 14:08:55','2018-11-30 14:09:14'),('60','Đại diện','dai-dien','false','7','article','2018-11-30 14:08:55','2018-11-30 14:09:14'),('61','Thể loại','the-loai','Dịch giả','7','article','2018-11-30 14:08:55','2018-11-30 14:09:14'),('62','Tác phẩm','tac-pham','[\"lorem-ipsum-dolor-sit-amet-co-9\",\"lorem-ipsum-dolor-sit-amet-co-8\",\"lorem-ipsum-dolor-sit-amet-co-7\",\"lorem-ipsum-dolor-sit-amet-co-6\"]','8','article','2018-11-30 14:10:14','2018-11-30 14:49:15'),('63','Nổi bật','noi-bat','true','8','article','2018-11-30 14:10:14','2018-11-30 14:49:15'),('64','Đại diện','dai-dien','false','8','article','2018-11-30 14:10:14','2018-11-30 14:49:15'),('65','Thể loại','the-loai','Tác giả','8','article','2018-11-30 14:10:14','2018-11-30 14:49:15'),('66','Tác phẩm','tac-pham','[\"cuong-test\"]','9','article','2018-11-30 14:10:40','2018-11-30 14:10:55'),('67','Nổi bật','noi-bat','true','9','article','2018-11-30 14:10:40','2018-11-30 14:10:55'),('68','Đại diện','dai-dien','false','9','article','2018-11-30 14:10:40','2018-11-30 14:10:55'),('69','Thể loại','the-loai','Tác giả','9','article','2018-11-30 14:10:40','2018-11-30 14:10:55'),('70','Tác phẩm','tac-pham','[\"lorem-ipsum-dolor-sit-amet-co-18\",\"lorem-ipsum-dolor-sit-amet-co-21\",\"lorem-ipsum-dolor-sit-amet-co-20\",\"lorem-ipsum-dolor-sit-amet-co-26\",\"lorem-ipsum-dolor-sit-amet-co-27\",\"lorem-ipsum-dolor-sit-amet-co-28\",\"lorem-ipsum-dolor-sit-amet-co-29\",\"lorem-ipsum-dolor-sit-amet-co-19\"]','10','article','2018-11-30 14:11:05','2018-12-01 11:03:43'),('71','Nổi bật','noi-bat','true','10','article','2018-11-30 14:11:05','2018-12-01 11:03:43'),('72','Đại diện','dai-dien','false','10','article','2018-11-30 14:11:05','2018-12-01 11:03:43'),('73','Thể loại','the-loai','Dịch giả','10','article','2018-11-30 14:11:05','2018-12-01 11:03:43'),('74','Tác phẩm','tac-pham','[\"lorem-ipsum-dolor-sit-amet-co-21\",\"lorem-ipsum-dolor-sit-amet-co-27\"]','11','article','2018-11-30 14:11:27','2018-12-01 11:08:03'),('75','Nổi bật','noi-bat','true','11','article','2018-11-30 14:11:27','2018-12-01 11:08:03'),('76','Đại diện','dai-dien','false','11','article','2018-11-30 14:11:27','2018-12-01 11:08:03'),('77','Thể loại','the-loai','Dịch giả','11','article','2018-11-30 14:11:27','2018-12-01 11:08:03'),('78','Tác phẩm','tac-pham','[\"lorem-ipsum-dolor-sit-amet-co-18\",\"lorem-ipsum-dolor-sit-amet-co-20\"]','12','article','2018-11-30 14:11:58','2018-12-01 11:07:54'),('79','Nổi bật','noi-bat','true','12','article','2018-11-30 14:11:58','2018-12-01 11:07:54'),('80','Đại diện','dai-dien','false','12','article','2018-11-30 14:11:58','2018-12-01 11:07:54'),('81','Thể loại','the-loai','Tác giả','12','article','2018-11-30 14:11:58','2018-12-01 11:07:54'),('82','Banner','banner','img59_1543546491.png','1','collection','2018-11-30 14:24:14','2018-12-01 15:58:39'),('83','Top banner','top-banner','[]','1','collection','2018-11-30 14:24:14','2018-12-01 15:58:39'),('84','Top 100 quốc văn','top-100-quoc-van','lich-ban','1','collection','2018-11-30 14:24:14','2018-12-01 15:58:39'),('85','Nuôi dạy con','nuoi-day-con','Nuôi dạy con','1','collection','2018-11-30 14:24:14','2018-12-01 15:58:39'),('86','Top sách','top-sach','[\"sap-phat-hanh\",\"lich-bloc\"]','1','collection','2018-11-30 14:24:14','2018-12-01 15:58:39'),('87','Link top sách','link-top-sach','/','1','collection','2018-11-30 14:24:14','2018-12-01 15:58:39'),('88','Sản phẩm khác','san-pham-khac','','1','collection','2018-11-30 14:24:14','2018-12-01 15:58:39'),('89','Văn phòng phẩm','van-phong-pham','','1','collection','2018-11-30 14:24:14','2018-12-01 15:58:39'),('90','Nhóm sản phẩm khác','nhom-san-pham-khac','','1','collection','2018-11-30 14:24:14','2018-12-01 15:58:39'),('91','Top sách thiếu nhi','top-sach-thieu-nhi','[]','1','collection','2018-11-30 14:24:14','2018-12-01 15:58:39'),('92','Link sách thiếu nhi','link-sach-thieu-nhi','','1','collection','2018-11-30 14:24:14','2018-12-01 15:58:39'),('93','Top 100 ngoại văn','top-100-ngoai-van','','1','collection','2018-11-30 14:24:14','2018-12-01 15:58:39'),('94','Top 100 bán chạy','top-100-ban-chay','','1','collection','2018-11-30 14:24:14','2018-12-01 15:58:39'),('95','Nhóm sách ngoại văn','nhom-sach-ngoai-van','','1','collection','2018-11-30 14:24:14','2018-12-01 15:58:39'),('96','Top sách ngoại văn','top-sach-ngoai-van','[]','1','collection','2018-11-30 14:24:14','2018-12-01 15:58:39'),('97','Link top ngoại văn','link-top-ngoai-van','','1','collection','2018-11-30 14:24:14','2018-12-01 15:58:39'),('98','Top sách ngoại văn 1','top-sach-ngoai-van-1','[]','1','collection','2018-11-30 14:24:14','2018-12-01 15:58:39'),('99','Link top ngoại văn 1','link-top-ngoai-van-1','','1','collection','2018-11-30 14:24:14','2018-12-01 15:58:39'),('100','Tác giả','tac-gia','amen-crish','2','product','2018-11-30 14:29:52','2018-11-30 14:34:51'),('101','Lưu ý 1','luu-y-1','Miễn phí vận chuyển với đơn hàng từ 300.000 đ','2','product','2018-11-30 14:29:52','2018-11-30 14:34:51'),('102','Lưu ý 2','luu-y-2','Dịch vụ bọc sách plastic chỉ với 3k/quyển','2','product','2018-11-30 14:29:52','2018-11-30 14:34:51'),('103','Bạn đọc quan tâm','ban-doc-quan-tam','daily-deals','2','product','2018-11-30 14:29:52','2018-11-30 14:34:51'),('104','Thông tin chi tiết','thong-tin-chi-tiet','<header class=\"book-list__header d-flex flex-wrap justify-content-between bb-1\">\n<h3 class=\"mr-sm-auto title text-uppercase fs_24 cl_blue mb-0 pb-0 fm\"></h3>\n</header>\n<div class=\"\">\n<div class=\"px-3 py-4\">\n<div class=\"table-responsivez\">\n<table class=\"table table-bordered mb-0\">\n<tbody>\n<tr class=\"tbody\"></tr>\n<tr>\n<td class=\"text\">C&ocirc;ng ty ph&aacute;t h&agrave;nh</td>\n<td></td>\n</tr>\n<tr>\n<td class=\"text\">T&aacute;c giả</td>\n<td>Leex Luthor</td>\n</tr>\n<tr>\n<td class=\"text\">Ng&agrave;y xuất bản</td>\n<td>08-2018</td>\n</tr>\n<tr>\n<td class=\"text\">K&iacute;ch thước</td>\n<td>14.5x20</td>\n</tr>\n<tr>\n<td class=\"text\">Nh&agrave; xuất bản</td>\n<td>Nh&agrave; xuất bản Thế giới</td>\n</tr>\n<tr>\n<td class=\"text\">Loại b&igrave;a</td>\n<td>B&igrave;a mềm</td>\n</tr>\n<tr>\n<td class=\"text\">Số trang</td>\n<td>376</td>\n</tr>\n<tr>\n<td class=\"text\">Trọng lượng</td>\n<td>25g</td>\n</tr>\n<tr>\n<td class=\"text\">SKU</td>\n<td>012654688445524</td>\n</tr>\n</tbody>\n</table>\n</div>\n</div>\n</div>','2','product','2018-11-30 14:29:52','2018-11-30 14:34:51'),('105','Bìa trước','bia-truoc','<p><img src=\"http://vanlang.demo3.laziweb.com/uploads/product-modal_1543546465.png\" alt=\"\" width=\"1080\" height=\"1668\" /></p>','2','product','2018-11-30 14:29:52','2018-11-30 14:34:51'),('106','Bìa sau','bia-sau','<p>B&igrave;a sau</p>','2','product','2018-11-30 14:29:52','2018-11-30 14:34:51'),('107','Mục lục','muc-luc','<p>Mục lục</p>','2','product','2018-11-30 14:29:52','2018-11-30 14:34:51'),('108','Nội dung','noi-dung','<p>Nội dung</p>','2','product','2018-11-30 14:29:52','2018-11-30 14:34:51'),('109','publish time','publish-time','2018-11-30 14:25:45','2','product','2018-11-30 14:29:52','2018-11-30 14:34:51'),('110','Tác giả','tac-gia','amen-crish','3','product','2018-11-30 14:42:42','2018-11-30 14:43:07'),('111','Lưu ý 1','luu-y-1','Miễn phí vận chuyển với đơn hàng từ 300.000 đ','3','product','2018-11-30 14:42:42','2018-11-30 14:43:07'),('112','Lưu ý 2','luu-y-2','Dịch vụ bọc sách plastic chỉ với 3k/quyển','3','product','2018-11-30 14:42:42','2018-11-30 14:43:07'),('113','Bạn đọc quan tâm','ban-doc-quan-tam','daily-deals','3','product','2018-11-30 14:42:42','2018-11-30 14:43:07'),('114','Thông tin chi tiết','thong-tin-chi-tiet','<header class=\"book-list__header d-flex flex-wrap justify-content-between bb-1\">\n<h3 class=\"mr-sm-auto title text-uppercase fs_24 cl_blue mb-0 pb-0 fm\"></h3>\n</header>\n<div class=\"\">\n<div class=\"px-3 py-4\">\n<div class=\"table-responsivez\">\n<table class=\"table table-bordered mb-0\">\n<tbody>\n<tr class=\"tbody\"></tr>\n<tr>\n<td class=\"text\">C&ocirc;ng ty ph&aacute;t h&agrave;nh</td>\n<td></td>\n</tr>\n<tr>\n<td class=\"text\">T&aacute;c giả</td>\n<td>Leex Luthor</td>\n</tr>\n<tr>\n<td class=\"text\">Ng&agrave;y xuất bản</td>\n<td>08-2018</td>\n</tr>\n<tr>\n<td class=\"text\">K&iacute;ch thước</td>\n<td>14.5x20</td>\n</tr>\n<tr>\n<td class=\"text\">Nh&agrave; xuất bản</td>\n<td>Nh&agrave; xuất bản Thế giới</td>\n</tr>\n<tr>\n<td class=\"text\">Loại b&igrave;a</td>\n<td>B&igrave;a mềm</td>\n</tr>\n<tr>\n<td class=\"text\">Số trang</td>\n<td>376</td>\n</tr>\n<tr>\n<td class=\"text\">Trọng lượng</td>\n<td>25g</td>\n</tr>\n<tr>\n<td class=\"text\">SKU</td>\n<td>012654688445524</td>\n</tr>\n</tbody>\n</table>\n</div>\n</div>\n</div>','3','product','2018-11-30 14:42:42','2018-11-30 14:43:07'),('115','Bìa trước','bia-truoc','<p><img src=\"http://vanlang.demo3.laziweb.com/uploads/product-modal_1543546465.png\" alt=\"\" width=\"1080\" height=\"1668\" /></p>','3','product','2018-11-30 14:42:42','2018-11-30 14:43:07'),('116','Bìa sau','bia-sau','<p>B&igrave;a sau</p>','3','product','2018-11-30 14:42:42','2018-11-30 14:43:07'),('117','Mục lục','muc-luc','<p>Mục lục</p>','3','product','2018-11-30 14:42:42','2018-11-30 14:43:07'),('118','Nội dung','noi-dung','<p>Nội dung</p>','3','product','2018-11-30 14:42:42','2018-11-30 14:43:07'),('119','publish time','publish-time','2018-11-30 14:25:45','3','product','2018-11-30 14:42:42','2018-11-30 14:43:07'),('120','Tác giả','tac-gia','amen-crish','4','product','2018-11-30 14:43:20','2018-11-30 14:43:35'),('121','Lưu ý 1','luu-y-1','Miễn phí vận chuyển với đơn hàng từ 300.000 đ','4','product','2018-11-30 14:43:20','2018-11-30 14:43:35'),('122','Lưu ý 2','luu-y-2','Dịch vụ bọc sách plastic chỉ với 3k/quyển','4','product','2018-11-30 14:43:20','2018-11-30 14:43:35'),('123','Bạn đọc quan tâm','ban-doc-quan-tam','daily-deals','4','product','2018-11-30 14:43:20','2018-11-30 14:43:35'),('124','Thông tin chi tiết','thong-tin-chi-tiet','<header class=\"book-list__header d-flex flex-wrap justify-content-between bb-1\">\n<h3 class=\"mr-sm-auto title text-uppercase fs_24 cl_blue mb-0 pb-0 fm\"></h3>\n</header>\n<div class=\"\">\n<div class=\"px-3 py-4\">\n<div class=\"table-responsivez\">\n<table class=\"table table-bordered mb-0\">\n<tbody>\n<tr class=\"tbody\"></tr>\n<tr>\n<td class=\"text\">C&ocirc;ng ty ph&aacute;t h&agrave;nh</td>\n<td></td>\n</tr>\n<tr>\n<td class=\"text\">T&aacute;c giả</td>\n<td>Leex Luthor</td>\n</tr>\n<tr>\n<td class=\"text\">Ng&agrave;y xuất bản</td>\n<td>08-2018</td>\n</tr>\n<tr>\n<td class=\"text\">K&iacute;ch thước</td>\n<td>14.5x20</td>\n</tr>\n<tr>\n<td class=\"text\">Nh&agrave; xuất bản</td>\n<td>Nh&agrave; xuất bản Thế giới</td>\n</tr>\n<tr>\n<td class=\"text\">Loại b&igrave;a</td>\n<td>B&igrave;a mềm</td>\n</tr>\n<tr>\n<td class=\"text\">Số trang</td>\n<td>376</td>\n</tr>\n<tr>\n<td class=\"text\">Trọng lượng</td>\n<td>25g</td>\n</tr>\n<tr>\n<td class=\"text\">SKU</td>\n<td>012654688445524</td>\n</tr>\n</tbody>\n</table>\n</div>\n</div>\n</div>','4','product','2018-11-30 14:43:20','2018-11-30 14:43:35'),('125','Bìa trước','bia-truoc','<p><img src=\"http://vanlang.demo3.laziweb.com/uploads/product-modal_1543546465.png\" alt=\"\" width=\"1080\" height=\"1668\" /></p>','4','product','2018-11-30 14:43:20','2018-11-30 14:43:35'),('126','Bìa sau','bia-sau','<p>B&igrave;a sau</p>','4','product','2018-11-30 14:43:20','2018-11-30 14:43:35'),('127','Mục lục','muc-luc','<p>Mục lục</p>','4','product','2018-11-30 14:43:20','2018-11-30 14:43:35'),('128','Nội dung','noi-dung','<p>Nội dung</p>','4','product','2018-11-30 14:43:20','2018-11-30 14:43:35'),('129','publish time','publish-time','2018-11-30 14:25:45','4','product','2018-11-30 14:43:20','2018-11-30 14:43:35'),('130','Tác giả','tac-gia','amen-crish','5','product','2018-11-30 14:43:50','2018-11-30 14:44:15'),('131','Lưu ý 1','luu-y-1','Miễn phí vận chuyển với đơn hàng từ 300.000 đ','5','product','2018-11-30 14:43:50','2018-11-30 14:44:15'),('132','Lưu ý 2','luu-y-2','Dịch vụ bọc sách plastic chỉ với 3k/quyển','5','product','2018-11-30 14:43:50','2018-11-30 14:44:15'),('133','Bạn đọc quan tâm','ban-doc-quan-tam','daily-deals','5','product','2018-11-30 14:43:50','2018-11-30 14:44:15'),('134','Thông tin chi tiết','thong-tin-chi-tiet','<header class=\"book-list__header d-flex flex-wrap justify-content-between bb-1\">\n<h3 class=\"mr-sm-auto title text-uppercase fs_24 cl_blue mb-0 pb-0 fm\"></h3>\n</header>\n<div class=\"\">\n<div class=\"px-3 py-4\">\n<div class=\"table-responsivez\">\n<table class=\"table table-bordered mb-0\">\n<tbody>\n<tr class=\"tbody\"></tr>\n<tr>\n<td class=\"text\">C&ocirc;ng ty ph&aacute;t h&agrave;nh</td>\n<td></td>\n</tr>\n<tr>\n<td class=\"text\">T&aacute;c giả</td>\n<td>Leex Luthor</td>\n</tr>\n<tr>\n<td class=\"text\">Ng&agrave;y xuất bản</td>\n<td>08-2018</td>\n</tr>\n<tr>\n<td class=\"text\">K&iacute;ch thước</td>\n<td>14.5x20</td>\n</tr>\n<tr>\n<td class=\"text\">Nh&agrave; xuất bản</td>\n<td>Nh&agrave; xuất bản Thế giới</td>\n</tr>\n<tr>\n<td class=\"text\">Loại b&igrave;a</td>\n<td>B&igrave;a mềm</td>\n</tr>\n<tr>\n<td class=\"text\">Số trang</td>\n<td>376</td>\n</tr>\n<tr>\n<td class=\"text\">Trọng lượng</td>\n<td>25g</td>\n</tr>\n<tr>\n<td class=\"text\">SKU</td>\n<td>012654688445524</td>\n</tr>\n</tbody>\n</table>\n</div>\n</div>\n</div>','5','product','2018-11-30 14:43:50','2018-11-30 14:44:15'),('135','Bìa trước','bia-truoc','<p><img src=\"http://vanlang.demo3.laziweb.com/uploads/product-modal_1543546465.png\" alt=\"\" width=\"1080\" height=\"1668\" /></p>','5','product','2018-11-30 14:43:50','2018-11-30 14:44:15'),('136','Bìa sau','bia-sau','<p>B&igrave;a sau</p>','5','product','2018-11-30 14:43:50','2018-11-30 14:44:15'),('137','Mục lục','muc-luc','<p>Mục lục</p>','5','product','2018-11-30 14:43:50','2018-11-30 14:44:15'),('138','Nội dung','noi-dung','<p>Nội dung</p>','5','product','2018-11-30 14:43:50','2018-11-30 14:44:15'),('139','publish time','publish-time','2018-11-30 14:25:45','5','product','2018-11-30 14:43:50','2018-11-30 14:44:15'),('140','Tác giả','tac-gia','amen-crish','6','product','2018-11-30 14:44:25','2018-11-30 14:44:46'),('141','Lưu ý 1','luu-y-1','Miễn phí vận chuyển với đơn hàng từ 300.000 đ','6','product','2018-11-30 14:44:25','2018-11-30 14:44:46'),('142','Lưu ý 2','luu-y-2','Dịch vụ bọc sách plastic chỉ với 3k/quyển','6','product','2018-11-30 14:44:25','2018-11-30 14:44:46'),('143','Bạn đọc quan tâm','ban-doc-quan-tam','daily-deals','6','product','2018-11-30 14:44:25','2018-11-30 14:44:46'),('144','Thông tin chi tiết','thong-tin-chi-tiet','<header class=\"book-list__header d-flex flex-wrap justify-content-between bb-1\">\n<h3 class=\"mr-sm-auto title text-uppercase fs_24 cl_blue mb-0 pb-0 fm\"></h3>\n</header>\n<div class=\"\">\n<div class=\"px-3 py-4\">\n<div class=\"table-responsivez\">\n<table class=\"table table-bordered mb-0\">\n<tbody>\n<tr class=\"tbody\"></tr>\n<tr>\n<td class=\"text\">C&ocirc;ng ty ph&aacute;t h&agrave;nh</td>\n<td></td>\n</tr>\n<tr>\n<td class=\"text\">T&aacute;c giả</td>\n<td>Leex Luthor</td>\n</tr>\n<tr>\n<td class=\"text\">Ng&agrave;y xuất bản</td>\n<td>08-2018</td>\n</tr>\n<tr>\n<td class=\"text\">K&iacute;ch thước</td>\n<td>14.5x20</td>\n</tr>\n<tr>\n<td class=\"text\">Nh&agrave; xuất bản</td>\n<td>Nh&agrave; xuất bản Thế giới</td>\n</tr>\n<tr>\n<td class=\"text\">Loại b&igrave;a</td>\n<td>B&igrave;a mềm</td>\n</tr>\n<tr>\n<td class=\"text\">Số trang</td>\n<td>376</td>\n</tr>\n<tr>\n<td class=\"text\">Trọng lượng</td>\n<td>25g</td>\n</tr>\n<tr>\n<td class=\"text\">SKU</td>\n<td>012654688445524</td>\n</tr>\n</tbody>\n</table>\n</div>\n</div>\n</div>','6','product','2018-11-30 14:44:25','2018-11-30 14:44:46'),('145','Bìa trước','bia-truoc','<p><img src=\"http://vanlang.demo3.laziweb.com/uploads/product-modal_1543546465.png\" alt=\"\" width=\"1080\" height=\"1668\" /></p>','6','product','2018-11-30 14:44:25','2018-11-30 14:44:46'),('146','Bìa sau','bia-sau','<p>B&igrave;a sau</p>','6','product','2018-11-30 14:44:25','2018-11-30 14:44:46'),('147','Mục lục','muc-luc','<p>Mục lục</p>','6','product','2018-11-30 14:44:25','2018-11-30 14:44:46'),('148','Nội dung','noi-dung','<p>Nội dung</p>','6','product','2018-11-30 14:44:25','2018-11-30 14:44:46'),('149','publish time','publish-time','2018-11-30 14:25:45','6','product','2018-11-30 14:44:25','2018-11-30 14:44:46'),('150','Tác giả','tac-gia','jonh-doe','7','product','2018-11-30 14:44:56','2018-11-30 14:45:21'),('151','Lưu ý 1','luu-y-1','Miễn phí vận chuyển với đơn hàng từ 300.000 đ','7','product','2018-11-30 14:44:56','2018-11-30 14:45:21'),('152','Lưu ý 2','luu-y-2','Dịch vụ bọc sách plastic chỉ với 3k/quyển','7','product','2018-11-30 14:44:56','2018-11-30 14:45:21'),('153','Bạn đọc quan tâm','ban-doc-quan-tam','daily-deals','7','product','2018-11-30 14:44:56','2018-11-30 14:45:21'),('154','Thông tin chi tiết','thong-tin-chi-tiet','<header class=\"book-list__header d-flex flex-wrap justify-content-between bb-1\">\n<h3 class=\"mr-sm-auto title text-uppercase fs_24 cl_blue mb-0 pb-0 fm\"></h3>\n</header>\n<div class=\"\">\n<div class=\"px-3 py-4\">\n<div class=\"table-responsivez\">\n<table class=\"table table-bordered mb-0\">\n<tbody>\n<tr class=\"tbody\"></tr>\n<tr>\n<td class=\"text\">C&ocirc;ng ty ph&aacute;t h&agrave;nh</td>\n<td></td>\n</tr>\n<tr>\n<td class=\"text\">T&aacute;c giả</td>\n<td>Leex Luthor</td>\n</tr>\n<tr>\n<td class=\"text\">Ng&agrave;y xuất bản</td>\n<td>08-2018</td>\n</tr>\n<tr>\n<td class=\"text\">K&iacute;ch thước</td>\n<td>14.5x20</td>\n</tr>\n<tr>\n<td class=\"text\">Nh&agrave; xuất bản</td>\n<td>Nh&agrave; xuất bản Thế giới</td>\n</tr>\n<tr>\n<td class=\"text\">Loại b&igrave;a</td>\n<td>B&igrave;a mềm</td>\n</tr>\n<tr>\n<td class=\"text\">Số trang</td>\n<td>376</td>\n</tr>\n<tr>\n<td class=\"text\">Trọng lượng</td>\n<td>25g</td>\n</tr>\n<tr>\n<td class=\"text\">SKU</td>\n<td>012654688445524</td>\n</tr>\n</tbody>\n</table>\n</div>\n</div>\n</div>','7','product','2018-11-30 14:44:56','2018-11-30 14:45:21'),('155','Bìa trước','bia-truoc','<p><img src=\"http://vanlang.demo3.laziweb.com/uploads/product-modal_1543546465.png\" alt=\"\" width=\"1080\" height=\"1668\" /></p>','7','product','2018-11-30 14:44:56','2018-11-30 14:45:21'),('156','Bìa sau','bia-sau','<p>B&igrave;a sau</p>','7','product','2018-11-30 14:44:56','2018-11-30 14:45:21'),('157','Mục lục','muc-luc','<p>Mục lục</p>','7','product','2018-11-30 14:44:56','2018-11-30 14:45:21'),('158','Nội dung','noi-dung','<p>Nội dung</p>','7','product','2018-11-30 14:44:56','2018-11-30 14:45:21'),('159','publish time','publish-time','2018-11-30 14:25:45','7','product','2018-11-30 14:44:56','2018-11-30 14:45:21'),('160','Tác giả','tac-gia','loi-co','8','product','2018-11-30 14:45:33','2018-11-30 14:45:48'),('161','Lưu ý 1','luu-y-1','Miễn phí vận chuyển với đơn hàng từ 300.000 đ','8','product','2018-11-30 14:45:33','2018-11-30 14:45:48'),('162','Lưu ý 2','luu-y-2','Dịch vụ bọc sách plastic chỉ với 3k/quyển','8','product','2018-11-30 14:45:33','2018-11-30 14:45:48'),('163','Bạn đọc quan tâm','ban-doc-quan-tam','daily-deals','8','product','2018-11-30 14:45:33','2018-11-30 14:45:48'),('164','Thông tin chi tiết','thong-tin-chi-tiet','<header class=\"book-list__header d-flex flex-wrap justify-content-between bb-1\">\n<h3 class=\"mr-sm-auto title text-uppercase fs_24 cl_blue mb-0 pb-0 fm\"></h3>\n</header>\n<div class=\"\">\n<div class=\"px-3 py-4\">\n<div class=\"table-responsivez\">\n<table class=\"table table-bordered mb-0\">\n<tbody>\n<tr class=\"tbody\"></tr>\n<tr>\n<td class=\"text\">C&ocirc;ng ty ph&aacute;t h&agrave;nh</td>\n<td></td>\n</tr>\n<tr>\n<td class=\"text\">T&aacute;c giả</td>\n<td>Leex Luthor</td>\n</tr>\n<tr>\n<td class=\"text\">Ng&agrave;y xuất bản</td>\n<td>08-2018</td>\n</tr>\n<tr>\n<td class=\"text\">K&iacute;ch thước</td>\n<td>14.5x20</td>\n</tr>\n<tr>\n<td class=\"text\">Nh&agrave; xuất bản</td>\n<td>Nh&agrave; xuất bản Thế giới</td>\n</tr>\n<tr>\n<td class=\"text\">Loại b&igrave;a</td>\n<td>B&igrave;a mềm</td>\n</tr>\n<tr>\n<td class=\"text\">Số trang</td>\n<td>376</td>\n</tr>\n<tr>\n<td class=\"text\">Trọng lượng</td>\n<td>25g</td>\n</tr>\n<tr>\n<td class=\"text\">SKU</td>\n<td>012654688445524</td>\n</tr>\n</tbody>\n</table>\n</div>\n</div>\n</div>','8','product','2018-11-30 14:45:33','2018-11-30 14:45:48'),('165','Bìa trước','bia-truoc','<p><img src=\"http://vanlang.demo3.laziweb.com/uploads/product-modal_1543546465.png\" alt=\"\" width=\"1080\" height=\"1668\" /></p>','8','product','2018-11-30 14:45:33','2018-11-30 14:45:48'),('166','Bìa sau','bia-sau','<p>B&igrave;a sau</p>','8','product','2018-11-30 14:45:33','2018-11-30 14:45:48'),('167','Mục lục','muc-luc','<p>Mục lục</p>','8','product','2018-11-30 14:45:33','2018-11-30 14:45:48'),('168','Nội dung','noi-dung','<p>Nội dung</p>','8','product','2018-11-30 14:45:33','2018-11-30 14:45:48'),('169','publish time','publish-time','2018-11-30 14:25:45','8','product','2018-11-30 14:45:33','2018-11-30 14:45:48'),('170','Tác giả','tac-gia','adam-smith','9','product','2018-11-30 14:46:00','2018-11-30 14:46:18'),('171','Lưu ý 1','luu-y-1','Miễn phí vận chuyển với đơn hàng từ 300.000 đ','9','product','2018-11-30 14:46:00','2018-11-30 14:46:18'),('172','Lưu ý 2','luu-y-2','Dịch vụ bọc sách plastic chỉ với 3k/quyển','9','product','2018-11-30 14:46:00','2018-11-30 14:46:18'),('173','Bạn đọc quan tâm','ban-doc-quan-tam','daily-deals','9','product','2018-11-30 14:46:00','2018-11-30 14:46:18'),('174','Thông tin chi tiết','thong-tin-chi-tiet','<header class=\"book-list__header d-flex flex-wrap justify-content-between bb-1\">\n<h3 class=\"mr-sm-auto title text-uppercase fs_24 cl_blue mb-0 pb-0 fm\"></h3>\n</header>\n<div class=\"\">\n<div class=\"px-3 py-4\">\n<div class=\"table-responsivez\">\n<table class=\"table table-bordered mb-0\">\n<tbody>\n<tr class=\"tbody\"></tr>\n<tr>\n<td class=\"text\">C&ocirc;ng ty ph&aacute;t h&agrave;nh</td>\n<td></td>\n</tr>\n<tr>\n<td class=\"text\">T&aacute;c giả</td>\n<td>Leex Luthor</td>\n</tr>\n<tr>\n<td class=\"text\">Ng&agrave;y xuất bản</td>\n<td>08-2018</td>\n</tr>\n<tr>\n<td class=\"text\">K&iacute;ch thước</td>\n<td>14.5x20</td>\n</tr>\n<tr>\n<td class=\"text\">Nh&agrave; xuất bản</td>\n<td>Nh&agrave; xuất bản Thế giới</td>\n</tr>\n<tr>\n<td class=\"text\">Loại b&igrave;a</td>\n<td>B&igrave;a mềm</td>\n</tr>\n<tr>\n<td class=\"text\">Số trang</td>\n<td>376</td>\n</tr>\n<tr>\n<td class=\"text\">Trọng lượng</td>\n<td>25g</td>\n</tr>\n<tr>\n<td class=\"text\">SKU</td>\n<td>012654688445524</td>\n</tr>\n</tbody>\n</table>\n</div>\n</div>\n</div>','9','product','2018-11-30 14:46:00','2018-11-30 14:46:18'),('175','Bìa trước','bia-truoc','<p><img src=\"http://vanlang.demo3.laziweb.com/uploads/product-modal_1543546465.png\" alt=\"\" width=\"1080\" height=\"1668\" /></p>','9','product','2018-11-30 14:46:00','2018-11-30 14:46:18'),('176','Bìa sau','bia-sau','<p>B&igrave;a sau</p>','9','product','2018-11-30 14:46:00','2018-11-30 14:46:18'),('177','Mục lục','muc-luc','<p>Mục lục</p>','9','product','2018-11-30 14:46:00','2018-11-30 14:46:18'),('178','Nội dung','noi-dung','<p>Nội dung</p>','9','product','2018-11-30 14:46:00','2018-11-30 14:46:18'),('179','publish time','publish-time','2018-11-30 14:25:45','9','product','2018-11-30 14:46:00','2018-11-30 14:46:18'),('180','Tác giả','tac-gia','adam-smith','10','product','2018-11-30 14:46:30','2018-11-30 14:46:50'),('181','Lưu ý 1','luu-y-1','Miễn phí vận chuyển với đơn hàng từ 300.000 đ','10','product','2018-11-30 14:46:30','2018-11-30 14:46:50'),('182','Lưu ý 2','luu-y-2','Dịch vụ bọc sách plastic chỉ với 3k/quyển','10','product','2018-11-30 14:46:30','2018-11-30 14:46:50'),('183','Bạn đọc quan tâm','ban-doc-quan-tam','daily-deals','10','product','2018-11-30 14:46:30','2018-11-30 14:46:50'),('184','Thông tin chi tiết','thong-tin-chi-tiet','<header class=\"book-list__header d-flex flex-wrap justify-content-between bb-1\">\n<h3 class=\"mr-sm-auto title text-uppercase fs_24 cl_blue mb-0 pb-0 fm\"></h3>\n</header>\n<div class=\"\">\n<div class=\"px-3 py-4\">\n<div class=\"table-responsivez\">\n<table class=\"table table-bordered mb-0\">\n<tbody>\n<tr class=\"tbody\"></tr>\n<tr>\n<td class=\"text\">C&ocirc;ng ty ph&aacute;t h&agrave;nh</td>\n<td></td>\n</tr>\n<tr>\n<td class=\"text\">T&aacute;c giả</td>\n<td>Leex Luthor</td>\n</tr>\n<tr>\n<td class=\"text\">Ng&agrave;y xuất bản</td>\n<td>08-2018</td>\n</tr>\n<tr>\n<td class=\"text\">K&iacute;ch thước</td>\n<td>14.5x20</td>\n</tr>\n<tr>\n<td class=\"text\">Nh&agrave; xuất bản</td>\n<td>Nh&agrave; xuất bản Thế giới</td>\n</tr>\n<tr>\n<td class=\"text\">Loại b&igrave;a</td>\n<td>B&igrave;a mềm</td>\n</tr>\n<tr>\n<td class=\"text\">Số trang</td>\n<td>376</td>\n</tr>\n<tr>\n<td class=\"text\">Trọng lượng</td>\n<td>25g</td>\n</tr>\n<tr>\n<td class=\"text\">SKU</td>\n<td>012654688445524</td>\n</tr>\n</tbody>\n</table>\n</div>\n</div>\n</div>','10','product','2018-11-30 14:46:30','2018-11-30 14:46:50'),('185','Bìa trước','bia-truoc','<p><img src=\"http://vanlang.demo3.laziweb.com/uploads/product-modal_1543546465.png\" alt=\"\" width=\"1080\" height=\"1668\" /></p>','10','product','2018-11-30 14:46:30','2018-11-30 14:46:50'),('186','Bìa sau','bia-sau','<p>B&igrave;a sau</p>','10','product','2018-11-30 14:46:30','2018-11-30 14:46:50'),('187','Mục lục','muc-luc','<p>Mục lục</p>','10','product','2018-11-30 14:46:30','2018-11-30 14:46:50'),('188','Nội dung','noi-dung','<p>Nội dung</p>','10','product','2018-11-30 14:46:30','2018-11-30 14:46:50'),('189','publish time','publish-time','2018-11-30 14:25:45','10','product','2018-11-30 14:46:30','2018-11-30 14:46:50'),('190','Tác giả','tac-gia','adam-smith','11','product','2018-11-30 14:47:02','2018-11-30 14:47:25'),('191','Lưu ý 1','luu-y-1','Miễn phí vận chuyển với đơn hàng từ 300.000 đ','11','product','2018-11-30 14:47:02','2018-11-30 14:47:25'),('192','Lưu ý 2','luu-y-2','Dịch vụ bọc sách plastic chỉ với 3k/quyển','11','product','2018-11-30 14:47:02','2018-11-30 14:47:25'),('193','Bạn đọc quan tâm','ban-doc-quan-tam','daily-deals','11','product','2018-11-30 14:47:02','2018-11-30 14:47:25'),('194','Thông tin chi tiết','thong-tin-chi-tiet','<header class=\"book-list__header d-flex flex-wrap justify-content-between bb-1\">\n<h3 class=\"mr-sm-auto title text-uppercase fs_24 cl_blue mb-0 pb-0 fm\"></h3>\n</header>\n<div class=\"\">\n<div class=\"px-3 py-4\">\n<div class=\"table-responsivez\">\n<table class=\"table table-bordered mb-0\">\n<tbody>\n<tr class=\"tbody\"></tr>\n<tr>\n<td class=\"text\">C&ocirc;ng ty ph&aacute;t h&agrave;nh</td>\n<td></td>\n</tr>\n<tr>\n<td class=\"text\">T&aacute;c giả</td>\n<td>Leex Luthor</td>\n</tr>\n<tr>\n<td class=\"text\">Ng&agrave;y xuất bản</td>\n<td>08-2018</td>\n</tr>\n<tr>\n<td class=\"text\">K&iacute;ch thước</td>\n<td>14.5x20</td>\n</tr>\n<tr>\n<td class=\"text\">Nh&agrave; xuất bản</td>\n<td>Nh&agrave; xuất bản Thế giới</td>\n</tr>\n<tr>\n<td class=\"text\">Loại b&igrave;a</td>\n<td>B&igrave;a mềm</td>\n</tr>\n<tr>\n<td class=\"text\">Số trang</td>\n<td>376</td>\n</tr>\n<tr>\n<td class=\"text\">Trọng lượng</td>\n<td>25g</td>\n</tr>\n<tr>\n<td class=\"text\">SKU</td>\n<td>012654688445524</td>\n</tr>\n</tbody>\n</table>\n</div>\n</div>\n</div>','11','product','2018-11-30 14:47:02','2018-11-30 14:47:25'),('195','Bìa trước','bia-truoc','<p><img src=\"http://vanlang.demo3.laziweb.com/uploads/product-modal_1543546465.png\" alt=\"\" width=\"1080\" height=\"1668\" /></p>','11','product','2018-11-30 14:47:02','2018-11-30 14:47:25'),('196','Bìa sau','bia-sau','<p>B&igrave;a sau</p>','11','product','2018-11-30 14:47:02','2018-11-30 14:47:25'),('197','Mục lục','muc-luc','<p>Mục lục</p>','11','product','2018-11-30 14:47:02','2018-11-30 14:47:25'),('198','Nội dung','noi-dung','<p>Nội dung</p>','11','product','2018-11-30 14:47:02','2018-11-30 14:47:25'),('199','publish time','publish-time','2018-11-30 14:25:45','11','product','2018-11-30 14:47:02','2018-11-30 14:47:25'),('200','Tác giả','tac-gia','hoang-phong','12','product','2018-11-30 14:47:36','2018-11-30 14:47:59'),('201','Lưu ý 1','luu-y-1','Miễn phí vận chuyển với đơn hàng từ 300.000 đ','12','product','2018-11-30 14:47:36','2018-11-30 14:47:59'),('202','Lưu ý 2','luu-y-2','Dịch vụ bọc sách plastic chỉ với 3k/quyển','12','product','2018-11-30 14:47:36','2018-11-30 14:47:59'),('203','Bạn đọc quan tâm','ban-doc-quan-tam','daily-deals','12','product','2018-11-30 14:47:36','2018-11-30 14:47:59'),('204','Thông tin chi tiết','thong-tin-chi-tiet','<header class=\"book-list__header d-flex flex-wrap justify-content-between bb-1\">\n<h3 class=\"mr-sm-auto title text-uppercase fs_24 cl_blue mb-0 pb-0 fm\"></h3>\n</header>\n<div class=\"\">\n<div class=\"px-3 py-4\">\n<div class=\"table-responsivez\">\n<table class=\"table table-bordered mb-0\">\n<tbody>\n<tr class=\"tbody\"></tr>\n<tr>\n<td class=\"text\">C&ocirc;ng ty ph&aacute;t h&agrave;nh</td>\n<td></td>\n</tr>\n<tr>\n<td class=\"text\">T&aacute;c giả</td>\n<td>Leex Luthor</td>\n</tr>\n<tr>\n<td class=\"text\">Ng&agrave;y xuất bản</td>\n<td>08-2018</td>\n</tr>\n<tr>\n<td class=\"text\">K&iacute;ch thước</td>\n<td>14.5x20</td>\n</tr>\n<tr>\n<td class=\"text\">Nh&agrave; xuất bản</td>\n<td>Nh&agrave; xuất bản Thế giới</td>\n</tr>\n<tr>\n<td class=\"text\">Loại b&igrave;a</td>\n<td>B&igrave;a mềm</td>\n</tr>\n<tr>\n<td class=\"text\">Số trang</td>\n<td>376</td>\n</tr>\n<tr>\n<td class=\"text\">Trọng lượng</td>\n<td>25g</td>\n</tr>\n<tr>\n<td class=\"text\">SKU</td>\n<td>012654688445524</td>\n</tr>\n</tbody>\n</table>\n</div>\n</div>\n</div>','12','product','2018-11-30 14:47:36','2018-11-30 14:47:59'),('205','Bìa trước','bia-truoc','<p><img src=\"http://vanlang.demo3.laziweb.com/uploads/product-modal_1543546465.png\" alt=\"\" width=\"1080\" height=\"1668\" /></p>','12','product','2018-11-30 14:47:36','2018-11-30 14:47:59'),('206','Bìa sau','bia-sau','<p>B&igrave;a sau</p>','12','product','2018-11-30 14:47:36','2018-11-30 14:47:59'),('207','Mục lục','muc-luc','<p>Mục lục</p>','12','product','2018-11-30 14:47:36','2018-11-30 14:47:59'),('208','Nội dung','noi-dung','<p>Nội dung</p>','12','product','2018-11-30 14:47:36','2018-11-30 14:47:59'),('209','publish time','publish-time','2018-11-30 14:25:45','12','product','2018-11-30 14:47:36','2018-11-30 14:47:59'),('210','Tác giả','tac-gia','hoang-phong','13','product','2018-11-30 14:55:23','2018-11-30 14:55:59'),('211','Lưu ý 1','luu-y-1','Miễn phí vận chuyển với đơn hàng từ 300.000 đ','13','product','2018-11-30 14:55:23','2018-11-30 14:55:59'),('212','Lưu ý 2','luu-y-2','Dịch vụ bọc sách plastic chỉ với 3k/quyển','13','product','2018-11-30 14:55:23','2018-11-30 14:55:59'),('213','Bạn đọc quan tâm','ban-doc-quan-tam','daily-deals','13','product','2018-11-30 14:55:23','2018-11-30 14:55:59'),('214','Thông tin chi tiết','thong-tin-chi-tiet','<header class=\"book-list__header d-flex flex-wrap justify-content-between bb-1\">\n<h3 class=\"mr-sm-auto title text-uppercase fs_24 cl_blue mb-0 pb-0 fm\"></h3>\n</header>\n<div class=\"\">\n<div class=\"px-3 py-4\">\n<div class=\"table-responsivez\">\n<table class=\"table table-bordered mb-0\">\n<tbody>\n<tr class=\"tbody\"></tr>\n<tr>\n<td class=\"text\">C&ocirc;ng ty ph&aacute;t h&agrave;nh</td>\n<td></td>\n</tr>\n<tr>\n<td class=\"text\">T&aacute;c giả</td>\n<td>Leex Luthor</td>\n</tr>\n<tr>\n<td class=\"text\">Ng&agrave;y xuất bản</td>\n<td>08-2018</td>\n</tr>\n<tr>\n<td class=\"text\">K&iacute;ch thước</td>\n<td>14.5x20</td>\n</tr>\n<tr>\n<td class=\"text\">Nh&agrave; xuất bản</td>\n<td>Nh&agrave; xuất bản Thế giới</td>\n</tr>\n<tr>\n<td class=\"text\">Loại b&igrave;a</td>\n<td>B&igrave;a mềm</td>\n</tr>\n<tr>\n<td class=\"text\">Số trang</td>\n<td>376</td>\n</tr>\n<tr>\n<td class=\"text\">Trọng lượng</td>\n<td>25g</td>\n</tr>\n<tr>\n<td class=\"text\">SKU</td>\n<td>012654688445524</td>\n</tr>\n</tbody>\n</table>\n</div>\n</div>\n</div>','13','product','2018-11-30 14:55:23','2018-11-30 14:55:59'),('215','Bìa trước','bia-truoc','<p><img src=\"http://vanlang.demo3.laziweb.com/uploads/product-modal_1543546465.png\" alt=\"\" width=\"1080\" height=\"1668\" /></p>','13','product','2018-11-30 14:55:23','2018-11-30 14:55:59'),('216','Bìa sau','bia-sau','<p>B&igrave;a sau</p>','13','product','2018-11-30 14:55:23','2018-11-30 14:55:59'),('217','Mục lục','muc-luc','<p>Mục lục</p>','13','product','2018-11-30 14:55:23','2018-11-30 14:55:59'),('218','Nội dung','noi-dung','<p>Nội dung</p>','13','product','2018-11-30 14:55:23','2018-11-30 14:55:59'),('219','publish time','publish-time','2018-11-30 14:25:45','13','product','2018-11-30 14:55:23','2018-11-30 14:55:59'),('220','Tác giả','tac-gia','hoang-phong','14','product','2018-11-30 14:56:11','2018-11-30 14:56:33'),('221','Lưu ý 1','luu-y-1','Miễn phí vận chuyển với đơn hàng từ 300.000 đ','14','product','2018-11-30 14:56:11','2018-11-30 14:56:33'),('222','Lưu ý 2','luu-y-2','Dịch vụ bọc sách plastic chỉ với 3k/quyển','14','product','2018-11-30 14:56:11','2018-11-30 14:56:33'),('223','Bạn đọc quan tâm','ban-doc-quan-tam','daily-deals','14','product','2018-11-30 14:56:11','2018-11-30 14:56:33'),('224','Thông tin chi tiết','thong-tin-chi-tiet','<header class=\"book-list__header d-flex flex-wrap justify-content-between bb-1\">\n<h3 class=\"mr-sm-auto title text-uppercase fs_24 cl_blue mb-0 pb-0 fm\"></h3>\n</header>\n<div class=\"\">\n<div class=\"px-3 py-4\">\n<div class=\"table-responsivez\">\n<table class=\"table table-bordered mb-0\">\n<tbody>\n<tr class=\"tbody\"></tr>\n<tr>\n<td class=\"text\">C&ocirc;ng ty ph&aacute;t h&agrave;nh</td>\n<td></td>\n</tr>\n<tr>\n<td class=\"text\">T&aacute;c giả</td>\n<td>Leex Luthor</td>\n</tr>\n<tr>\n<td class=\"text\">Ng&agrave;y xuất bản</td>\n<td>08-2018</td>\n</tr>\n<tr>\n<td class=\"text\">K&iacute;ch thước</td>\n<td>14.5x20</td>\n</tr>\n<tr>\n<td class=\"text\">Nh&agrave; xuất bản</td>\n<td>Nh&agrave; xuất bản Thế giới</td>\n</tr>\n<tr>\n<td class=\"text\">Loại b&igrave;a</td>\n<td>B&igrave;a mềm</td>\n</tr>\n<tr>\n<td class=\"text\">Số trang</td>\n<td>376</td>\n</tr>\n<tr>\n<td class=\"text\">Trọng lượng</td>\n<td>25g</td>\n</tr>\n<tr>\n<td class=\"text\">SKU</td>\n<td>012654688445524</td>\n</tr>\n</tbody>\n</table>\n</div>\n</div>\n</div>','14','product','2018-11-30 14:56:11','2018-11-30 14:56:33'),('225','Bìa trước','bia-truoc','<p><img src=\"http://vanlang.demo3.laziweb.com/uploads/product-modal_1543546465.png\" alt=\"\" width=\"1080\" height=\"1668\" /></p>','14','product','2018-11-30 14:56:11','2018-11-30 14:56:33'),('226','Bìa sau','bia-sau','<p>B&igrave;a sau</p>','14','product','2018-11-30 14:56:11','2018-11-30 14:56:33'),('227','Mục lục','muc-luc','<p>Mục lục</p>','14','product','2018-11-30 14:56:11','2018-11-30 14:56:33'),('228','Nội dung','noi-dung','<p>Nội dung</p>','14','product','2018-11-30 14:56:11','2018-11-30 14:56:33'),('229','publish time','publish-time','2018-11-30 14:25:45','14','product','2018-11-30 14:56:11','2018-11-30 14:56:33'),('230','Tác giả','tac-gia','nguyen-phong','15','product','2018-11-30 14:56:56','2018-11-30 15:10:15'),('231','Lưu ý 1','luu-y-1','Miễn phí vận chuyển với đơn hàng từ 300.000 đ','15','product','2018-11-30 14:56:56','2018-11-30 15:10:15'),('232','Lưu ý 2','luu-y-2','Dịch vụ bọc sách plastic chỉ với 3k/quyển','15','product','2018-11-30 14:56:56','2018-11-30 15:10:15'),('233','Bạn đọc quan tâm','ban-doc-quan-tam','daily-deals','15','product','2018-11-30 14:56:56','2018-11-30 15:10:15'),('234','Thông tin chi tiết','thong-tin-chi-tiet','<header class=\"book-list__header d-flex flex-wrap justify-content-between bb-1\">\n<h3 class=\"mr-sm-auto title text-uppercase fs_24 cl_blue mb-0 pb-0 fm\"></h3>\n</header>\n<div class=\"\">\n<div class=\"px-3 py-4\">\n<div class=\"table-responsivez\">\n<table class=\"table table-bordered mb-0\">\n<tbody>\n<tr class=\"tbody\"></tr>\n<tr>\n<td class=\"text\">C&ocirc;ng ty ph&aacute;t h&agrave;nh</td>\n<td></td>\n</tr>\n<tr>\n<td class=\"text\">T&aacute;c giả</td>\n<td>Leex Luthor</td>\n</tr>\n<tr>\n<td class=\"text\">Ng&agrave;y xuất bản</td>\n<td>08-2018</td>\n</tr>\n<tr>\n<td class=\"text\">K&iacute;ch thước</td>\n<td>14.5x20</td>\n</tr>\n<tr>\n<td class=\"text\">Nh&agrave; xuất bản</td>\n<td>Nh&agrave; xuất bản Thế giới</td>\n</tr>\n<tr>\n<td class=\"text\">Loại b&igrave;a</td>\n<td>B&igrave;a mềm</td>\n</tr>\n<tr>\n<td class=\"text\">Số trang</td>\n<td>376</td>\n</tr>\n<tr>\n<td class=\"text\">Trọng lượng</td>\n<td>25g</td>\n</tr>\n<tr>\n<td class=\"text\">SKU</td>\n<td>012654688445524</td>\n</tr>\n</tbody>\n</table>\n</div>\n</div>\n</div>','15','product','2018-11-30 14:56:56','2018-11-30 15:10:15'),('235','Bìa trước','bia-truoc','<p><img src=\"http://vanlang.demo3.laziweb.com/uploads/product-modal_1543546465.png\" alt=\"\" width=\"1080\" height=\"1668\" /></p>','15','product','2018-11-30 14:56:56','2018-11-30 15:10:15'),('236','Bìa sau','bia-sau','<p>B&igrave;a sau</p>','15','product','2018-11-30 14:56:56','2018-11-30 15:10:15'),('237','Mục lục','muc-luc','<p>Mục lục</p>','15','product','2018-11-30 14:56:56','2018-11-30 15:10:15'),('238','Nội dung','noi-dung','<p>Nội dung</p>','15','product','2018-11-30 14:56:56','2018-11-30 15:10:15'),('239','publish time','publish-time','2018-11-30 14:25:45','15','product','2018-11-30 14:56:56','2018-11-30 15:10:15'),('240','Tác giả','tac-gia','nguyen-phong','16','product','2018-11-30 14:59:03','2018-11-30 14:59:29'),('241','Lưu ý 1','luu-y-1','Miễn phí vận chuyển với đơn hàng từ 300.000 đ','16','product','2018-11-30 14:59:03','2018-11-30 14:59:29'),('242','Lưu ý 2','luu-y-2','Dịch vụ bọc sách plastic chỉ với 3k/quyển','16','product','2018-11-30 14:59:03','2018-11-30 14:59:29'),('243','Bạn đọc quan tâm','ban-doc-quan-tam','daily-deals','16','product','2018-11-30 14:59:03','2018-11-30 14:59:29'),('244','Thông tin chi tiết','thong-tin-chi-tiet','<header class=\"book-list__header d-flex flex-wrap justify-content-between bb-1\">\n<h3 class=\"mr-sm-auto title text-uppercase fs_24 cl_blue mb-0 pb-0 fm\"></h3>\n</header>\n<div class=\"\">\n<div class=\"px-3 py-4\">\n<div class=\"table-responsivez\">\n<table class=\"table table-bordered mb-0\">\n<tbody>\n<tr class=\"tbody\"></tr>\n<tr>\n<td class=\"text\">C&ocirc;ng ty ph&aacute;t h&agrave;nh</td>\n<td></td>\n</tr>\n<tr>\n<td class=\"text\">T&aacute;c giả</td>\n<td>Leex Luthor</td>\n</tr>\n<tr>\n<td class=\"text\">Ng&agrave;y xuất bản</td>\n<td>08-2018</td>\n</tr>\n<tr>\n<td class=\"text\">K&iacute;ch thước</td>\n<td>14.5x20</td>\n</tr>\n<tr>\n<td class=\"text\">Nh&agrave; xuất bản</td>\n<td>Nh&agrave; xuất bản Thế giới</td>\n</tr>\n<tr>\n<td class=\"text\">Loại b&igrave;a</td>\n<td>B&igrave;a mềm</td>\n</tr>\n<tr>\n<td class=\"text\">Số trang</td>\n<td>376</td>\n</tr>\n<tr>\n<td class=\"text\">Trọng lượng</td>\n<td>25g</td>\n</tr>\n<tr>\n<td class=\"text\">SKU</td>\n<td>012654688445524</td>\n</tr>\n</tbody>\n</table>\n</div>\n</div>\n</div>','16','product','2018-11-30 14:59:03','2018-11-30 14:59:29'),('245','Bìa trước','bia-truoc','<p><img src=\"http://vanlang.demo3.laziweb.com/uploads/product-modal_1543546465.png\" alt=\"\" width=\"1080\" height=\"1668\" /></p>','16','product','2018-11-30 14:59:03','2018-11-30 14:59:29'),('246','Bìa sau','bia-sau','<p>B&igrave;a sau</p>','16','product','2018-11-30 14:59:03','2018-11-30 14:59:29'),('247','Mục lục','muc-luc','<p>Mục lục</p>','16','product','2018-11-30 14:59:03','2018-11-30 14:59:29'),('248','Nội dung','noi-dung','<p>Nội dung</p>','16','product','2018-11-30 14:59:03','2018-11-30 14:59:29'),('249','publish time','publish-time','2018-11-30 14:25:45','16','product','2018-11-30 14:59:03','2018-11-30 14:59:29'),('250','Tác giả','tac-gia','nguyen-phong','17','product','2018-11-30 14:59:42','2018-11-30 15:00:11'),('251','Lưu ý 1','luu-y-1','Miễn phí vận chuyển với đơn hàng từ 300.000 đ','17','product','2018-11-30 14:59:42','2018-11-30 15:00:11'),('252','Lưu ý 2','luu-y-2','Dịch vụ bọc sách plastic chỉ với 3k/quyển','17','product','2018-11-30 14:59:42','2018-11-30 15:00:11'),('253','Bạn đọc quan tâm','ban-doc-quan-tam','daily-deals','17','product','2018-11-30 14:59:42','2018-11-30 15:00:11'),('254','Thông tin chi tiết','thong-tin-chi-tiet','<header class=\"book-list__header d-flex flex-wrap justify-content-between bb-1\">\n<h3 class=\"mr-sm-auto title text-uppercase fs_24 cl_blue mb-0 pb-0 fm\"></h3>\n</header>\n<div class=\"\">\n<div class=\"px-3 py-4\">\n<div class=\"table-responsivez\">\n<table class=\"table table-bordered mb-0\">\n<tbody>\n<tr class=\"tbody\"></tr>\n<tr>\n<td class=\"text\">C&ocirc;ng ty ph&aacute;t h&agrave;nh</td>\n<td></td>\n</tr>\n<tr>\n<td class=\"text\">T&aacute;c giả</td>\n<td>Leex Luthor</td>\n</tr>\n<tr>\n<td class=\"text\">Ng&agrave;y xuất bản</td>\n<td>08-2018</td>\n</tr>\n<tr>\n<td class=\"text\">K&iacute;ch thước</td>\n<td>14.5x20</td>\n</tr>\n<tr>\n<td class=\"text\">Nh&agrave; xuất bản</td>\n<td>Nh&agrave; xuất bản Thế giới</td>\n</tr>\n<tr>\n<td class=\"text\">Loại b&igrave;a</td>\n<td>B&igrave;a mềm</td>\n</tr>\n<tr>\n<td class=\"text\">Số trang</td>\n<td>376</td>\n</tr>\n<tr>\n<td class=\"text\">Trọng lượng</td>\n<td>25g</td>\n</tr>\n<tr>\n<td class=\"text\">SKU</td>\n<td>012654688445524</td>\n</tr>\n</tbody>\n</table>\n</div>\n</div>\n</div>','17','product','2018-11-30 14:59:42','2018-11-30 15:00:11'),('255','Bìa trước','bia-truoc','<p><img src=\"http://vanlang.demo3.laziweb.com/uploads/product-modal_1543546465.png\" alt=\"\" width=\"1080\" height=\"1668\" /></p>','17','product','2018-11-30 14:59:42','2018-11-30 15:00:11'),('256','Bìa sau','bia-sau','<p>B&igrave;a sau</p>','17','product','2018-11-30 14:59:42','2018-11-30 15:00:11'),('257','Mục lục','muc-luc','<p>Mục lục</p>','17','product','2018-11-30 14:59:42','2018-11-30 15:00:11'),('258','Nội dung','noi-dung','<p>Nội dung</p>','17','product','2018-11-30 14:59:42','2018-11-30 15:00:11'),('259','publish time','publish-time','2018-11-30 14:25:45','17','product','2018-11-30 14:59:42','2018-11-30 15:00:11'),('260','Tác giả','tac-gia','tac-gia-osho','18','product','2018-11-30 15:00:20','2018-11-30 15:00:39'),('261','Lưu ý 1','luu-y-1','Miễn phí vận chuyển với đơn hàng từ 300.000 đ','18','product','2018-11-30 15:00:20','2018-11-30 15:00:39'),('262','Lưu ý 2','luu-y-2','Dịch vụ bọc sách plastic chỉ với 3k/quyển','18','product','2018-11-30 15:00:20','2018-11-30 15:00:39'),('263','Bạn đọc quan tâm','ban-doc-quan-tam','daily-deals','18','product','2018-11-30 15:00:20','2018-11-30 15:00:39'),('264','Thông tin chi tiết','thong-tin-chi-tiet','<header class=\"book-list__header d-flex flex-wrap justify-content-between bb-1\">\n<h3 class=\"mr-sm-auto title text-uppercase fs_24 cl_blue mb-0 pb-0 fm\"></h3>\n</header>\n<div class=\"\">\n<div class=\"px-3 py-4\">\n<div class=\"table-responsivez\">\n<table class=\"table table-bordered mb-0\">\n<tbody>\n<tr class=\"tbody\"></tr>\n<tr>\n<td class=\"text\">C&ocirc;ng ty ph&aacute;t h&agrave;nh</td>\n<td></td>\n</tr>\n<tr>\n<td class=\"text\">T&aacute;c giả</td>\n<td>Leex Luthor</td>\n</tr>\n<tr>\n<td class=\"text\">Ng&agrave;y xuất bản</td>\n<td>08-2018</td>\n</tr>\n<tr>\n<td class=\"text\">K&iacute;ch thước</td>\n<td>14.5x20</td>\n</tr>\n<tr>\n<td class=\"text\">Nh&agrave; xuất bản</td>\n<td>Nh&agrave; xuất bản Thế giới</td>\n</tr>\n<tr>\n<td class=\"text\">Loại b&igrave;a</td>\n<td>B&igrave;a mềm</td>\n</tr>\n<tr>\n<td class=\"text\">Số trang</td>\n<td>376</td>\n</tr>\n<tr>\n<td class=\"text\">Trọng lượng</td>\n<td>25g</td>\n</tr>\n<tr>\n<td class=\"text\">SKU</td>\n<td>012654688445524</td>\n</tr>\n</tbody>\n</table>\n</div>\n</div>\n</div>','18','product','2018-11-30 15:00:20','2018-11-30 15:00:39'),('265','Bìa trước','bia-truoc','<p><img src=\"http://vanlang.demo3.laziweb.com/uploads/product-modal_1543546465.png\" alt=\"\" width=\"1080\" height=\"1668\" /></p>','18','product','2018-11-30 15:00:20','2018-11-30 15:00:39'),('266','Bìa sau','bia-sau','<p>B&igrave;a sau</p>','18','product','2018-11-30 15:00:20','2018-11-30 15:00:39'),('267','Mục lục','muc-luc','<p>Mục lục</p>','18','product','2018-11-30 15:00:20','2018-11-30 15:00:39'),('268','Nội dung','noi-dung','<p>Nội dung</p>','18','product','2018-11-30 15:00:20','2018-11-30 15:00:39'),('269','publish time','publish-time','2018-11-30 14:25:45','18','product','2018-11-30 15:00:20','2018-11-30 15:00:39'),('270','Tác giả','tac-gia','tac-gia-osho','19','product','2018-11-30 15:00:51','2018-11-30 15:01:08'),('271','Lưu ý 1','luu-y-1','Miễn phí vận chuyển với đơn hàng từ 300.000 đ','19','product','2018-11-30 15:00:51','2018-11-30 15:01:08'),('272','Lưu ý 2','luu-y-2','Dịch vụ bọc sách plastic chỉ với 3k/quyển','19','product','2018-11-30 15:00:51','2018-11-30 15:01:08'),('273','Bạn đọc quan tâm','ban-doc-quan-tam','daily-deals','19','product','2018-11-30 15:00:51','2018-11-30 15:01:08'),('274','Thông tin chi tiết','thong-tin-chi-tiet','<header class=\"book-list__header d-flex flex-wrap justify-content-between bb-1\">\n<h3 class=\"mr-sm-auto title text-uppercase fs_24 cl_blue mb-0 pb-0 fm\"></h3>\n</header>\n<div class=\"\">\n<div class=\"px-3 py-4\">\n<div class=\"table-responsivez\">\n<table class=\"table table-bordered mb-0\">\n<tbody>\n<tr class=\"tbody\"></tr>\n<tr>\n<td class=\"text\">C&ocirc;ng ty ph&aacute;t h&agrave;nh</td>\n<td></td>\n</tr>\n<tr>\n<td class=\"text\">T&aacute;c giả</td>\n<td>Leex Luthor</td>\n</tr>\n<tr>\n<td class=\"text\">Ng&agrave;y xuất bản</td>\n<td>08-2018</td>\n</tr>\n<tr>\n<td class=\"text\">K&iacute;ch thước</td>\n<td>14.5x20</td>\n</tr>\n<tr>\n<td class=\"text\">Nh&agrave; xuất bản</td>\n<td>Nh&agrave; xuất bản Thế giới</td>\n</tr>\n<tr>\n<td class=\"text\">Loại b&igrave;a</td>\n<td>B&igrave;a mềm</td>\n</tr>\n<tr>\n<td class=\"text\">Số trang</td>\n<td>376</td>\n</tr>\n<tr>\n<td class=\"text\">Trọng lượng</td>\n<td>25g</td>\n</tr>\n<tr>\n<td class=\"text\">SKU</td>\n<td>012654688445524</td>\n</tr>\n</tbody>\n</table>\n</div>\n</div>\n</div>','19','product','2018-11-30 15:00:51','2018-11-30 15:01:08'),('275','Bìa trước','bia-truoc','<p><img src=\"http://vanlang.demo3.laziweb.com/uploads/product-modal_1543546465.png\" alt=\"\" width=\"1080\" height=\"1668\" /></p>','19','product','2018-11-30 15:00:51','2018-11-30 15:01:08'),('276','Bìa sau','bia-sau','<p>B&igrave;a sau</p>','19','product','2018-11-30 15:00:51','2018-11-30 15:01:08'),('277','Mục lục','muc-luc','<p>Mục lục</p>','19','product','2018-11-30 15:00:51','2018-11-30 15:01:08'),('278','Nội dung','noi-dung','<p>Nội dung</p>','19','product','2018-11-30 15:00:51','2018-11-30 15:01:08'),('279','publish time','publish-time','2018-11-30 14:25:45','19','product','2018-11-30 15:00:51','2018-11-30 15:01:08'),('280','Tác giả','tac-gia','tac-gia-osho','20','product','2018-11-30 15:01:18','2018-11-30 16:02:03'),('281','Lưu ý 1','luu-y-1','Miễn phí vận chuyển với đơn hàng từ 300.000 đ','20','product','2018-11-30 15:01:18','2018-11-30 16:02:03'),('282','Lưu ý 2','luu-y-2','Dịch vụ bọc sách plastic chỉ với 3k/quyển','20','product','2018-11-30 15:01:18','2018-11-30 16:02:03'),('283','Bạn đọc quan tâm','ban-doc-quan-tam','daily-deals','20','product','2018-11-30 15:01:18','2018-11-30 16:02:03'),('284','Thông tin chi tiết','thong-tin-chi-tiet','<header class=\"book-list__header d-flex flex-wrap justify-content-between bb-1\">\n<h3 class=\"mr-sm-auto title text-uppercase fs_24 cl_blue mb-0 pb-0 fm\"></h3>\n</header>\n<div class=\"\">\n<div class=\"px-3 py-4\">\n<div class=\"table-responsivez\">\n<table class=\"table table-bordered mb-0\">\n<tbody>\n<tr class=\"tbody\"></tr>\n<tr>\n<td class=\"text\">C&ocirc;ng ty ph&aacute;t h&agrave;nh</td>\n<td></td>\n</tr>\n<tr>\n<td class=\"text\">T&aacute;c giả</td>\n<td>Leex Luthor</td>\n</tr>\n<tr>\n<td class=\"text\">Ng&agrave;y xuất bản</td>\n<td>08-2018</td>\n</tr>\n<tr>\n<td class=\"text\">K&iacute;ch thước</td>\n<td>14.5x20</td>\n</tr>\n<tr>\n<td class=\"text\">Nh&agrave; xuất bản</td>\n<td>Nh&agrave; xuất bản Thế giới</td>\n</tr>\n<tr>\n<td class=\"text\">Loại b&igrave;a</td>\n<td>B&igrave;a mềm</td>\n</tr>\n<tr>\n<td class=\"text\">Số trang</td>\n<td>376</td>\n</tr>\n<tr>\n<td class=\"text\">Trọng lượng</td>\n<td>25g</td>\n</tr>\n<tr>\n<td class=\"text\">SKU</td>\n<td>012654688445524</td>\n</tr>\n</tbody>\n</table>\n</div>\n</div>\n</div>','20','product','2018-11-30 15:01:18','2018-11-30 16:02:03'),('285','Bìa trước','bia-truoc','<p><img src=\"http://vanlang.demo3.laziweb.com/uploads/product-modal_1543546465.png\" alt=\"\" width=\"1080\" height=\"1668\" /></p>','20','product','2018-11-30 15:01:18','2018-11-30 16:02:03'),('286','Bìa sau','bia-sau','<p>B&igrave;a sau</p>','20','product','2018-11-30 15:01:18','2018-11-30 16:02:03'),('287','Mục lục','muc-luc','<p>Mục lục</p>','20','product','2018-11-30 15:01:18','2018-11-30 16:02:03'),('288','Nội dung','noi-dung','<p>Nội dung</p>','20','product','2018-11-30 15:01:18','2018-11-30 16:02:03'),('289','publish time','publish-time','2018-11-30 14:25:45','20','product','2018-11-30 15:01:18','2018-11-30 15:02:55'),('290','Tác giả','tac-gia','tac-gia-osho','21','product','2018-11-30 15:03:14','2018-11-30 15:58:30'),('291','Lưu ý 1','luu-y-1','Miễn phí vận chuyển với đơn hàng từ 300.000 đ','21','product','2018-11-30 15:03:14','2018-11-30 15:58:30'),('292','Lưu ý 2','luu-y-2','Dịch vụ bọc sách plastic chỉ với 3k/quyển','21','product','2018-11-30 15:03:14','2018-11-30 15:58:30'),('293','Bạn đọc quan tâm','ban-doc-quan-tam','daily-deals','21','product','2018-11-30 15:03:14','2018-11-30 15:58:30'),('294','Thông tin chi tiết','thong-tin-chi-tiet','<header class=\"book-list__header d-flex flex-wrap justify-content-between bb-1\">\n<h3 class=\"mr-sm-auto title text-uppercase fs_24 cl_blue mb-0 pb-0 fm\"></h3>\n</header>\n<div class=\"\">\n<div class=\"px-3 py-4\">\n<div class=\"table-responsivez\">\n<table class=\"table table-bordered mb-0\">\n<tbody>\n<tr class=\"tbody\"></tr>\n<tr>\n<td class=\"text\">C&ocirc;ng ty ph&aacute;t h&agrave;nh</td>\n<td></td>\n</tr>\n<tr>\n<td class=\"text\">T&aacute;c giả</td>\n<td>Leex Luthor</td>\n</tr>\n<tr>\n<td class=\"text\">Ng&agrave;y xuất bản</td>\n<td>08-2018</td>\n</tr>\n<tr>\n<td class=\"text\">K&iacute;ch thước</td>\n<td>14.5x20</td>\n</tr>\n<tr>\n<td class=\"text\">Nh&agrave; xuất bản</td>\n<td>Nh&agrave; xuất bản Thế giới</td>\n</tr>\n<tr>\n<td class=\"text\">Loại b&igrave;a</td>\n<td>B&igrave;a mềm</td>\n</tr>\n<tr>\n<td class=\"text\">Số trang</td>\n<td>376</td>\n</tr>\n<tr>\n<td class=\"text\">Trọng lượng</td>\n<td>25g</td>\n</tr>\n<tr>\n<td class=\"text\">SKU</td>\n<td>012654688445524</td>\n</tr>\n</tbody>\n</table>\n</div>\n</div>\n</div>','21','product','2018-11-30 15:03:14','2018-11-30 15:58:30'),('295','Bìa trước','bia-truoc','<p><img src=\"http://vanlang.demo3.laziweb.com/uploads/product-modal_1543546465.png\" alt=\"\" width=\"1080\" height=\"1668\" /></p>','21','product','2018-11-30 15:03:14','2018-11-30 15:58:30'),('296','Bìa sau','bia-sau','<p>B&igrave;a sau</p>','21','product','2018-11-30 15:03:14','2018-11-30 15:58:30'),('297','Mục lục','muc-luc','<p>Mục lục</p>','21','product','2018-11-30 15:03:14','2018-11-30 15:58:30'),('298','Nội dung','noi-dung','<p>Nội dung</p>','21','product','2018-11-30 15:03:14','2018-11-30 15:58:30'),('299','publish time','publish-time','2018-11-30 14:25:45','21','product','2018-11-30 15:03:14','2018-11-30 15:03:49'),('300','Tác giả','tac-gia','tac-gia-osho','22','product','2018-11-30 15:08:51','2018-11-30 16:00:02'),('301','Lưu ý 1','luu-y-1','Miễn phí vận chuyển với đơn hàng từ 300.000 đ','22','product','2018-11-30 15:08:51','2018-11-30 16:00:02'),('302','Lưu ý 2','luu-y-2','Dịch vụ bọc sách plastic chỉ với 3k/quyển','22','product','2018-11-30 15:08:51','2018-11-30 16:00:02'),('303','Bạn đọc quan tâm','ban-doc-quan-tam','daily-deals','22','product','2018-11-30 15:08:51','2018-11-30 16:00:02'),('304','Thông tin chi tiết','thong-tin-chi-tiet','<header class=\"book-list__header d-flex flex-wrap justify-content-between bb-1\">\n<h3 class=\"mr-sm-auto title text-uppercase fs_24 cl_blue mb-0 pb-0 fm\"></h3>\n</header>\n<div class=\"\">\n<div class=\"px-3 py-4\">\n<div class=\"table-responsivez\">\n<table class=\"table table-bordered mb-0\">\n<tbody>\n<tr class=\"tbody\"></tr>\n<tr>\n<td class=\"text\">C&ocirc;ng ty ph&aacute;t h&agrave;nh</td>\n<td></td>\n</tr>\n<tr>\n<td class=\"text\">T&aacute;c giả</td>\n<td>Leex Luthor</td>\n</tr>\n<tr>\n<td class=\"text\">Ng&agrave;y xuất bản</td>\n<td>08-2018</td>\n</tr>\n<tr>\n<td class=\"text\">K&iacute;ch thước</td>\n<td>14.5x20</td>\n</tr>\n<tr>\n<td class=\"text\">Nh&agrave; xuất bản</td>\n<td>Nh&agrave; xuất bản Thế giới</td>\n</tr>\n<tr>\n<td class=\"text\">Loại b&igrave;a</td>\n<td>B&igrave;a mềm</td>\n</tr>\n<tr>\n<td class=\"text\">Số trang</td>\n<td>376</td>\n</tr>\n<tr>\n<td class=\"text\">Trọng lượng</td>\n<td>25g</td>\n</tr>\n<tr>\n<td class=\"text\">SKU</td>\n<td>012654688445524</td>\n</tr>\n</tbody>\n</table>\n</div>\n</div>\n</div>','22','product','2018-11-30 15:08:51','2018-11-30 16:00:02'),('305','Bìa trước','bia-truoc','<p><img src=\"http://vanlang.demo3.laziweb.com/uploads/product-modal_1543546465.png\" alt=\"\" width=\"1080\" height=\"1668\" /></p>','22','product','2018-11-30 15:08:51','2018-11-30 16:00:02'),('306','Bìa sau','bia-sau','<p>B&igrave;a sau</p>','22','product','2018-11-30 15:08:51','2018-11-30 16:00:02'),('307','Mục lục','muc-luc','<p>Mục lục</p>','22','product','2018-11-30 15:08:51','2018-11-30 16:00:02'),('308','Nội dung','noi-dung','<p>Nội dung</p>','22','product','2018-11-30 15:08:51','2018-11-30 16:00:02'),('309','publish time','publish-time','2018-11-30 14:25:45','22','product','2018-11-30 15:08:51','2018-11-30 15:10:37'),('310','Tác giả','tac-gia','tac-gia-osho','23','product','2018-11-30 15:11:06','2018-11-30 16:00:15'),('311','Lưu ý 1','luu-y-1','Miễn phí vận chuyển với đơn hàng từ 300.000 đ','23','product','2018-11-30 15:11:06','2018-11-30 16:00:15'),('312','Lưu ý 2','luu-y-2','Dịch vụ bọc sách plastic chỉ với 3k/quyển','23','product','2018-11-30 15:11:06','2018-11-30 16:00:15'),('313','Bạn đọc quan tâm','ban-doc-quan-tam','daily-deals','23','product','2018-11-30 15:11:06','2018-11-30 16:00:15'),('314','Thông tin chi tiết','thong-tin-chi-tiet','<header class=\"book-list__header d-flex flex-wrap justify-content-between bb-1\">\n<h3 class=\"mr-sm-auto title text-uppercase fs_24 cl_blue mb-0 pb-0 fm\"></h3>\n</header>\n<div class=\"\">\n<div class=\"px-3 py-4\">\n<div class=\"table-responsivez\">\n<table class=\"table table-bordered mb-0\">\n<tbody>\n<tr class=\"tbody\"></tr>\n<tr>\n<td class=\"text\">C&ocirc;ng ty ph&aacute;t h&agrave;nh</td>\n<td></td>\n</tr>\n<tr>\n<td class=\"text\">T&aacute;c giả</td>\n<td>Leex Luthor</td>\n</tr>\n<tr>\n<td class=\"text\">Ng&agrave;y xuất bản</td>\n<td>08-2018</td>\n</tr>\n<tr>\n<td class=\"text\">K&iacute;ch thước</td>\n<td>14.5x20</td>\n</tr>\n<tr>\n<td class=\"text\">Nh&agrave; xuất bản</td>\n<td>Nh&agrave; xuất bản Thế giới</td>\n</tr>\n<tr>\n<td class=\"text\">Loại b&igrave;a</td>\n<td>B&igrave;a mềm</td>\n</tr>\n<tr>\n<td class=\"text\">Số trang</td>\n<td>376</td>\n</tr>\n<tr>\n<td class=\"text\">Trọng lượng</td>\n<td>25g</td>\n</tr>\n<tr>\n<td class=\"text\">SKU</td>\n<td>012654688445524</td>\n</tr>\n</tbody>\n</table>\n</div>\n</div>\n</div>','23','product','2018-11-30 15:11:06','2018-11-30 16:00:15'),('315','Bìa trước','bia-truoc','<p><img src=\"http://vanlang.demo3.laziweb.com/uploads/product-modal_1543546465.png\" alt=\"\" width=\"1080\" height=\"1668\" /></p>','23','product','2018-11-30 15:11:06','2018-11-30 16:00:15'),('316','Bìa sau','bia-sau','<p>B&igrave;a sau</p>','23','product','2018-11-30 15:11:06','2018-11-30 16:00:15'),('317','Mục lục','muc-luc','<p>Mục lục</p>','23','product','2018-11-30 15:11:06','2018-11-30 16:00:15'),('318','Nội dung','noi-dung','<p>Nội dung</p>','23','product','2018-11-30 15:11:06','2018-11-30 16:00:15'),('319','publish time','publish-time','2018-12-19 14:25:45','23','product','2018-11-30 15:11:06','2018-11-30 15:36:32'),('320','Tác giả','tac-gia','adexen-claure','24','product','2018-11-30 15:17:41','2018-11-30 15:35:47'),('321','Lưu ý 1','luu-y-1','Miễn phí vận chuyển với đơn hàng từ 300.000 đ','24','product','2018-11-30 15:17:41','2018-11-30 15:35:47'),('322','Lưu ý 2','luu-y-2','Dịch vụ bọc sách plastic chỉ với 3k/quyển','24','product','2018-11-30 15:17:41','2018-11-30 15:35:47'),('323','Bạn đọc quan tâm','ban-doc-quan-tam','daily-deals','24','product','2018-11-30 15:17:41','2018-11-30 15:35:47'),('324','Thông tin chi tiết','thong-tin-chi-tiet','<header class=\"book-list__header d-flex flex-wrap justify-content-between bb-1\">\n<h3 class=\"mr-sm-auto title text-uppercase fs_24 cl_blue mb-0 pb-0 fm\"></h3>\n</header>\n<div class=\"\">\n<div class=\"px-3 py-4\">\n<div class=\"table-responsivez\">\n<table class=\"table table-bordered mb-0\">\n<tbody>\n<tr class=\"tbody\"></tr>\n<tr>\n<td class=\"text\">C&ocirc;ng ty ph&aacute;t h&agrave;nh</td>\n<td></td>\n</tr>\n<tr>\n<td class=\"text\">T&aacute;c giả</td>\n<td>Leex Luthor</td>\n</tr>\n<tr>\n<td class=\"text\">Ng&agrave;y xuất bản</td>\n<td>08-2018</td>\n</tr>\n<tr>\n<td class=\"text\">K&iacute;ch thước</td>\n<td>14.5x20</td>\n</tr>\n<tr>\n<td class=\"text\">Nh&agrave; xuất bản</td>\n<td>Nh&agrave; xuất bản Thế giới</td>\n</tr>\n<tr>\n<td class=\"text\">Loại b&igrave;a</td>\n<td>B&igrave;a mềm</td>\n</tr>\n<tr>\n<td class=\"text\">Số trang</td>\n<td>376</td>\n</tr>\n<tr>\n<td class=\"text\">Trọng lượng</td>\n<td>25g</td>\n</tr>\n<tr>\n<td class=\"text\">SKU</td>\n<td>012654688445524</td>\n</tr>\n</tbody>\n</table>\n</div>\n</div>\n</div>','24','product','2018-11-30 15:17:41','2018-11-30 15:35:47'),('325','Bìa trước','bia-truoc','<p><img src=\"http://vanlang.demo3.laziweb.com/uploads/product-modal_1543546465.png\" alt=\"\" width=\"1080\" height=\"1668\" /></p>','24','product','2018-11-30 15:17:41','2018-11-30 15:35:47'),('326','Bìa sau','bia-sau','<p>B&igrave;a sau</p>','24','product','2018-11-30 15:17:41','2018-11-30 15:35:47'),('327','Mục lục','muc-luc','<p>Mục lục</p>','24','product','2018-11-30 15:17:41','2018-11-30 15:35:47'),('328','Nội dung','noi-dung','<p>Nội dung</p>','24','product','2018-11-30 15:17:41','2018-11-30 15:35:47'),('329','publish time','publish-time','2018-12-19 14:25:45','24','product','2018-11-30 15:17:41','2018-11-30 15:35:47'),('330','Tác giả','tac-gia','adexen-claure','25','product','2018-11-30 15:19:35','2018-11-30 15:35:31'),('331','Lưu ý 1','luu-y-1','Miễn phí vận chuyển với đơn hàng từ 300.000 đ','25','product','2018-11-30 15:19:35','2018-11-30 15:35:31'),('332','Lưu ý 2','luu-y-2','Dịch vụ bọc sách plastic chỉ với 3k/quyển','25','product','2018-11-30 15:19:35','2018-11-30 15:35:31'),('333','Bạn đọc quan tâm','ban-doc-quan-tam','daily-deals','25','product','2018-11-30 15:19:35','2018-11-30 15:35:31'),('334','Thông tin chi tiết','thong-tin-chi-tiet','<header class=\"book-list__header d-flex flex-wrap justify-content-between bb-1\">\n<h3 class=\"mr-sm-auto title text-uppercase fs_24 cl_blue mb-0 pb-0 fm\"></h3>\n</header>\n<div class=\"\">\n<div class=\"px-3 py-4\">\n<div class=\"table-responsivez\">\n<table class=\"table table-bordered mb-0\">\n<tbody>\n<tr class=\"tbody\"></tr>\n<tr>\n<td class=\"text\">C&ocirc;ng ty ph&aacute;t h&agrave;nh</td>\n<td></td>\n</tr>\n<tr>\n<td class=\"text\">T&aacute;c giả</td>\n<td>Leex Luthor</td>\n</tr>\n<tr>\n<td class=\"text\">Ng&agrave;y xuất bản</td>\n<td>08-2018</td>\n</tr>\n<tr>\n<td class=\"text\">K&iacute;ch thước</td>\n<td>14.5x20</td>\n</tr>\n<tr>\n<td class=\"text\">Nh&agrave; xuất bản</td>\n<td>Nh&agrave; xuất bản Thế giới</td>\n</tr>\n<tr>\n<td class=\"text\">Loại b&igrave;a</td>\n<td>B&igrave;a mềm</td>\n</tr>\n<tr>\n<td class=\"text\">Số trang</td>\n<td>376</td>\n</tr>\n<tr>\n<td class=\"text\">Trọng lượng</td>\n<td>25g</td>\n</tr>\n<tr>\n<td class=\"text\">SKU</td>\n<td>012654688445524</td>\n</tr>\n</tbody>\n</table>\n</div>\n</div>\n</div>','25','product','2018-11-30 15:19:35','2018-11-30 15:35:31'),('335','Bìa trước','bia-truoc','<p><img src=\"http://vanlang.demo3.laziweb.com/uploads/product-modal_1543546465.png\" alt=\"\" width=\"1080\" height=\"1668\" /></p>','25','product','2018-11-30 15:19:35','2018-11-30 15:35:31'),('336','Bìa sau','bia-sau','<p>B&igrave;a sau</p>','25','product','2018-11-30 15:19:35','2018-11-30 15:35:31'),('337','Mục lục','muc-luc','<p>Mục lục</p>','25','product','2018-11-30 15:19:35','2018-11-30 15:35:31'),('338','Nội dung','noi-dung','<p>Nội dung</p>','25','product','2018-11-30 15:19:35','2018-11-30 15:35:31'),('339','publish time','publish-time','2018-12-19 14:25:45','25','product','2018-11-30 15:19:35','2018-11-30 15:35:31'),('340','Tác giả','tac-gia','adexen-claure','26','product','2018-11-30 15:20:09','2018-11-30 15:35:19'),('341','Lưu ý 1','luu-y-1','Miễn phí vận chuyển với đơn hàng từ 300.000 đ','26','product','2018-11-30 15:20:09','2018-11-30 15:35:19'),('342','Lưu ý 2','luu-y-2','Dịch vụ bọc sách plastic chỉ với 3k/quyển','26','product','2018-11-30 15:20:09','2018-11-30 15:35:19'),('343','Bạn đọc quan tâm','ban-doc-quan-tam','daily-deals','26','product','2018-11-30 15:20:09','2018-11-30 15:35:19'),('344','Thông tin chi tiết','thong-tin-chi-tiet','<header class=\"book-list__header d-flex flex-wrap justify-content-between bb-1\">\n<h3 class=\"mr-sm-auto title text-uppercase fs_24 cl_blue mb-0 pb-0 fm\"></h3>\n</header>\n<div class=\"\">\n<div class=\"px-3 py-4\">\n<div class=\"table-responsivez\">\n<table class=\"table table-bordered mb-0\">\n<tbody>\n<tr class=\"tbody\"></tr>\n<tr>\n<td class=\"text\">C&ocirc;ng ty ph&aacute;t h&agrave;nh</td>\n<td></td>\n</tr>\n<tr>\n<td class=\"text\">T&aacute;c giả</td>\n<td>Leex Luthor</td>\n</tr>\n<tr>\n<td class=\"text\">Ng&agrave;y xuất bản</td>\n<td>08-2018</td>\n</tr>\n<tr>\n<td class=\"text\">K&iacute;ch thước</td>\n<td>14.5x20</td>\n</tr>\n<tr>\n<td class=\"text\">Nh&agrave; xuất bản</td>\n<td>Nh&agrave; xuất bản Thế giới</td>\n</tr>\n<tr>\n<td class=\"text\">Loại b&igrave;a</td>\n<td>B&igrave;a mềm</td>\n</tr>\n<tr>\n<td class=\"text\">Số trang</td>\n<td>376</td>\n</tr>\n<tr>\n<td class=\"text\">Trọng lượng</td>\n<td>25g</td>\n</tr>\n<tr>\n<td class=\"text\">SKU</td>\n<td>012654688445524</td>\n</tr>\n</tbody>\n</table>\n</div>\n</div>\n</div>','26','product','2018-11-30 15:20:09','2018-11-30 15:35:19'),('345','Bìa trước','bia-truoc','<p><img src=\"http://vanlang.demo3.laziweb.com/uploads/product-modal_1543546465.png\" alt=\"\" width=\"1080\" height=\"1668\" /></p>','26','product','2018-11-30 15:20:09','2018-11-30 15:35:19'),('346','Bìa sau','bia-sau','<p>B&igrave;a sau</p>','26','product','2018-11-30 15:20:09','2018-11-30 15:35:19'),('347','Mục lục','muc-luc','<p>Mục lục</p>','26','product','2018-11-30 15:20:09','2018-11-30 15:35:19'),('348','Nội dung','noi-dung','<p>Nội dung</p>','26','product','2018-11-30 15:20:09','2018-11-30 15:35:19'),('349','publish time','publish-time','2018-12-19 14:25:45','26','product','2018-11-30 15:20:09','2018-11-30 15:35:19'),('350','Tác giả','tac-gia','adexen-claure','27','product','2018-11-30 15:20:51','2018-11-30 15:35:07'),('351','Lưu ý 1','luu-y-1','Miễn phí vận chuyển với đơn hàng từ 300.000 đ','27','product','2018-11-30 15:20:51','2018-11-30 15:35:07'),('352','Lưu ý 2','luu-y-2','Dịch vụ bọc sách plastic chỉ với 3k/quyển','27','product','2018-11-30 15:20:51','2018-11-30 15:35:07'),('353','Bạn đọc quan tâm','ban-doc-quan-tam','daily-deals','27','product','2018-11-30 15:20:51','2018-11-30 15:35:07'),('354','Thông tin chi tiết','thong-tin-chi-tiet','<header class=\"book-list__header d-flex flex-wrap justify-content-between bb-1\">\n<h3 class=\"mr-sm-auto title text-uppercase fs_24 cl_blue mb-0 pb-0 fm\"></h3>\n</header>\n<div class=\"\">\n<div class=\"px-3 py-4\">\n<div class=\"table-responsivez\">\n<table class=\"table table-bordered mb-0\">\n<tbody>\n<tr class=\"tbody\"></tr>\n<tr>\n<td class=\"text\">C&ocirc;ng ty ph&aacute;t h&agrave;nh</td>\n<td></td>\n</tr>\n<tr>\n<td class=\"text\">T&aacute;c giả</td>\n<td>Leex Luthor</td>\n</tr>\n<tr>\n<td class=\"text\">Ng&agrave;y xuất bản</td>\n<td>08-2018</td>\n</tr>\n<tr>\n<td class=\"text\">K&iacute;ch thước</td>\n<td>14.5x20</td>\n</tr>\n<tr>\n<td class=\"text\">Nh&agrave; xuất bản</td>\n<td>Nh&agrave; xuất bản Thế giới</td>\n</tr>\n<tr>\n<td class=\"text\">Loại b&igrave;a</td>\n<td>B&igrave;a mềm</td>\n</tr>\n<tr>\n<td class=\"text\">Số trang</td>\n<td>376</td>\n</tr>\n<tr>\n<td class=\"text\">Trọng lượng</td>\n<td>25g</td>\n</tr>\n<tr>\n<td class=\"text\">SKU</td>\n<td>012654688445524</td>\n</tr>\n</tbody>\n</table>\n</div>\n</div>\n</div>','27','product','2018-11-30 15:20:51','2018-11-30 15:35:07'),('355','Bìa trước','bia-truoc','<p><img src=\"http://vanlang.demo3.laziweb.com/uploads/product-modal_1543546465.png\" alt=\"\" width=\"1080\" height=\"1668\" /></p>','27','product','2018-11-30 15:20:51','2018-11-30 15:35:07'),('356','Bìa sau','bia-sau','<p>B&igrave;a sau</p>','27','product','2018-11-30 15:20:51','2018-11-30 15:35:07'),('357','Mục lục','muc-luc','<p>Mục lục</p>','27','product','2018-11-30 15:20:51','2018-11-30 15:35:07'),('358','Nội dung','noi-dung','<p>Nội dung</p>','27','product','2018-11-30 15:20:51','2018-11-30 15:35:07'),('359','publish time','publish-time','2018-12-19 14:25:45','27','product','2018-11-30 15:20:51','2018-11-30 15:35:07'),('360','Tác giả','tac-gia','nguyen-phong','28','product','2018-11-30 15:21:14','2018-11-30 15:59:32'),('361','Lưu ý 1','luu-y-1','Miễn phí vận chuyển với đơn hàng từ 300.000 đ','28','product','2018-11-30 15:21:14','2018-11-30 15:59:32'),('362','Lưu ý 2','luu-y-2','Dịch vụ bọc sách plastic chỉ với 3k/quyển','28','product','2018-11-30 15:21:14','2018-11-30 15:59:32'),('363','Bạn đọc quan tâm','ban-doc-quan-tam','daily-deals','28','product','2018-11-30 15:21:14','2018-11-30 15:59:32'),('364','Thông tin chi tiết','thong-tin-chi-tiet','<header class=\"book-list__header d-flex flex-wrap justify-content-between bb-1\">\n<h3 class=\"mr-sm-auto title text-uppercase fs_24 cl_blue mb-0 pb-0 fm\"></h3>\n</header>\n<div class=\"\">\n<div class=\"px-3 py-4\">\n<div class=\"table-responsivez\">\n<table class=\"table table-bordered mb-0\">\n<tbody>\n<tr class=\"tbody\"></tr>\n<tr>\n<td class=\"text\">C&ocirc;ng ty ph&aacute;t h&agrave;nh</td>\n<td></td>\n</tr>\n<tr>\n<td class=\"text\">T&aacute;c giả</td>\n<td>Leex Luthor</td>\n</tr>\n<tr>\n<td class=\"text\">Ng&agrave;y xuất bản</td>\n<td>08-2018</td>\n</tr>\n<tr>\n<td class=\"text\">K&iacute;ch thước</td>\n<td>14.5x20</td>\n</tr>\n<tr>\n<td class=\"text\">Nh&agrave; xuất bản</td>\n<td>Nh&agrave; xuất bản Thế giới</td>\n</tr>\n<tr>\n<td class=\"text\">Loại b&igrave;a</td>\n<td>B&igrave;a mềm</td>\n</tr>\n<tr>\n<td class=\"text\">Số trang</td>\n<td>376</td>\n</tr>\n<tr>\n<td class=\"text\">Trọng lượng</td>\n<td>25g</td>\n</tr>\n<tr>\n<td class=\"text\">SKU</td>\n<td>012654688445524</td>\n</tr>\n</tbody>\n</table>\n</div>\n</div>\n</div>','28','product','2018-11-30 15:21:14','2018-11-30 15:59:32'),('365','Bìa trước','bia-truoc','<p><img src=\"http://vanlang.demo3.laziweb.com/uploads/product-modal_1543546465.png\" alt=\"\" width=\"1080\" height=\"1668\" /></p>','28','product','2018-11-30 15:21:14','2018-11-30 15:59:32'),('366','Bìa sau','bia-sau','<p>B&igrave;a sau</p>','28','product','2018-11-30 15:21:14','2018-11-30 15:59:32'),('367','Mục lục','muc-luc','<p>Mục lục</p>','28','product','2018-11-30 15:21:14','2018-11-30 15:59:32'),('368','Nội dung','noi-dung','<p>Nội dung</p>','28','product','2018-11-30 15:21:14','2018-11-30 15:59:32'),('369','publish time','publish-time','2018-12-19 14:25:45','28','product','2018-11-30 15:21:14','2018-11-30 15:34:56'),('370','Tác giả','tac-gia','adexen-claure','29','product','2018-11-30 15:22:06','2018-11-30 15:59:20'),('371','Lưu ý 1','luu-y-1','Miễn phí vận chuyển với đơn hàng từ 300.000 đ','29','product','2018-11-30 15:22:06','2018-11-30 15:59:20'),('372','Lưu ý 2','luu-y-2','Dịch vụ bọc sách plastic chỉ với 3k/quyển','29','product','2018-11-30 15:22:06','2018-11-30 15:59:20'),('373','Bạn đọc quan tâm','ban-doc-quan-tam','daily-deals','29','product','2018-11-30 15:22:06','2018-11-30 15:59:20'),('374','Thông tin chi tiết','thong-tin-chi-tiet','<header class=\"book-list__header d-flex flex-wrap justify-content-between bb-1\">\n<h3 class=\"mr-sm-auto title text-uppercase fs_24 cl_blue mb-0 pb-0 fm\"></h3>\n</header>\n<div class=\"\">\n<div class=\"px-3 py-4\">\n<div class=\"table-responsivez\">\n<table class=\"table table-bordered mb-0\">\n<tbody>\n<tr class=\"tbody\"></tr>\n<tr>\n<td class=\"text\">C&ocirc;ng ty ph&aacute;t h&agrave;nh</td>\n<td></td>\n</tr>\n<tr>\n<td class=\"text\">T&aacute;c giả</td>\n<td>Leex Luthor</td>\n</tr>\n<tr>\n<td class=\"text\">Ng&agrave;y xuất bản</td>\n<td>08-2018</td>\n</tr>\n<tr>\n<td class=\"text\">K&iacute;ch thước</td>\n<td>14.5x20</td>\n</tr>\n<tr>\n<td class=\"text\">Nh&agrave; xuất bản</td>\n<td>Nh&agrave; xuất bản Thế giới</td>\n</tr>\n<tr>\n<td class=\"text\">Loại b&igrave;a</td>\n<td>B&igrave;a mềm</td>\n</tr>\n<tr>\n<td class=\"text\">Số trang</td>\n<td>376</td>\n</tr>\n<tr>\n<td class=\"text\">Trọng lượng</td>\n<td>25g</td>\n</tr>\n<tr>\n<td class=\"text\">SKU</td>\n<td>012654688445524</td>\n</tr>\n</tbody>\n</table>\n</div>\n</div>\n</div>','29','product','2018-11-30 15:22:06','2018-11-30 15:59:20'),('375','Bìa trước','bia-truoc','<p><img src=\"http://vanlang.demo3.laziweb.com/uploads/product-modal_1543546465.png\" alt=\"\" width=\"1080\" height=\"1668\" /></p>','29','product','2018-11-30 15:22:06','2018-11-30 15:59:20'),('376','Bìa sau','bia-sau','<p>B&igrave;a sau</p>','29','product','2018-11-30 15:22:06','2018-11-30 15:59:20'),('377','Mục lục','muc-luc','<p>Mục lục</p>','29','product','2018-11-30 15:22:06','2018-11-30 15:59:20'),('378','Nội dung','noi-dung','<p>Nội dung</p>','29','product','2018-11-30 15:22:06','2018-11-30 15:59:20'),('379','publish time','publish-time','2018-12-19 14:25:45','29','product','2018-11-30 15:22:06','2018-11-30 15:34:47'),('380','Tác giả','tac-gia','adam-clix','30','product','2018-11-30 15:22:36','2018-11-30 15:59:12'),('381','Lưu ý 1','luu-y-1','Miễn phí vận chuyển với đơn hàng từ 300.000 đ','30','product','2018-11-30 15:22:36','2018-11-30 15:59:12'),('382','Lưu ý 2','luu-y-2','Dịch vụ bọc sách plastic chỉ với 3k/quyển','30','product','2018-11-30 15:22:36','2018-11-30 15:59:12'),('383','Bạn đọc quan tâm','ban-doc-quan-tam','daily-deals','30','product','2018-11-30 15:22:36','2018-11-30 15:59:12'),('384','Thông tin chi tiết','thong-tin-chi-tiet','<header class=\"book-list__header d-flex flex-wrap justify-content-between bb-1\">\n<h3 class=\"mr-sm-auto title text-uppercase fs_24 cl_blue mb-0 pb-0 fm\"></h3>\n</header>\n<div class=\"\">\n<div class=\"px-3 py-4\">\n<div class=\"table-responsivez\">\n<table class=\"table table-bordered mb-0\">\n<tbody>\n<tr class=\"tbody\"></tr>\n<tr>\n<td class=\"text\">C&ocirc;ng ty ph&aacute;t h&agrave;nh</td>\n<td></td>\n</tr>\n<tr>\n<td class=\"text\">T&aacute;c giả</td>\n<td>Leex Luthor</td>\n</tr>\n<tr>\n<td class=\"text\">Ng&agrave;y xuất bản</td>\n<td>08-2018</td>\n</tr>\n<tr>\n<td class=\"text\">K&iacute;ch thước</td>\n<td>14.5x20</td>\n</tr>\n<tr>\n<td class=\"text\">Nh&agrave; xuất bản</td>\n<td>Nh&agrave; xuất bản Thế giới</td>\n</tr>\n<tr>\n<td class=\"text\">Loại b&igrave;a</td>\n<td>B&igrave;a mềm</td>\n</tr>\n<tr>\n<td class=\"text\">Số trang</td>\n<td>376</td>\n</tr>\n<tr>\n<td class=\"text\">Trọng lượng</td>\n<td>25g</td>\n</tr>\n<tr>\n<td class=\"text\">SKU</td>\n<td>012654688445524</td>\n</tr>\n</tbody>\n</table>\n</div>\n</div>\n</div>','30','product','2018-11-30 15:22:36','2018-11-30 15:59:12'),('385','Bìa trước','bia-truoc','<p><img src=\"http://vanlang.demo3.laziweb.com/uploads/product-modal_1543546465.png\" alt=\"\" width=\"1080\" height=\"1668\" /></p>','30','product','2018-11-30 15:22:36','2018-11-30 15:59:12'),('386','Bìa sau','bia-sau','<p>B&igrave;a sau</p>','30','product','2018-11-30 15:22:36','2018-11-30 15:59:12'),('387','Mục lục','muc-luc','<p>Mục lục</p>','30','product','2018-11-30 15:22:36','2018-11-30 15:59:12'),('388','Nội dung','noi-dung','<p>Nội dung</p>','30','product','2018-11-30 15:22:36','2018-11-30 15:59:12'),('389','publish time','publish-time','2018-12-19 14:25:45','30','product','2018-11-30 15:22:36','2018-11-30 15:34:33'),('390','Tác giả','tac-gia','adam-clix','31','product','2018-11-30 15:23:10','2018-12-02 19:28:06'),('391','Lưu ý 1','luu-y-1','Miễn phí vận chuyển với đơn hàng từ 300.000 đ','31','product','2018-11-30 15:23:10','2018-12-02 19:28:06'),('392','Lưu ý 2','luu-y-2','Dịch vụ bọc sách plastic chỉ với 3k/quyển','31','product','2018-11-30 15:23:10','2018-12-02 19:28:06'),('393','Bạn đọc quan tâm','ban-doc-quan-tam','daily-deals','31','product','2018-11-30 15:23:10','2018-12-02 19:28:06'),('394','Thông tin chi tiết','thong-tin-chi-tiet','<header class=\"book-list__header d-flex flex-wrap justify-content-between bb-1\">\n<h3 class=\"mr-sm-auto title text-uppercase fs_24 cl_blue mb-0 pb-0 fm\"></h3>\n</header>\n<div class=\"\">\n<div class=\"px-3 py-4\">\n<div class=\"table-responsivez\">\n<table class=\"table table-bordered mb-0\">\n<tbody>\n<tr class=\"tbody\"></tr>\n<tr>\n<td class=\"text\">C&ocirc;ng ty ph&aacute;t h&agrave;nh</td>\n<td></td>\n</tr>\n<tr>\n<td class=\"text\">T&aacute;c giả</td>\n<td>Leex Luthor</td>\n</tr>\n<tr>\n<td class=\"text\">Ng&agrave;y xuất bản</td>\n<td>08-2018</td>\n</tr>\n<tr>\n<td class=\"text\">K&iacute;ch thước</td>\n<td>14.5x20</td>\n</tr>\n<tr>\n<td class=\"text\">Nh&agrave; xuất bản</td>\n<td>Nh&agrave; xuất bản Thế giới</td>\n</tr>\n<tr>\n<td class=\"text\">Loại b&igrave;a</td>\n<td>B&igrave;a mềm</td>\n</tr>\n<tr>\n<td class=\"text\">Số trang</td>\n<td>376</td>\n</tr>\n<tr>\n<td class=\"text\">Trọng lượng</td>\n<td>25g</td>\n</tr>\n<tr>\n<td class=\"text\">SKU</td>\n<td>012654688445524</td>\n</tr>\n</tbody>\n</table>\n</div>\n</div>\n</div>','31','product','2018-11-30 15:23:10','2018-12-02 19:28:06'),('395','Bìa trước','bia-truoc','<p><img src=\"http://vanlang.demo3.laziweb.com/uploads/product-modal_1543546465.png\" alt=\"\" width=\"1080\" height=\"1668\" /></p>','31','product','2018-11-30 15:23:10','2018-12-02 19:28:06'),('396','Bìa sau','bia-sau','<p>B&igrave;a sau</p>','31','product','2018-11-30 15:23:10','2018-12-02 19:28:06'),('397','Mục lục','muc-luc','<p>Mục lục</p>','31','product','2018-11-30 15:23:10','2018-12-02 19:28:06'),('398','Nội dung','noi-dung','<p>Nội dung</p>','31','product','2018-11-30 15:23:10','2018-12-02 19:28:06'),('399','publish time','publish-time','2018-12-19 14:25:45','31','product','2018-11-30 15:23:10','2018-12-02 19:28:06'),('400','Banner','banner','best-selling_banner_1543546522.png','2','collection','2018-11-30 15:48:57','2018-11-30 16:11:47'),('401','Top banner','top-banner','[\"best-selling_type-1_1543546523.png\",\"best-selling_type-2_1543546523.png\",\"best-selling_type-3_1543546523.png\",\"best-selling_type-4_1543546523.png\"]','2','collection','2018-11-30 15:48:57','2018-11-30 16:11:47'),('402','Top 100 quốc văn','top-100-quoc-van','','2','collection','2018-11-30 15:48:57','2018-11-30 16:11:47'),('403','Nuôi dạy con','nuoi-day-con','','2','collection','2018-11-30 15:48:57','2018-11-30 16:11:47'),('404','Top sách','top-sach','[]','2','collection','2018-11-30 15:48:57','2018-11-30 16:11:47'),('405','Link top sách','link-top-sach','','2','collection','2018-11-30 15:48:57','2018-11-30 16:11:47'),('406','Sản phẩm khác','san-pham-khac','','2','collection','2018-11-30 15:48:57','2018-11-30 16:11:47'),('407','Văn phòng phẩm','van-phong-pham','','2','collection','2018-11-30 15:48:57','2018-11-30 16:11:47'),('408','Nhóm sản phẩm khác','nhom-san-pham-khac','','2','collection','2018-11-30 15:48:57','2018-11-30 16:11:47'),('409','Top sách thiếu nhi','top-sach-thieu-nhi','[]','2','collection','2018-11-30 15:48:57','2018-11-30 16:11:47'),('410','Link sách thiếu nhi','link-sach-thieu-nhi','','2','collection','2018-11-30 15:48:57','2018-11-30 16:11:47'),('411','Top 100 ngoại văn','top-100-ngoai-van','','2','collection','2018-11-30 15:48:57','2018-11-30 16:11:47'),('412','Top 100 bán chạy','top-100-ban-chay','','2','collection','2018-11-30 15:48:57','2018-11-30 16:11:47'),('413','Nhóm sách ngoại văn','nhom-sach-ngoai-van','','2','collection','2018-11-30 15:48:57','2018-11-30 16:11:47'),('414','Top sách ngoại văn','top-sach-ngoai-van','[]','2','collection','2018-11-30 15:48:57','2018-11-30 16:11:47'),('415','Link top ngoại văn','link-top-ngoai-van','','2','collection','2018-11-30 15:48:57','2018-11-30 16:11:47'),('416','Top sách ngoại văn 1','top-sach-ngoai-van-1','[]','2','collection','2018-11-30 15:48:57','2018-11-30 16:11:47'),('417','Link top ngoại văn 1','link-top-ngoai-van-1','','2','collection','2018-11-30 15:48:57','2018-11-30 16:11:47'),('418','Banner','banner','img59_1543546491.png','3','collection','2018-11-30 16:06:14','2018-12-01 16:05:00'),('419','Top banner','top-banner','[\"news-detail-2_1543546576.png\"]','3','collection','2018-11-30 16:06:14','2018-12-01 16:05:00'),('420','Top 100 quốc văn','top-100-quoc-van','top-100-sach-ban-chay-nhat','3','collection','2018-11-30 16:06:14','2018-12-01 16:05:00'),('421','Nuôi dạy con','nuoi-day-con','Nuôi dạy con','3','collection','2018-11-30 16:06:14','2018-12-01 16:05:00'),('422','Top sách','top-sach','[\"so-tay\",\"lich-ban\",\"lich-bloc\"]','3','collection','2018-11-30 16:06:14','2018-12-01 16:05:00'),('423','Link top sách','link-top-sach','/','3','collection','2018-11-30 16:06:14','2018-12-01 16:05:00'),('424','Sản phẩm khác','san-pham-khac','Sản phẩm khác','3','collection','2018-11-30 16:06:14','2018-12-01 16:05:00'),('425','Văn phòng phẩm','van-phong-pham','Văn phòng phẩm','3','collection','2018-11-30 16:06:14','2018-12-01 16:05:00'),('426','Nhóm sản phẩm khác','nhom-san-pham-khac','top-100-sach-ban-chay-nhat','3','collection','2018-11-30 16:06:14','2018-12-01 16:05:00'),('427','Top sách thiếu nhi','top-sach-thieu-nhi','[\"lich-ban\",\"lich-bloc\",\"top-sach-cua-nam\"]','3','collection','2018-11-30 16:06:14','2018-12-01 16:05:00'),('428','Link sách thiếu nhi','link-sach-thieu-nhi','/','3','collection','2018-11-30 16:06:14','2018-12-01 16:05:00'),('429','Top 100 ngoại văn','top-100-ngoai-van','TOP 100 TỰA SÁCH NGOẠI VĂN THÁNG 11','3','collection','2018-11-30 16:06:14','2018-12-01 16:05:00'),('430','Top 100 bán chạy','top-100-ban-chay','Top 100 bán chạy','3','collection','2018-11-30 16:06:14','2018-12-01 16:05:00'),('431','Nhóm sách ngoại văn','nhom-sach-ngoai-van','top-sach-cua-nam','3','collection','2018-11-30 16:06:14','2018-12-01 16:05:00'),('432','Top sách ngoại văn','top-sach-ngoai-van','[\"lich-bloc\",\"lich-lo-xo\",\"daily-deals\"]','3','collection','2018-11-30 16:06:14','2018-12-01 16:05:00'),('433','Link top ngoại văn','link-top-ngoai-van','/','3','collection','2018-11-30 16:06:14','2018-12-01 16:05:00'),('434','Top sách ngoại văn 1','top-sach-ngoai-van-1','[\"lich-ban\",\"lich-bloc\",\"lich-lo-xo\"]','3','collection','2018-11-30 16:06:14','2018-12-01 16:05:00'),('435','Link top ngoại văn 1','link-top-ngoai-van-1','/','3','collection','2018-11-30 16:06:14','2018-12-01 16:05:00'),('436','Banner','banner','img59_1543546491.png','4','collection','2018-11-30 16:13:14','2018-11-30 16:13:58'),('437','Top banner','top-banner','[]','4','collection','2018-11-30 16:13:14','2018-11-30 16:13:58'),('438','Top 100 quốc văn','top-100-quoc-van','top-sach-cua-nam','4','collection','2018-11-30 16:13:14','2018-11-30 16:13:58'),('439','Nuôi dạy con','nuoi-day-con','','4','collection','2018-11-30 16:13:14','2018-11-30 16:13:58'),('440','Top sách','top-sach','[]','4','collection','2018-11-30 16:13:14','2018-11-30 16:13:58'),('441','Link top sách','link-top-sach','','4','collection','2018-11-30 16:13:14','2018-11-30 16:13:58'),('442','Sản phẩm khác','san-pham-khac','','4','collection','2018-11-30 16:13:14','2018-11-30 16:13:58'),('443','Văn phòng phẩm','van-phong-pham','','4','collection','2018-11-30 16:13:14','2018-11-30 16:13:58'),('444','Nhóm sản phẩm khác','nhom-san-pham-khac','top-sach-cua-nam','4','collection','2018-11-30 16:13:14','2018-11-30 16:13:58'),('445','Top sách thiếu nhi','top-sach-thieu-nhi','[]','4','collection','2018-11-30 16:13:14','2018-11-30 16:13:58'),('446','Link sách thiếu nhi','link-sach-thieu-nhi','','4','collection','2018-11-30 16:13:14','2018-11-30 16:13:58'),('447','Top 100 ngoại văn','top-100-ngoai-van','','4','collection','2018-11-30 16:13:14','2018-11-30 16:13:58'),('448','Top 100 bán chạy','top-100-ban-chay','','4','collection','2018-11-30 16:13:14','2018-11-30 16:13:58'),('449','Nhóm sách ngoại văn','nhom-sach-ngoai-van','top-sach-cua-nam','4','collection','2018-11-30 16:13:14','2018-11-30 16:13:58'),('450','Top sách ngoại văn','top-sach-ngoai-van','[]','4','collection','2018-11-30 16:13:14','2018-11-30 16:13:58'),('451','Link top ngoại văn','link-top-ngoai-van','','4','collection','2018-11-30 16:13:14','2018-11-30 16:13:58'),('452','Top sách ngoại văn 1','top-sach-ngoai-van-1','[]','4','collection','2018-11-30 16:13:14','2018-11-30 16:13:58'),('453','Link top ngoại văn 1','link-top-ngoai-van-1','','4','collection','2018-11-30 16:13:14','2018-11-30 16:13:58'),('454','Banner','banner','','5','collection','2018-11-30 16:24:35','2018-11-30 16:24:35'),('455','Top banner','top-banner','[]','5','collection','2018-11-30 16:24:35','2018-11-30 16:24:35'),('456','Top 100 quốc văn','top-100-quoc-van','deals','5','collection','2018-11-30 16:24:35','2018-11-30 16:24:35'),('457','Nuôi dạy con','nuoi-day-con','','5','collection','2018-11-30 16:24:35','2018-11-30 16:24:35'),('458','Top sách','top-sach','[]','5','collection','2018-11-30 16:24:35','2018-11-30 16:24:35'),('459','Link top sách','link-top-sach','','5','collection','2018-11-30 16:24:35','2018-11-30 16:24:35'),('460','Sản phẩm khác','san-pham-khac','','5','collection','2018-11-30 16:24:35','2018-11-30 16:24:35'),('461','Văn phòng phẩm','van-phong-pham','','5','collection','2018-11-30 16:24:35','2018-11-30 16:24:35'),('462','Nhóm sản phẩm khác','nhom-san-pham-khac','deals','5','collection','2018-11-30 16:24:35','2018-11-30 16:24:35'),('463','Top sách thiếu nhi','top-sach-thieu-nhi','[]','5','collection','2018-11-30 16:24:35','2018-11-30 16:24:35'),('464','Link sách thiếu nhi','link-sach-thieu-nhi','','5','collection','2018-11-30 16:24:35','2018-11-30 16:24:35'),('465','Top 100 ngoại văn','top-100-ngoai-van','','5','collection','2018-11-30 16:24:35','2018-11-30 16:24:35'),('466','Top 100 bán chạy','top-100-ban-chay','','5','collection','2018-11-30 16:24:35','2018-11-30 16:24:35'),('467','Nhóm sách ngoại văn','nhom-sach-ngoai-van','deals','5','collection','2018-11-30 16:24:35','2018-11-30 16:24:35'),('468','Top sách ngoại văn','top-sach-ngoai-van','[]','5','collection','2018-11-30 16:24:35','2018-11-30 16:24:35'),('469','Link top ngoại văn','link-top-ngoai-van','','5','collection','2018-11-30 16:24:35','2018-11-30 16:24:35'),('470','Top sách ngoại văn 1','top-sach-ngoai-van-1','[]','5','collection','2018-11-30 16:24:35','2018-11-30 16:24:35'),('471','Link top ngoại văn 1','link-top-ngoai-van-1','','5','collection','2018-11-30 16:24:35','2018-11-30 16:24:35'),('472','Banner','banner','','6','collection','2018-11-30 16:24:52','2018-11-30 16:24:52'),('473','Top banner','top-banner','[]','6','collection','2018-11-30 16:24:52','2018-11-30 16:24:52'),('474','Top 100 quốc văn','top-100-quoc-van','lich-lo-xo','6','collection','2018-11-30 16:24:52','2018-11-30 16:24:52'),('475','Nuôi dạy con','nuoi-day-con','','6','collection','2018-11-30 16:24:52','2018-11-30 16:24:52'),('476','Top sách','top-sach','[]','6','collection','2018-11-30 16:24:52','2018-11-30 16:24:52'),('477','Link top sách','link-top-sach','','6','collection','2018-11-30 16:24:52','2018-11-30 16:24:52'),('478','Sản phẩm khác','san-pham-khac','','6','collection','2018-11-30 16:24:52','2018-11-30 16:24:52'),('479','Văn phòng phẩm','van-phong-pham','','6','collection','2018-11-30 16:24:52','2018-11-30 16:24:52'),('480','Nhóm sản phẩm khác','nhom-san-pham-khac','lich-lo-xo','6','collection','2018-11-30 16:24:52','2018-11-30 16:24:52'),('481','Top sách thiếu nhi','top-sach-thieu-nhi','[]','6','collection','2018-11-30 16:24:52','2018-11-30 16:24:52'),('482','Link sách thiếu nhi','link-sach-thieu-nhi','','6','collection','2018-11-30 16:24:52','2018-11-30 16:24:52'),('483','Top 100 ngoại văn','top-100-ngoai-van','','6','collection','2018-11-30 16:24:52','2018-11-30 16:24:52'),('484','Top 100 bán chạy','top-100-ban-chay','','6','collection','2018-11-30 16:24:52','2018-11-30 16:24:52'),('485','Nhóm sách ngoại văn','nhom-sach-ngoai-van','lich-lo-xo','6','collection','2018-11-30 16:24:52','2018-11-30 16:24:52'),('486','Top sách ngoại văn','top-sach-ngoai-van','[]','6','collection','2018-11-30 16:24:52','2018-11-30 16:24:52'),('487','Link top ngoại văn','link-top-ngoai-van','','6','collection','2018-11-30 16:24:52','2018-11-30 16:24:52'),('488','Top sách ngoại văn 1','top-sach-ngoai-van-1','[]','6','collection','2018-11-30 16:24:52','2018-11-30 16:24:52'),('489','Link top ngoại văn 1','link-top-ngoai-van-1','','6','collection','2018-11-30 16:24:52','2018-11-30 16:24:52'),('490','Banner','banner','','7','collection','2018-11-30 16:25:08','2018-11-30 16:25:08'),('491','Top banner','top-banner','[]','7','collection','2018-11-30 16:25:08','2018-11-30 16:25:08'),('492','Top 100 quốc văn','top-100-quoc-van','lich-bloc','7','collection','2018-11-30 16:25:08','2018-11-30 16:25:08'),('493','Nuôi dạy con','nuoi-day-con','','7','collection','2018-11-30 16:25:08','2018-11-30 16:25:08'),('494','Top sách','top-sach','[]','7','collection','2018-11-30 16:25:08','2018-11-30 16:25:08'),('495','Link top sách','link-top-sach','','7','collection','2018-11-30 16:25:08','2018-11-30 16:25:08'),('496','Sản phẩm khác','san-pham-khac','','7','collection','2018-11-30 16:25:08','2018-11-30 16:25:08'),('497','Văn phòng phẩm','van-phong-pham','','7','collection','2018-11-30 16:25:08','2018-11-30 16:25:08'),('498','Nhóm sản phẩm khác','nhom-san-pham-khac','lich-bloc','7','collection','2018-11-30 16:25:08','2018-11-30 16:25:08'),('499','Top sách thiếu nhi','top-sach-thieu-nhi','[]','7','collection','2018-11-30 16:25:08','2018-11-30 16:25:08'),('500','Link sách thiếu nhi','link-sach-thieu-nhi','','7','collection','2018-11-30 16:25:08','2018-11-30 16:25:08'),('501','Top 100 ngoại văn','top-100-ngoai-van','','7','collection','2018-11-30 16:25:08','2018-11-30 16:25:08'),('502','Top 100 bán chạy','top-100-ban-chay','','7','collection','2018-11-30 16:25:08','2018-11-30 16:25:08'),('503','Nhóm sách ngoại văn','nhom-sach-ngoai-van','lich-bloc','7','collection','2018-11-30 16:25:08','2018-11-30 16:25:08'),('504','Top sách ngoại văn','top-sach-ngoai-van','[]','7','collection','2018-11-30 16:25:08','2018-11-30 16:25:08'),('505','Link top ngoại văn','link-top-ngoai-van','','7','collection','2018-11-30 16:25:08','2018-11-30 16:25:08'),('506','Top sách ngoại văn 1','top-sach-ngoai-van-1','[]','7','collection','2018-11-30 16:25:08','2018-11-30 16:25:08'),('507','Link top ngoại văn 1','link-top-ngoai-van-1','','7','collection','2018-11-30 16:25:08','2018-11-30 16:25:08'),('508','Banner','banner','','8','collection','2018-11-30 16:25:25','2018-11-30 16:25:25'),('509','Top banner','top-banner','[]','8','collection','2018-11-30 16:25:25','2018-11-30 16:25:25'),('510','Top 100 quốc văn','top-100-quoc-van','lich-ban','8','collection','2018-11-30 16:25:25','2018-11-30 16:25:25'),('511','Nuôi dạy con','nuoi-day-con','','8','collection','2018-11-30 16:25:25','2018-11-30 16:25:25'),('512','Top sách','top-sach','[]','8','collection','2018-11-30 16:25:25','2018-11-30 16:25:25'),('513','Link top sách','link-top-sach','','8','collection','2018-11-30 16:25:25','2018-11-30 16:25:25'),('514','Sản phẩm khác','san-pham-khac','','8','collection','2018-11-30 16:25:25','2018-11-30 16:25:25'),('515','Văn phòng phẩm','van-phong-pham','','8','collection','2018-11-30 16:25:25','2018-11-30 16:25:25'),('516','Nhóm sản phẩm khác','nhom-san-pham-khac','lich-ban','8','collection','2018-11-30 16:25:25','2018-11-30 16:25:25'),('517','Top sách thiếu nhi','top-sach-thieu-nhi','[]','8','collection','2018-11-30 16:25:25','2018-11-30 16:25:25'),('518','Link sách thiếu nhi','link-sach-thieu-nhi','','8','collection','2018-11-30 16:25:25','2018-11-30 16:25:25'),('519','Top 100 ngoại văn','top-100-ngoai-van','','8','collection','2018-11-30 16:25:25','2018-11-30 16:25:25'),('520','Top 100 bán chạy','top-100-ban-chay','','8','collection','2018-11-30 16:25:25','2018-11-30 16:25:25'),('521','Nhóm sách ngoại văn','nhom-sach-ngoai-van','lich-ban','8','collection','2018-11-30 16:25:25','2018-11-30 16:25:25'),('522','Top sách ngoại văn','top-sach-ngoai-van','[]','8','collection','2018-11-30 16:25:25','2018-11-30 16:25:25'),('523','Link top ngoại văn','link-top-ngoai-van','','8','collection','2018-11-30 16:25:25','2018-11-30 16:25:25'),('524','Top sách ngoại văn 1','top-sach-ngoai-van-1','[]','8','collection','2018-11-30 16:25:25','2018-11-30 16:25:25'),('525','Link top ngoại văn 1','link-top-ngoai-van-1','','8','collection','2018-11-30 16:25:25','2018-11-30 16:25:25'),('526','Thông tin thêm','more-information','</br>undefined','1','order','2018-12-01 10:18:16','2018-12-01 10:18:16'),('527','Banner','banner','','9','collection','2018-12-01 10:44:39','2018-12-01 10:44:39'),('528','Top banner','top-banner','[]','9','collection','2018-12-01 10:44:39','2018-12-01 10:44:39'),('529','Top 100 quốc văn','top-100-quoc-van','so-tay','9','collection','2018-12-01 10:44:39','2018-12-01 10:44:39'),('530','Nuôi dạy con','nuoi-day-con','','9','collection','2018-12-01 10:44:39','2018-12-01 10:44:39'),('531','Top sách','top-sach','[]','9','collection','2018-12-01 10:44:39','2018-12-01 10:44:39'),('532','Link top sách','link-top-sach','','9','collection','2018-12-01 10:44:39','2018-12-01 10:44:39'),('533','Sản phẩm khác','san-pham-khac','','9','collection','2018-12-01 10:44:39','2018-12-01 10:44:39'),('534','Văn phòng phẩm','van-phong-pham','','9','collection','2018-12-01 10:44:39','2018-12-01 10:44:39'),('535','Nhóm sản phẩm khác','nhom-san-pham-khac','so-tay','9','collection','2018-12-01 10:44:39','2018-12-01 10:44:39'),('536','Top sách thiếu nhi','top-sach-thieu-nhi','[]','9','collection','2018-12-01 10:44:39','2018-12-01 10:44:39'),('537','Link sách thiếu nhi','link-sach-thieu-nhi','','9','collection','2018-12-01 10:44:39','2018-12-01 10:44:39'),('538','Top 100 ngoại văn','top-100-ngoai-van','','9','collection','2018-12-01 10:44:39','2018-12-01 10:44:39'),('539','Top 100 bán chạy','top-100-ban-chay','','9','collection','2018-12-01 10:44:39','2018-12-01 10:44:39'),('540','Nhóm sách ngoại văn','nhom-sach-ngoai-van','so-tay','9','collection','2018-12-01 10:44:39','2018-12-01 10:44:39'),('541','Top sách ngoại văn','top-sach-ngoai-van','[]','9','collection','2018-12-01 10:44:39','2018-12-01 10:44:39'),('542','Link top ngoại văn','link-top-ngoai-van','','9','collection','2018-12-01 10:44:39','2018-12-01 10:44:39'),('543','Top sách ngoại văn 1','top-sach-ngoai-van-1','[]','9','collection','2018-12-01 10:44:39','2018-12-01 10:44:39'),('544','Link top ngoại văn 1','link-top-ngoai-van-1','','9','collection','2018-12-01 10:44:39','2018-12-01 10:44:39'),('545','Tác giả','tac-gia','[\"Nguyên Phong\"]','31','product_attribute','2018-12-01 12:16:58','2018-12-01 12:16:58'),('546','Tác giả','tac-gia','Nguyên Phong','2','collection_attribute',NULL,'2018-12-02 19:28:06'),('547','Tác giả','tac-gia','Nguyên Phong','3','collection_attribute',NULL,'2018-12-02 19:28:06'),('548','Tác giả','tac-gia','Nguyên Phong','4','collection_attribute',NULL,'2018-12-02 19:28:06'),('549','Tác giả','tac-gia','Nguyên Phong','6','collection_attribute',NULL,'2018-12-02 19:28:06'),('550','Tác giả','tac-gia','Nguyên Phong','9','collection_attribute',NULL,'2018-12-02 19:28:06'),('551','Thông tin thêm','more-information','</br>undefined','2','order','2018-12-01 14:33:15','2018-12-01 14:33:15'),('552','Thông tin thêm','more-information','</br>undefined','3','order','2018-12-01 14:34:34','2018-12-01 14:34:34'),('553','Bước 1','buoc-1','1. Thời gian giải quyết đổi trả','5','page','2018-12-01 14:40:48','2018-12-01 14:48:00'),('554','Nội dung 1','noi-dung-1','<div class=\"bg_white mt-35 col-sm-12\">\n<div class=\"content py-3 px-sm-3\">\n<div class=\"table-responsive-md style1\">\n<table class=\"table\">\n<thead>\n<tr>\n<th scope=\"col\" class=\"fm font-weight-normal\"></th>\n<th scope=\"col\" class=\"fm font-weight-normal\">Đơn h&agrave;ng của qu&yacute; kh&aacute;c được giao th&agrave;nh c&ocirc;ng</th>\n<th scope=\"col\" class=\"fm font-weight-normal\">Đơn h&agrave;ng qu&yacute; kh&aacute;ch đang tr&ecirc;n đường đi</th>\n</tr>\n</thead>\n<tbody class=\"fl\">\n<tr>\n<th scope=\"row\" class=\"nowrap fm font-weight-normal\">Thời gian giải quyết</th>\n<td>Tối đa 7 ng&agrave;y l&agrave;m việc</td>\n<td>Khi nhận được y&ecirc;u cầu từ qu&yacute; kh&aacute;ch</td>\n</tr>\n<tr>\n<th scope=\"row\" class=\"nowrap fm font-weight-normal\">Nội dung được giải quyết</th>\n<td>Theo hiện trạng đơn h&agrave;ng cần đổi/trả. (xem cụ thể tại #2 điều kiện đổi trả)</td>\n<td>Ch&uacute;ng t&ocirc;i chỉ hỗ trợ qu&yacute; kh&aacute;ch đổi mặt h&agrave;ng kh&aacute;c để ph&ugrave; hợp hơn với nhu cầu của qu&yacute; kh&aacute;ch/hủy đơn h&agrave;ng(*)</td>\n</tr>\n<tr>\n<td colspan=\"3\">(*) Nếu qu&yacute; kh&aacute;ch hủy đơn h&agrave;ng cũ, đ&atilde; chuyển khoản thanh to&aacute;n th&agrave;nh c&ocirc;ng,m&agrave; kh&ocirc;ng c&oacute; nhu cầu đặt lại đơn h&agrave;ng kh&aacute;c &rarr; ch&uacute;ng t&ocirc;i sẽ ho&agrave;n tiền lại cho Qu&yacute; kh&aacute;ch trong v&ograve;ng 7 ng&agrave;y l&agrave;m việc qua hệ thống ng&acirc;n h&agrave;ng kể từ ng&agrave;y nhận v&agrave; giải quyết y&ecirc;u cầu cho qu&yacute; kh&aacute;ch</td>\n</tr>\n</tbody>\n</table>\n</div>\n<p class=\"lh-24 fl\">Ch&iacute;nh s&aacute;ch n&agrave;y được &aacute;p dụng cho to&agrave;n bộ đơn h&agrave;ng của Qu&yacute; kh&aacute;ch tại<span>&nbsp;</span><span class=\"cl_red\">Van Lang</span>.</p>\n</div>\n</div>\n<div class=\"bg_white mt-35 col-sm-12\"></div>','5','page','2018-12-01 14:40:48','2018-12-01 14:48:00'),('555','Bước 2','buoc-2','2. Điều kiện đổi trả:','5','page','2018-12-01 14:40:48','2018-12-01 14:48:00'),('556','Nội dung 2','noi-dung-2','<div class=\"bg_white mt-35 col-sm-12\">\n<div class=\"content py-3 px-sm-3\">\n<p class=\"lh-24 fl\"><span class=\"cl_red\">Van Lang</span><span>&nbsp;</span>hỗ trợ đổi/ trả sản phẩm cho qu&yacute; kh&aacute;ch nếu:<span>&nbsp;</span><br />- Sản phẩm c&ograve;n nguy&ecirc;n bao b&igrave; như hiện trạng ban đầu.<span>&nbsp;</span><br />- Sản phầm c&ograve;n đầy đủ phụ kiện, qu&agrave; tặng khuyến m&atilde;i k&egrave;m theo.<span>&nbsp;</span><br />- Phiếu giao h&agrave;ng Fahasa / H&oacute;a đơn GTGT ( nếu c&oacute;)</p>\n</div>\n</div>\n<div class=\"bg_white mt-35 col-sm-12\"></div>','5','page','2018-12-01 14:40:48','2018-12-01 14:48:00'),('557','Bước 3','buoc-3','3. Chính sách đổi trả','5','page','2018-12-01 14:40:48','2018-12-01 14:48:00'),('558','Nội dung 3','noi-dung-3','<div class=\"bg_white mt-35 col-sm-12\">\n<div class=\"content py-3 px-sm-3\">\n<p class=\"lh-24 fl\">Tất cả c&aacute;c đơn h&agrave;ng đổi trả cần được chụp h&igrave;nh v&agrave; gửi email về<span>&nbsp;</span><br />info@fahasa.com với ti&ecirc;u đề &ldquo;Đổi Trả Đơn H&agrave;ng #100xxx&rdquo;:<span>&nbsp;</span><br />- Chụp h&igrave;nh về t&igrave;nh trạng sản phẩm, n&ecirc;u r&otilde; lỗi kỹ thuật nếu c&oacute;.<span>&nbsp;</span><br />- Chụp h&igrave;nh về t&igrave;nh trạng bao b&igrave;, ch&uacute; &yacute; c&aacute;c điểm như:<span>&nbsp;</span><br />+ S&aacute;ch c&oacute; được bọc m&agrave;ng co hay kh&ocirc;ng?<span>&nbsp;</span><br />+ Hộp c&oacute; được ch&egrave;n giấy vụn để bảo vệ khi vận chuyển hay kh&ocirc;ng?<span>&nbsp;</span><br />+ Hộp bị ướt &hellip;?</p>\n<div class=\"table-responsive-md style2\">\n<table class=\"table\">\n<thead>\n<tr>\n<th scope=\"col\" class=\"fm font-weight-normal\"></th>\n<th scope=\"col\" class=\"fm font-weight-normal\">Đơn h&agrave;ng của qu&yacute; kh&aacute;c được giao th&agrave;nh c&ocirc;ng</th>\n<th scope=\"col\" class=\"fm font-weight-normal\">Đơn h&agrave;ng qu&yacute; kh&aacute;ch đang tr&ecirc;n đường đi</th>\n</tr>\n</thead>\n<tbody class=\"fl\">\n<tr>\n<th scope=\"row\" class=\"nowrap fm font-weight-normal\">1</th>\n<td>Lỗi kỹ thuật của sản phẩm (s&aacute;ch thiếu trang, s&uacute;t g&aacute;y, tr&ugrave;ng nội dung, sản phẩm điện tử kh&ocirc;ng hoạt động..)</td>\n<td>Fahasa.com c&oacute; sản phẩm&rarr; đổi mới c&ugrave;ng sản phẩm Fahasa.com hết h&agrave;ng&rarr; Ho&agrave;n tiền (*)/ Qu&yacute; kh&aacute;ch c&oacute; thể chọn mặt h&agrave;ng kh&aacute;c tại Vang Lang</td>\n</tr>\n<tr>\n<th scope=\"row\" class=\"nowrap fm font-weight-normal\">2</th>\n<td>Sản phẩm hỏng do qu&yacute; kh&aacute;ch</td>\n<td>Kh&ocirc;ng hỗ trợ đổi/ trả</td>\n</tr>\n<tr>\n<th scope=\"row\" class=\"nowrap fm font-weight-normal\">3</th>\n<td>L&yacute; do đổi/trả sản phẩm như: kh&aacute;ch đặt nhầm, s&aacute;ch c&oacute; nội dung kh&ocirc;ng hay, kh&aacute;ch kh&ocirc;ng th&iacute;ch sản phẩm đ&atilde; đặt hoặc nhu cầu của kh&aacute;ch thay đổi.</td>\n<td>Kh&ocirc;ng hỗ trợ đổi/ trả</td>\n</tr>\n<tr>\n<th scope=\"row\" class=\"nowrap fm font-weight-normal\">4</th>\n<td>Giao nhầm/ giao thiếu ( thiếu sản phẩm đ&atilde; đặt, thiếu phụ kiện, thiếu qu&agrave; tặng k&egrave;m theo)</td>\n<td>Giao nhầm &rarr; Đổi lại đ&uacute;ng sản phẩm đ&atilde; đặt. Giao thiếu &rarr; Giao b&ugrave; th&ecirc;m số lượng c&ograve;n thiếu theo đơn h&agrave;ng</td>\n</tr>\n<tr>\n<th scope=\"row\" class=\"nowrap fm font-weight-normal\">5</th>\n<td>Chất lượng h&agrave;ng h&oacute;a k&eacute;m do vận chuyển</td>\n<td>Khi qu&yacute; kh&aacute;ch h&agrave;ng nhận g&oacute;i h&agrave;ng bị m&oacute;p m&eacute;o, ướt, ch&uacute;ng t&ocirc;i khuyến c&aacute;o kh&aacute;ch h&agrave;ng n&ecirc;n kiểm tra thực tế h&agrave;ng h&oacute;a b&ecirc;n trong ngay thời điểm nhận h&agrave;ng, vui l&ograve;ng phản ảnh hiện trang h&agrave;ng h&oacute;a l&ecirc;n bill nhận h&agrave;ng từ ph&iacute;a nh&acirc;n vi&ecirc;n giao nhận v&agrave; li&ecirc;n lạc với ch&uacute;ng t&ocirc;i về Hotline 1900-636467 để được hỗ trợ giải quyết cụ thể.</td>\n</tr>\n<tr>\n<th scope=\"row\" class=\"nowrap fm font-weight-normal\">6</th>\n<td>H&igrave;nh thức sản phẩm kh&ocirc;ng giống m&ocirc; tả ban đầu</td>\n<td>H&atilde;y li&ecirc;n hệ với ch&uacute;ng t&ocirc;i qua số<span>&nbsp;</span><span class=\"cl_red\">Hotline 1900636467</span>, ch&uacute;ng t&ocirc;i sẵn s&agrave;ng lắng nghe v&agrave; giải quyết cho bạn ( cụ thể theo từng trường hợp)</td>\n</tr>\n<tr>\n<td colspan=\"3\"><span class=\"fr\">(*) Phương thức ho&agrave;n tiền: Th&ocirc;ng qua t&agrave;i khoản ng&acirc;n h&agrave;ng từ 2-7 ng&agrave;y l&agrave;m việc ( sau khi ch&uacute;ng t&ocirc;i nhận được sản phẩm trả về)<span>&nbsp;</span><br /><br /></span><span class=\"fm\">Ch&uacute;ng t&ocirc;i sẽ kiểm tra c&aacute;c trường hợp tr&ecirc;n v&agrave; giải quyết cho qu&yacute; kh&aacute;ch trong 7 ng&agrave;y l&agrave;m việc kể từ khi qu&yacute; kh&aacute;ch nhận được h&agrave;ng, qu&aacute; thời hạn tr&ecirc;n rất tiếc ch&uacute;ng t&ocirc;i kh&ocirc;ng giải quyết khiếu nại.</span></td>\n</tr>\n</tbody>\n</table>\n</div>\n</div>\n</div>\n<div class=\"bg_white mt-35 col-sm-12\"></div>','5','page','2018-12-01 14:40:48','2018-12-01 14:48:00'),('559','Bước 4','buoc-4','4. Cách thức chuyển sản phẩm đổi trả về VanLangBooks','5','page','2018-12-01 14:40:48','2018-12-01 14:48:00'),('560','Nội dung 4','noi-dung-4','<p>Lorem ipsum dolor sit amet, consectetur adipisicing elit, sed do eiusmod tempor incididunt ut labore et dolore magna aliqua. Ut enim ad minim veniam, quis nostrud exercitation ullamco laboris nisi ut aliquip ex ea commodo consequat. Duis aute irure dolor in reprehenderit in voluptate velit esse cillum dolore eu fugiat nulla pariatur. Excepteur sint occaecat cupidatat non proident, sunt in culpa qui officia deserunt mollit anim id est laborum. Donec elementum ligula eu sapien consequat eleifend. Donec nec dolor erat, condimentum sagittis sem. Praesent porttitor</p>','5','page','2018-12-01 14:40:48','2018-12-01 14:48:00'),('561','Tác phẩm','tac-pham','[]','13','article','2018-12-01 15:02:24','2018-12-01 15:08:22'),('562','Nổi bật','noi-bat','true','13','article','2018-12-01 15:02:24','2018-12-01 15:08:22'),('563','Đại diện','dai-dien','false','13','article','2018-12-01 15:02:24','2018-12-01 15:08:22'),('564','Thể loại','the-loai','Tác giả','13','article','2018-12-01 15:02:24','2018-12-01 15:08:22'),('565','Tác phẩm','tac-pham','[]','14','article','2018-12-01 15:02:43','2018-12-01 15:03:38'),('566','Nổi bật','noi-bat','true','14','article','2018-12-01 15:02:43','2018-12-01 15:03:38'),('567','Đại diện','dai-dien','false','14','article','2018-12-01 15:02:43','2018-12-01 15:03:38'),('568','Thể loại','the-loai','Tác giả','14','article','2018-12-01 15:02:43','2018-12-01 15:03:38'),('569','Tác phẩm','tac-pham','[]','15','article','2018-12-01 15:03:47','2018-12-01 15:04:04'),('570','Nổi bật','noi-bat','true','15','article','2018-12-01 15:03:47','2018-12-01 15:04:04'),('571','Đại diện','dai-dien','false','15','article','2018-12-01 15:03:47','2018-12-01 15:04:04'),('572','Thể loại','the-loai','Tác giả','15','article','2018-12-01 15:03:47','2018-12-01 15:04:04'),('573','Tác phẩm','tac-pham','[]','16','article','2018-12-01 15:04:17','2018-12-01 15:04:37'),('574','Nổi bật','noi-bat','true','16','article','2018-12-01 15:04:17','2018-12-01 15:04:37'),('575','Đại diện','dai-dien','false','16','article','2018-12-01 15:04:17','2018-12-01 15:04:37'),('576','Thể loại','the-loai','Tác giả','16','article','2018-12-01 15:04:17','2018-12-01 15:04:37'),('577','Tác phẩm','tac-pham','[]','17','article','2018-12-01 15:04:45','2018-12-01 15:05:13'),('578','Nổi bật','noi-bat','true','17','article','2018-12-01 15:04:45','2018-12-01 15:05:13'),('579','Đại diện','dai-dien','false','17','article','2018-12-01 15:04:45','2018-12-01 15:05:13'),('580','Thể loại','the-loai','Tác giả','17','article','2018-12-01 15:04:45','2018-12-01 15:05:13'),('581','Thông tin thêm','more-information','</br></br>undefined','4','order','2018-12-01 15:17:25','2018-12-01 15:17:25'),('582','Thông tin thêm','more-information','</br></br>undefined','5','order','2018-12-01 15:24:37','2018-12-01 15:24:37'),('583','Thông tin thêm','more-information','</br></br>undefined','6','order','2018-12-01 16:31:00','2018-12-01 16:31:00'),('584','Thông tin thêm','more-information','</br></br>undefined','7','order','2018-12-01 16:35:15','2018-12-01 16:35:15'),('585','Thông tin thêm','more-information','</br></br>undefined','8','order','2018-12-01 16:38:23','2018-12-01 16:38:23'),('586','Thông tin thêm','more-information','</br></br>undefined','9','order','2018-12-01 16:58:07','2018-12-01 16:58:07'),('587','Thông tin thêm','more-information','</br></br>undefined','10','order','2018-12-01 17:41:54','2018-12-01 17:41:54'),('588','0','0','\"Bìa Cứng\"','31','product_attribute','2018-12-02 19:28:06','2018-12-02 19:28:06'),('589','0','0','','2','collection_attribute',NULL,'2018-12-02 19:28:06'),('590','0','0','','3','collection_attribute',NULL,'2018-12-02 19:28:06'),('591','0','0','','4','collection_attribute',NULL,'2018-12-02 19:28:06'),('592','0','0','','6','collection_attribute',NULL,'2018-12-02 19:28:06'),('593','0','0','','9','collection_attribute',NULL,'2018-12-02 19:28:06');
/*!40000 ALTER TABLE `metafield` ENABLE KEYS */;

DROP TABLE IF EXISTS `metafield_translations`;
CREATE TABLE `metafield_translations` (
  `id` int(10) unsigned NOT NULL AUTO_INCREMENT,
  `metafield_id` int(11) NOT NULL,
  `lang` varchar(255) COLLATE utf8_unicode_ci NOT NULL DEFAULT 'en',
  `value` varchar(255) COLLATE utf8_unicode_ci NOT NULL DEFAULT '',
  `created_at` timestamp NULL DEFAULT NULL,
  `updated_at` timestamp NULL DEFAULT NULL,
  PRIMARY KEY (`id`)
) ENGINE=InnoDB DEFAULT CHARSET=utf8 COLLATE=utf8_unicode_ci;

/*!40000 ALTER TABLE `metafield_translations` DISABLE KEYS */;
/*!40000 ALTER TABLE `metafield_translations` ENABLE KEYS */;

DROP TABLE IF EXISTS `order`;
CREATE TABLE `order` (
  `id` int(10) unsigned NOT NULL AUTO_INCREMENT,
  `customer_id` int(11) NOT NULL DEFAULT '0',
  `payment_method` varchar(255) COLLATE utf8_unicode_ci NOT NULL DEFAULT '',
  `shipping_price` int(11) NOT NULL DEFAULT '0',
  `shipping_status` int(11) NOT NULL DEFAULT '0',
  `order_status` varchar(255) COLLATE utf8_unicode_ci NOT NULL DEFAULT 'new',
  `payment_status` int(11) NOT NULL DEFAULT '0',
  `notes` text COLLATE utf8_unicode_ci NOT NULL,
  `coupon` varchar(255) COLLATE utf8_unicode_ci NOT NULL DEFAULT '',
  `coupon_discount` int(11) NOT NULL DEFAULT '0',
  `sale` varchar(255) COLLATE utf8_unicode_ci NOT NULL DEFAULT '',
  `sale_discount` int(11) NOT NULL DEFAULT '0',
  `order_discount` int(11) NOT NULL DEFAULT '0',
  `subtotal` int(11) NOT NULL DEFAULT '0',
  `total` int(11) NOT NULL DEFAULT '0',
  `reason_cancel` text COLLATE utf8_unicode_ci NOT NULL,
  `created_at` timestamp NULL DEFAULT NULL,
  `updated_at` timestamp NULL DEFAULT NULL,
  `discount_point` int(11) DEFAULT '0',
  `use_point` int(11) DEFAULT '0',
  PRIMARY KEY (`id`)
) ENGINE=InnoDB AUTO_INCREMENT=11 DEFAULT CHARSET=utf8 COLLATE=utf8_unicode_ci;

/*!40000 ALTER TABLE `order` DISABLE KEYS */;
INSERT INTO `order` VALUES ('1','100000','Chuyển khoản ngân hàng','0','2','done','1','','','0','[]','0','0','800000','800000','','2018-12-01 10:18:16','2018-12-01 10:20:13','0','0'),('2','100000','Chuyển khoản ngân hàng','0','2','done','1','','','0','[]','0','0','5580000','5580000','','2018-12-01 14:33:15','2018-12-01 15:15:20','0','0'),('3','100003','Chuyển khoản ngân hàng','0','0','new','0','','','0','[]','0','0','800000','800000','','2018-12-01 14:34:34','2018-12-01 14:34:34','0','0'),('4','100002','Chuyển khoản ngân hàng','0','2','done','1','','','0','[]','0','0','2100000','2100000','','2018-12-01 15:17:25','2018-12-01 15:17:44','0','0'),('5','100002','Chuyển khoản ngân hàng','0','2','done','1','','','0','[]','0','0','6300000','6300000','','2018-12-01 15:24:37','2018-12-01 15:28:08','0','0'),('6','100005','Chuyển khoản ngân hàng','0','2','done','1','','','0','[]','0','0','800000','800000','','2018-12-01 16:31:00','2018-12-01 16:31:21','0','0'),('7','100006','Chuyển khoản ngân hàng','0','2','done','1','','','0','[]','0','0','1920000','1920000','','2018-12-01 16:35:15','2018-12-01 16:35:59','0','0'),('8','100007','Chuyển khoản ngân hàng','0','2','done','1','','','0','[]','0','0','800000','800000','','2018-12-01 16:38:23','2018-12-01 16:38:47','0','0'),('9','100002','Chuyển khoản ngân hàng','0','0','new','0','','','0','[]','0','0','4160000','4160000','','2018-12-01 16:58:07','2018-12-01 16:58:07','0','0'),('10','100007','Chuyển khoản ngân hàng','0','0','new','0','','','0','[]','0','0','800000','800000','','2018-12-01 17:41:54','2018-12-01 17:41:54','0','0');
/*!40000 ALTER TABLE `order` ENABLE KEYS */;

DROP TABLE IF EXISTS `page`;
CREATE TABLE `page` (
  `id` int(10) unsigned NOT NULL AUTO_INCREMENT,
  `title` varchar(255) COLLATE utf8_unicode_ci NOT NULL,
  `image` varchar(255) COLLATE utf8_unicode_ci NOT NULL DEFAULT '',
  `description` text COLLATE utf8_unicode_ci NOT NULL,
  `content` text COLLATE utf8_unicode_ci NOT NULL,
  `tags` text COLLATE utf8_unicode_ci NOT NULL,
  `view` int(11) NOT NULL DEFAULT '0',
  `status` varchar(255) COLLATE utf8_unicode_ci NOT NULL DEFAULT 'active',
  `template` varchar(255) COLLATE utf8_unicode_ci NOT NULL DEFAULT '',
  `created_at` timestamp NULL DEFAULT NULL,
  `updated_at` timestamp NULL DEFAULT NULL,
  PRIMARY KEY (`id`)
) ENGINE=InnoDB AUTO_INCREMENT=6 DEFAULT CHARSET=utf8 COLLATE=utf8_unicode_ci;

/*!40000 ALTER TABLE `page` DISABLE KEYS */;
INSERT INTO `page` VALUES ('1','GIỚI THIỆU ','','','<p><span style=\"font-size: 18pt; font-family: helvetica, arial, sans-serif; color: #000080;\">GIỚI THIỆU NH&Agrave; S&Aacute;CH&nbsp;<span class=\"d-inline-block\">VĂN LANG</span></span></p>\n<p></p>\n<p><main class=\"main-content\">\n<section class=\"provider\">\n<div class=\"container\">\n<div class=\"content-detail\">\n<p class=\"img mb-4\"><img src=\"http://demo2.laziweb.com/vanlang-html/assets/img/demo/gioi-thieu.png\" alt=\"\" /></p>\n<p>Nguồn nh&acirc;n lực</p>\n<p>Để x&acirc;y dựng Thương hiệu mạnh, một trong những định hướng quan trọng h&agrave;ng đầu của FAHASA l&agrave; chiến lược ph&aacute;t triển nguồn nh&acirc;n lực - mấu chốt của mọi sự th&agrave;nh c&ocirc;ng.</p>\n<p>FAHASA c&oacute; hơn 2.200 CB-CNV, tr&igrave;nh độ chuy&ecirc;n m&ocirc;n giỏi, nhiệt t&igrave;nh, năng động, chuy&ecirc;n nghiệp. Lực lượng quản l&yacute; FAHASA c&oacute; th&acirc;m ni&ecirc;n c&ocirc;ng t&aacute;c, giỏi nghiệp vụ nhiều kinh nghiệm, c&oacute; khả năng quản l&yacute; tốt v&agrave; điều h&agrave;nh đơn vị hoạt động hiệu quả.</p>\n<p>Kết hợp tuyển dụng nguồn nh&acirc;n lực đầu v&agrave;o c&oacute; chất lượng v&agrave; kế hoạch bồi dưỡng kiến thức, r&egrave;n luyện bổ sung c&aacute;c kỹ năng v&agrave; chuẩn bị đội ngũ kế thừa theo hướng ch&iacute;nh qui th&ocirc;ng qua c&aacute;c lớp học ngắn hạn, d&agrave;i hạn; c&aacute;c lớp bồi dưỡng CB-CNV được tổ chức trong nước cũng như ở nước ngo&agrave;i đều được l&atilde;nh đạo FAHASA đặc biệt quan t&acirc;m v&agrave; tạo điều kiện triển khai thực hiện. Ch&iacute;nh v&igrave; thế, tr&igrave;nh độ chuy&ecirc;n m&ocirc;n của đội ngũ CB-CNV ng&agrave;y c&agrave;ng được n&acirc;ng cao, đ&aacute;p ứng nhu cầu ng&agrave;y c&agrave;ng tăng của c&ocirc;ng việc cũng như sự ph&aacute;t triển của x&atilde; hội đang tr&ecirc;n đường hội nhập.</p>\n<p>Về h&agrave;ng h&oacute;a</p>\n<p>C&ocirc;ng ty FAHASA chuy&ecirc;n kinh doanh: s&aacute;ch quốc văn, ngoại văn, văn h&oacute;a phẩm, văn ph&ograve;ng phẩm, dụng cụ học tập, qu&agrave; lưu niệm, đồ chơi d&agrave;nh cho trẻ em&hellip; Một số Nh&agrave; s&aacute;ch trực thuộc C&ocirc;ng ty FAHASA c&ograve;n kinh doanh c&aacute;c mặt h&agrave;ng si&ecirc;u thị như: h&agrave;ng ti&ecirc;u d&ugrave;ng, h&agrave;ng gia dụng, h&oacute;a mỹ phẩm&hellip;</p>\n<p>S&aacute;ch quốc văn với nhiều thể loại đa dạng như s&aacute;ch gi&aacute;o khoa &ndash; tham khảo, gi&aacute;o tr&igrave;nh, s&aacute;ch học ngữ, từ điển, s&aacute;ch tham khảo thuộc nhiều chuy&ecirc;n ng&agrave;nh phong ph&uacute;: văn học, t&acirc;m l&yacute; &ndash; gi&aacute;o dục, khoa học kỹ thuật, khoa học kinh tế - x&atilde; hội, khoa học thường thức, s&aacute;ch phong thủy, nghệ thuật sống, danh ng&ocirc;n, s&aacute;ch thiếu nhi, truyện tranh, truyện đọc, từ điển, c&ocirc;ng nghệ th&ocirc;ng tin, khoa học &ndash; kỹ thuật, nấu ăn, l&agrave;m đẹp... của nhiều Nh&agrave; xuất bản, nh&agrave; cung cấp s&aacute;ch c&oacute; uy t&iacute;n như: NXB Trẻ, Gi&aacute;o Dục, Kim Đồng, Văn h&oacute;a -Văn Nghệ, Tổng hợp TP.HCM, Ch&iacute;nh Trị Quốc Gia; C&ocirc;ng ty Đ&ocirc;ng A, Nh&atilde; Nam, B&aacute;ch Việt, Alphabook, Th&aacute;i H&agrave;, Minh L&acirc;m, Đinh Tị, Minh Long, TGM, S&aacute;ng Tạo Tr&iacute; Việt, Khang Việt, To&agrave;n Ph&uacute;c&hellip;</p>\n<p>S&aacute;ch ngoại văn bao gồm: từ điển, gi&aacute;o tr&igrave;nh, tham khảo, truyện tranh thiếu nhi , s&aacute;ch học ngữ, từ vựng, ngữ ph&aacute;p, luyện thi TOEFL, TOEIC, IELS&hellip;được nhập từ c&aacute;c NXB nước ngo&agrave;i như: Cambridge, Mc Graw-Hill, Pearson Education, Oxford, Macmillan, Cengage Learning&hellip;</p>\n<p>Văn ph&ograve;ng phẩm, dụng cụ học tập, đồ chơi d&agrave;nh cho trẻ em, h&agrave;ng lưu niệm&hellip; đa dạng, phong ph&uacute;, mẫu m&atilde; đẹp, chất lượng tốt, được cung ứng bởi c&aacute;c c&ocirc;ng ty, nh&agrave; cung cấp uy t&iacute;n như: Thi&ecirc;n Long, XNK B&igrave;nh T&acirc;y, Hạnh Thuận, Ng&ocirc; Quang, Việt Văn, Trương Vui, Hương Mi, Phương Nga, Việt Tinh Anh, Chăm s&oacute;c trẻ em Việt, Mẹ v&agrave; em b&eacute;&hellip;</p>\n<p>C&ugrave;ng với việc ph&aacute;t h&agrave;nh độc quyền nhiều ấn bản c&aacute;c loại của c&aacute;c Nh&agrave; xuất bản l&agrave; năng lực in ấn, sản xuất cung ứng nguồn h&agrave;ng của X&iacute; nghiệp in FAHASA, đ&atilde; gi&uacute;p C&ocirc;ng ty lu&ocirc;n chủ động được nguồn h&agrave;ng, nhất l&agrave; c&aacute;c mặt h&agrave;ng độc quyền như: lịch bloc, tập học sinh, sổ tay cao cấp, agenda, văn ph&ograve;ng phẩm, dụng cụ học tập&hellip;</p>\n<p>Hệ thống Nh&agrave; s&aacute;ch chuy&ecirc;n nghiệp</p>\n<p>Mạng lưới ph&aacute;t h&agrave;nh của C&ocirc;ng ty FAHASA rộng khắp tr&ecirc;n to&agrave;n quốc, gồm 5 Trung t&acirc;m s&aacute;ch, 1 X&iacute; nghiệp in v&agrave; với gần 60 Nh&agrave; s&aacute;ch trải dọc khắp c&aacute;c tỉnh th&agrave;nh từ TP.HCM đến Thủ Đ&ocirc; H&agrave; Nội, miền Trung, T&acirc;y Nguy&ecirc;n, miền Đ&ocirc;ng v&agrave; T&acirc;y Nam Bộ như: H&agrave; Nội, Vĩnh Ph&uacute;c, Hải Ph&ograve;ng, Thanh H&oacute;a, H&agrave; Tĩnh, Huế, Đ&agrave; Nẵng, Quảng Nam, Quảng Ng&atilde;i, Quy Nhơn, Nha Trang, Gia Lai, Đăklăk, Bảo Lộc - L&acirc;m Đồng, Ninh Thuận, B&igrave;nh Thuận, B&igrave;nh Phước, B&igrave;nh Dương, Đồng Nai, Vũng T&agrave;u, Long An, Tiền Giang, Bến Tre, Vĩnh Long, Cần Thơ, Hậu Giang, An Giang, Ki&ecirc;n Giang, S&oacute;c Trăng, C&agrave; Mau.</p>\n<p>Năm 2004 C&ocirc;ng ty đ&atilde; được Cục Sở hữu Tr&iacute; tuệ Việt Nam c&ocirc;ng nhận sở hữu độc quyền t&ecirc;n thương hiệu FAHASA.</p>\n<p>Năm 2005, C&ocirc;ng ty FAHASA được Trung t&acirc;m s&aacute;ch kỷ lục Việt Nam c&ocirc;ng nhận l&agrave; đơn vị c&oacute; hệ thống Nh&agrave; s&aacute;ch nhiều nhất Việt Nam; được Tạp ch&iacute; The Guide c&ocirc;ng nhận Nh&agrave; s&aacute;ch Xu&acirc;n Thu - đơn vị trực thuộc C&ocirc;ng ty FAHASA l&agrave; Nh&agrave; s&aacute;ch Ngoại văn đẹp nhất, lớn nhất, quy m&ocirc; nhất, nhiều s&aacute;ch nhất ở Th&agrave;nh phố Hồ Ch&iacute; Minh v&agrave; cả nước.</p>\n<p>Năm 2012 FAHASA l&agrave; Doanh nghiệp nằm trong Top 10 nh&agrave; b&aacute;n lẻ h&agrave;ng đầu Việt Nam. Đặc biệt năm 2006, 2009, 2012 FAHASA đạt danh hiệu Top 500 Nh&agrave; b&aacute;n lẻ h&agrave;ng đầu Ch&acirc;u &Aacute; Th&aacute;i B&igrave;nh Dương, giải thưởng được tạp ch&iacute; Retail Asia (Singapore) b&igrave;nh chọn.</p>\n<p>Kinh nghiệm hoạt động</p>\n<p>L&agrave; đơn vị c&oacute; gần 40 năm kinh doanh v&agrave; phục vụ x&atilde; hội, n&ecirc;n FAHASA đ&atilde; t&iacute;ch lũy được nhiều kinh nghiệm trong việc nghi&ecirc;n cứu thị trường, ph&acirc;n t&iacute;ch t&agrave;i ch&iacute;nh, định hướng ph&aacute;t triển, hoạch định chiến lược kinh doanh v&agrave; khả năng tiếp thị giỏi&hellip; Đồng thời FAHASA c&ograve;n c&oacute; nhiều kinh nghiệm trong việc tổ chức c&aacute;c cuộc Hội thảo, Triển l&atilde;m v&agrave; giới thiệu s&aacute;ch quốc văn, ngoại văn với qui m&ocirc; lớn, ấn tượng.</p>\n<p>FAHASA lu&ocirc;n l&agrave; đơn vị đi ti&ecirc;n phong trong nhiều hoạt động x&atilde; hội, điển h&igrave;nh l&agrave; việc tham gia tổ chức c&aacute;c Hội s&aacute;ch ở TP.HCM như: Hội s&aacute;ch Th&agrave;nh Phố Hồ Ch&iacute; Minh, Hội s&aacute;ch Thiếu nhi ngoại th&agrave;nh, Hội s&aacute;ch M&ugrave;a khai trường, Hội s&aacute;ch Học đường, Hội s&aacute;ch Trường Quốc tế&hellip; Nổi bật nhất l&agrave; Hội s&aacute;ch Th&agrave;nh Phố Hồ Ch&iacute; Minh, được định kỳ tổ chức 2 năm một lần. Đ&acirc;y l&agrave; Hội s&aacute;ch c&oacute; qui m&ocirc; lớn, tầm ảnh hưởng rộng, đ&atilde; để lại &yacute; nghĩa kinh tế, văn h&oacute;a v&agrave; x&atilde; hội s&acirc;u sắc. Hội s&aacute;ch kh&ocirc;ng chỉ l&agrave; nơi hội tụ văn h&oacute;a l&yacute; tưởng đối với người d&acirc;n TP.HCM m&agrave; c&ograve;n l&agrave; một th&ocirc;ng điệp văn h&oacute;a t&ocirc;n vinh cho c&aacute;c hoạt động Xuất bản &ndash; Ph&aacute;t h&agrave;nh s&aacute;ch cả nước, n&acirc;ng tầm cho việc giao lưu, trao đổi văn h&oacute;a với bạn b&egrave; thế giới, đồng thời g&oacute;p phần đem s&aacute;ch - tri thức đến gần hơn với mọi tầng lớp nh&acirc;n d&acirc;n, phục vụ tốt hơn nhu cầu văn h&oacute;a tinh thần của x&atilde; hội</p>\n<p>X&iacute; nghiệp in</p>\n<p>Gồm Ph&acirc;n xưởng in v&agrave; Ph&acirc;n xưởng th&agrave;nh phẩm: với nhiều m&aacute;y in hiện đại của Đức v&agrave; Nhật: Heidelberg, Komori, Akiyama, Lithrone, Mitsubishi&hellip; c&ugrave;ng nhiều m&aacute;y m&oacute;c, thiết bị kh&aacute;c như: m&aacute;y cắt, m&aacute;y v&ocirc; b&igrave;a s&aacute;ch, m&aacute;y bế hộp&hellip; Đội ngũ c&ocirc;ng nh&acirc;n tay nghề cao, đ&atilde; cho ra những sản phẩm c&oacute; chất lượng tốt, nhờ đ&oacute;, FAHASA lu&ocirc;n chủ động được nguồn h&agrave;ng, sản xuất theo đ&uacute;ng nhu cầu - thị hiếu của kh&aacute;ch h&agrave;ng v&agrave; h&igrave;nh th&agrave;nh được quy tr&igrave;nh in &amp; ph&aacute;t h&agrave;nh; phương thức n&agrave;y kh&ocirc;ng chỉ cho ra những sản phẩm đảm bảo chất lượng m&agrave; c&ograve;n gi&uacute;p cho việc giảm gi&aacute; th&agrave;nh, tăng hiệu quả cạnh tranh v&agrave; kinh doanh cao hơn.</p>\n<p>Những sản phẩm chủ yếu do X&iacute; nghiệp In sản xuất như: tập học sinh, sổ tay cao cấp, lịch, bao b&igrave;, sổ notebook, agenda, catalogue, brochure quảng c&aacute;o, văn ph&ograve;ng phẩm&hellip;</p>\n<p>NH&Agrave; PH&Acirc;N PHỐI S&Aacute;CH NGOẠI VĂN CHUY&Ecirc;N NGHIỆP</p>\n<p>D&ugrave; l&agrave; những bạn đọc nhỏ tuổi hay những bậc cao ni&ecirc;n, d&ugrave; l&agrave; bạn đọc ở TP.HCM hay ở c&aacute;c tỉnh th&agrave;nh kh&aacute;c tr&ecirc;n cả nước th&igrave; t&ecirc;n FAHASA đ&atilde; trở n&ecirc;n th&acirc;n quen v&agrave; tin cậy với họ trong những năm qua. C&oacute; thể n&oacute;i, hệ thống gần 60 Nh&agrave; s&aacute;ch của FAHASA l&agrave; những điểm sinh hoạt văn h&oacute;a th&acirc;n quen d&agrave;nh cho mọi đối tượng bạn đọc. Trong số đ&oacute;, nh&agrave; s&aacute;ch Xu&acirc;n Thu ở địa chỉ cũ số 185, Đồng Khởi, Quận 1, TP.HCM, nay chuyển về 391-391A Trần Hưng Đạo, Quận 1, TP.HCM tọa lạc tại một địa điểm kh&aacute; l&yacute; tưởng nằm ở trung t&acirc;m Th&agrave;nh phố, từ l&acirc;u đ&atilde; l&agrave; địa chỉ quen thuộc của đ&ocirc;ng đảo bạn đọc trong v&agrave; ngo&agrave;i nước v&agrave; nơi đ&acirc;y được xem l&agrave; địa điểm ph&aacute;t h&agrave;nh s&aacute;ch ngoại văn được xếp v&agrave;o loại bậc nhất ở TP.HCM v&agrave; của cả nước.</p>\n<p>C&ugrave;ng với xu thế hội nhập quốc tế đang ng&agrave;y c&agrave;ng mở rộng, nhu cầu t&igrave;m hiểu v&agrave; giao lưu văn ho&aacute; giữa c&aacute;c nước đang ng&agrave;y c&agrave;ng ph&aacute;t triển, C&ocirc;ng ty FAHASA ng&agrave;y c&agrave;ng xứng đ&aacute;ng với tầm v&oacute;c l&agrave; nh&agrave; ph&aacute;t h&agrave;nh đ&aacute;ng tin cậy của hơn 200 NXB tr&ecirc;n Thế giới như Oxford, Cambridge, Pearson, McGraw-Hill, MacMillan, Cengage Learning, Reed Elsevier, Taylor &amp; Francis, Heinemann, Hachette &eacute;dition, Larousse, Cl&eacute; International, Bắc Kinh, Thượng Hải, Hồng K&ocirc;ng&hellip; Thế mạnh của C&ocirc;ng ty FAHASA trong lĩnh vực ph&acirc;n phối s&aacute;ch ngoại văn bao gồm cả hai mảng ch&iacute;nh: s&aacute;ch học ngữ English language teaching (ELT) v&agrave; mảng s&aacute;ch chuy&ecirc;n ng&agrave;nh (Academic).</p>\n<p>Về lĩnh vực s&aacute;ch ELT, hiện nay FAHASA đ&atilde; v&agrave; đang l&agrave; nh&agrave; ph&acirc;n phối tất cả c&aacute;c loại s&aacute;ch học ngữ, từ điển, c&aacute;c gi&aacute;o tr&igrave;nh tiếng Anh với đủ mọi cấp độ cho c&aacute;c Trung t&acirc;m Anh ngữ, c&aacute;c trường Đại học ở TP.HCM n&oacute;i ri&ecirc;ng v&agrave; cả nước n&oacute;i chung th&ocirc;ng qua c&aacute;c loại s&aacute;ch từ những NXB danh tiếng tr&ecirc;n thế giới như Oxford, Cambridge, Pearson Education, Cengage Learning, McGraw-Hill&hellip; Đặc biệt, ở lĩnh vực n&agrave;y FAHASA l&agrave; nh&agrave; ph&aacute;t h&agrave;nh độc quyền c&aacute;c ấn phẩm của NXB Oxford tại thị trường Việt Nam bộ s&aacute;ch Let&rsquo;s Go; hợp t&aacute;c với NXB Cambridge in ấn v&agrave; ph&aacute;t h&agrave;nh tại Việt Nam một số bộ gi&aacute;o tr&igrave;nh Anh ngữ New Interchange, Connect, American Primary Colors; Vocabulary in use; Grammar in use&hellip; nhằm giảm bớt gi&aacute; th&agrave;nh so với gi&aacute; s&aacute;ch nhập khẩu, phục vụ nhu cầu t&igrave;m hiểu n&acirc;ng cao vốn tiếng Anh của đ&ocirc;ng đảo độc giả.</p>\n<p>Về lĩnh vực s&aacute;ch chuy&ecirc;n ng&agrave;nh (Academic), FAHASA vẫn được xem l&agrave; nh&agrave; ph&acirc;n phối lớn nhất c&aacute;c loại s&aacute;ch chuy&ecirc;n ng&agrave;nh phục vụ nhu cầu học tập, nghi&ecirc;n cứu cho c&aacute;c bạn sinh vi&ecirc;n, c&aacute;c gi&aacute;o vi&ecirc;n, gi&aacute;o sư, những người l&agrave;m c&ocirc;ng t&aacute;c nghi&ecirc;n cứu v&agrave; hầu hết mọi đối tượng bạn đọc. FAHASA lu&ocirc;n năng động v&agrave; nhạy b&eacute;n trong việc nắm bắt nhu cầu của kh&aacute;ch h&agrave;ng, khai th&aacute;c tối đa v&agrave; phục vụ kịp thời nhu cầu của bạn đọc gần xa. Hiện nay, FAHASA đang l&agrave; nh&agrave; ph&aacute;t h&agrave;nh cho c&aacute;c tập đo&agrave;n xuất bản lớn của Anh, Mỹ như NXB McGraw-Hill, Pearson Education, Cengage Learning, John Wiley&hellip;. Đến với cửa h&agrave;ng s&aacute;ch ngoại văn của FAHASA bạn đọc sẽ t&igrave;m thấy h&agrave;ng loạt c&aacute;c loại s&aacute;ch chuy&ecirc;n ng&agrave;nh bao gồm c&aacute;c thể loại đa dạng thuộc c&aacute;c lĩnh vực Kinh tế, Tin học, Y học, Kiến tr&uacute;c, Hội họa, Khoa học kỹ thuật v&agrave; c&aacute;c loại s&aacute;ch tham khảo kh&aacute;c.</p>\n<p>Với phương ch&acirc;m phục vụ qu&yacute; kh&aacute;ch ng&agrave;y c&agrave;ng tốt hơn, C&ocirc;ng ty FAHASA sẽ nỗ lực v&agrave; phấn đấu hơn nữa để mang đến cho bạn đọc nhiều s&aacute;ch hay, s&aacute;ch tốt n&ecirc;n kh&ocirc;ng chỉ ở Nh&agrave; s&aacute;ch Xu&acirc;n Thu, T&acirc;n Định, S&agrave;i G&ograve;n l&agrave; nơi ph&aacute;t h&agrave;nh s&aacute;ch đầy đủ s&aacute;ch ngoại văn m&agrave; trong một tương lai kh&ocirc;ng xa, bạn đọc c&oacute; thể t&igrave;m mua bất kỳ c&aacute;c tựa s&aacute;ch nước ngo&agrave;i n&agrave;o ở hầu hết c&aacute;c cửa h&agrave;ng trực thuộc FAHASA.</p>\n<p>TẦM NH&Igrave;N V&Agrave; PHƯƠNG HƯỚNG PH&Aacute;T TRIỂN CỦA THƯƠNG HIỆU TRONG TƯƠNG LAI</p>\n<p>Từ 2005 đến nay, FAHASA đ&atilde; nhất qu&aacute;n v&agrave; thực hiện th&agrave;nh c&ocirc;ng chiến lược xuy&ecirc;n suốt l&agrave; x&acirc;y dựng, ph&aacute;t triển Hệ thống Nh&agrave; s&aacute;ch chuy&ecirc;n nghiệp tr&ecirc;n to&agrave;n quốc.T&iacute;nh đến nay, sau hơn 6 năm thực hiện chiến lược, b&ecirc;n cạnh hệ thống gần 20 Nh&agrave; s&aacute;ch được h&igrave;nh th&agrave;nh từ năm 1976 v&agrave; được ph&acirc;n bổ rộng khắp tr&ecirc;n phạm vi TP.HCM, FAHASA đ&atilde; cơ bản ho&agrave;n thiện giai đoạn 1 trong kế hoạch ph&aacute;t triển mạng lưới ở khắp c&aacute;c tỉnh th&agrave;nh tr&ecirc;n to&agrave;n quốc với th&agrave;nh tựu: gần 80% c&aacute;c tỉnh th&agrave;nh miền Nam v&agrave; miền Trung đều c&oacute; mặt &iacute;t nhất một Nh&agrave; s&aacute;ch FAHASA. Một số tỉnh th&agrave;nh lớn đ&atilde; c&oacute; mặt Nh&agrave; s&aacute;ch thứ 2, thứ 3 của FAHASA như: B&igrave;nh Dương, Đồng Nai, Cần Thơ, Đ&agrave; Nẵng, H&agrave; Nội&hellip;</p>\n<p>Tiếp tục định hướng hoạt động chuy&ecirc;n ng&agrave;nh v&agrave; thực hiện chiến lược ph&aacute;t triển mạng lưới, từ năm 2013 &ndash; 2020 FAHASA sẽ ph&aacute;t triển mạnh hệ thống Nh&agrave; s&aacute;ch tại c&aacute;c tỉnh th&agrave;nh ph&iacute;a Bắc. Hiện nay, Nh&agrave; s&aacute;ch FAHASA đ&atilde; c&oacute; mặt tại H&agrave; Nội, H&agrave; Tĩnh, Vĩnh Ph&uacute;c, Hải Ph&ograve;ng, Thanh H&oacute;a.</p>\n<p>Dự kiến 2020, Hệ thống Nh&agrave; s&aacute;ch FAHASA sẽ c&oacute; khoảng 100 Nh&agrave; s&aacute;ch tr&ecirc;n to&agrave;n quốc. Tiếp tục giữ vững vị thế l&agrave; hệ thống Nh&agrave; s&aacute;ch h&agrave;ng đầu Việt Nam v&agrave; nằm trong Top 10 nh&agrave; b&aacute;n lẻ h&agrave;ng đầu Việt Nam (t&iacute;nh cho tất cả c&aacute;c ng&agrave;nh h&agrave;ng).</p>\n<p>Dự &aacute;n x&acirc;y dựng Trung t&acirc;m s&aacute;ch tại TP.HCM với diện t&iacute;ch 5.000m&sup2; đến 10.000m&sup2;, gồm đầy đủ c&aacute;c loại h&igrave;nh hoạt động về s&aacute;ch, phấn đấu x&acirc;y dựng phong c&aacute;ch kinh doanh hiện đại, ngang tầm với c&aacute;c nước trong khu vực. FAHASA sẽ l&agrave; k&ecirc;nh ti&ecirc;u thụ ch&iacute;nh của c&aacute;c Nh&agrave; xuất bản, c&aacute;c C&ocirc;ng ty Truyền th&ocirc;ng Văn h&oacute;a v&agrave; l&agrave; đối t&aacute;c tin cậy của c&aacute;c Nh&agrave; cung cấp trong v&agrave; ngo&agrave;i nước. Đồng thời FAHASA giữ vũng vị tr&iacute; Nh&agrave; nhập khẩu v&agrave; kinh doanh s&aacute;ch ngoại văn h&agrave;ng đầu Việt Nam.</p>\n<p>SỨ MỆNH CỦA: &ldquo;MANG TRI THỨC, VĂN H&Oacute;A ĐỌC ĐẾN VỚI MỌI NH&Agrave;&rdquo;!</p>\n<p>FAHASA l&agrave; thương hiệu h&agrave;ng đầu trong ng&agrave;nh Ph&aacute;t h&agrave;nh s&aacute;ch Việt Nam, ngay từ thời bao cấp cho đến thời kỳ kinh tế thị trường, đổi mới, hội nhập quốc tế, C&ocirc;ng ty FAHASA lu&ocirc;n khẳng định vị thế đầu ng&agrave;nh v&agrave; được đ&aacute;nh gi&aacute; cao trong qu&aacute; tr&igrave;nh x&acirc;y dựng đời sống văn h&oacute;a, trước hết l&agrave; văn h&oacute;a đọc của nước nh&agrave;. L&agrave; doanh nghiệp kinh doanh tr&ecirc;n lĩnh vực văn h&oacute;a, C&ocirc;ng ty FAHASA c&oacute; vai tr&ograve; v&agrave; vị thế trong việc giữ vững định hướng tư tưởng văn h&oacute;a của Nh&agrave; nước, g&oacute;p phần t&iacute;ch cực v&agrave;o việc đ&aacute;p ứng nhu cầu đọc s&aacute;ch của Nh&acirc;n d&acirc;n Th&agrave;nh phố Hồ Ch&iacute; Minh v&agrave; cả nước; thể hiện to&agrave;n diện c&aacute;c chức năng kinh tế - văn h&oacute;a - x&atilde; hội. Th&ocirc;ng qua c&aacute;c chủ trương v&agrave; hoạt động như: duy tr&igrave; một số Nh&agrave; s&aacute;ch ở c&aacute;c tỉnh c&oacute; nền kinh tế chưa ph&aacute;t triển, c&ocirc;ng tr&igrave;nh Xe s&aacute;ch Lưu động FAHASA phục vụ bạn đọc ngoại th&agrave;nh tại c&aacute;c huyện v&ugrave;ng s&acirc;u, v&ugrave;ng xa, định kỳ tổ chức c&aacute;c Hội s&aacute;ch với nhiều quy m&ocirc; lớn nhỏ kh&aacute;c nhau&hellip; chứng minh rằng FAHASA kh&ocirc;ng chỉ quan t&acirc;m đến việc kinh doanh m&agrave; c&ograve;n mang đến mọi người nguồn tri thức qu&yacute; b&aacute;u, g&oacute;p phần kh&ocirc;ng ngừng n&acirc;ng cao d&acirc;n tr&iacute; cho người d&acirc;n ở mọi miền đất nước, thể hiện sự h&agrave;i h&ograve;a giữa c&aacute;c mục ti&ecirc;u kinh doanh v&agrave; hoạt động phục vụ x&atilde; hội của FAHASA.</p>\n<p>Hiện nay, C&ocirc;ng ty FAHASA đ&atilde; v&agrave; đang ng&agrave;y c&agrave;ng nỗ lực hơn trong hoạt động sản xuất kinh doanh, tiếp tục g&oacute;p phần v&agrave;o sự nghiệp ph&aacute;t triển &ldquo;văn h&oacute;a đọc&rdquo;, l&agrave;m cho những gi&aacute; trị vĩnh hằng của s&aacute;ch ng&agrave;y c&agrave;ng thấm s&acirc;u v&agrave;o đời sống văn h&oacute;a tinh thần của x&atilde; hội, nhằm g&oacute;p phần t&iacute;ch cực, đ&aacute;p ứng y&ecirc;u cầu n&acirc;ng cao d&acirc;n tr&iacute;, bồi dưỡng nh&acirc;n t&agrave;i v&agrave; nguồn nh&acirc;n lực cho sự nghiệp c&ocirc;ng nghiệp h&oacute;a, hiện đại h&oacute;a đất nước, trong bối cảnh Th&agrave;nh phố Hồ Ch&iacute; Minh v&agrave; x&atilde; hội Việt Nam đang ng&agrave;y c&agrave;ng hội nhập s&acirc;u rộng v&agrave;o nền văn h&oacute;a, kinh tế tri thức của thế giới.</p>\n</div>\n</div>\n</section>\n</main></p>\n<p></p>\n<p></p>\n<footer class=\"footer mt-50\">\n<div class=\"container\">\n<div class=\"bg-white col\"><form action=\"http://demo2.laziweb.com/vanlang-html/gioi-thieu.html\" class=\"promotion-form bb_5-e3 \"></form></div>\n</div>\n</footer>','','6','active','About','2018-11-30 10:38:20','2018-11-30 10:39:52'),('2','CHÍNH SÁCH KHÁCH MUA SỈ','img63_1543546493.png','','<h3 class=\"title text-uppercase cl_blue fs_24 mb-0 bb-1 p-3\">CH&Iacute;NH S&Aacute;CH KH&Aacute;CH MUA SỈ</h3>\n<div class=\"content p-3\">\n<p class=\"lh-24 fl\">Hiện nay, do mức chiết khấu tr&ecirc;n Văn Lang.com rất cao, đặc biệt v&agrave;o c&aacute;c thời điểm chạy chương tr&igrave;nh. Do đ&oacute; đối với mỗi chương tr&igrave;nh số lượng sản phẩm giảm sốc c&oacute; giới hạn nhất định, v&igrave; vậy để đảm bảo quyền lợi của từng kh&aacute;ch h&agrave;ng, ch&uacute;ng t&ocirc;i xin th&ocirc;ng b&aacute;o ch&iacute;nh s&aacute;ch về &ldquo;Đơn H&agrave;ng Sỉ&rdquo; như sau:<span>&nbsp;</span><br /><br /><span class=\"fr\">1.</span><span>&nbsp;</span>Đơn h&agrave;ng được gọi l&agrave; &ldquo;đơn h&agrave;ng sỉ&rdquo; khi thoả 1 trong c&aacute;c ti&ecirc;u ch&iacute; sau:<span>&nbsp;</span><br />- Tổng gi&aacute; trị c&aacute;c đơn h&agrave;ng trong v&ograve;ng 3 ng&agrave;y c&oacute; gi&aacute; trị:<span>&nbsp;</span><span class=\"fr\">từ 5.000.000 đồng</span><span>&nbsp;</span>(5 triệu đồng) trở l&ecirc;n.<span>&nbsp;</span><br />- 1 Đơn h&agrave;ng hoặc tổng c&aacute;c đơn h&agrave;ng trong v&ograve;ng 3 ng&agrave;y: c&oacute;<span>&nbsp;</span><span class=\"fr\">1 sản phẩm c&oacute; tổng số lượng từ 15 trở l&ecirc;n</span><span>&nbsp;</span>(C&ugrave;ng 1 m&atilde; h&agrave;ng).<span>&nbsp;</span><span class=\"fr\">Đối với mặt h&agrave;ng VPP thỏa th&ecirc;m điều kiện tổng gi&aacute; trị của c&aacute;c đ&atilde; mua đơn h&agrave;ng lớn hơn 1.000.000 đồng.</span><span>&nbsp;</span><br />- 1 Đơn h&agrave;ng hoặc tổng c&aacute;c đơn h&agrave;ng trong v&ograve;ng 3 ng&agrave;y: c&oacute; tổng số lượng sản phẩm (đủ loại) từ 20 sản phẩm trở l&ecirc;n v&agrave; Số lượng mỗi tựa (C&ugrave;ng 1 m&atilde; h&agrave;ng) từ 5 trở l&ecirc;n.<span>&nbsp;</span><span class=\"fr\">Kh&ocirc;ng &aacute;p dụng cho mặt h&agrave;ng VPP</span>.<span>&nbsp;</span><br />- Tổng gi&aacute; trị c&aacute;c tựa ngoại văn trong đơn h&agrave;ng trong v&ograve;ng 3 ng&agrave;y c&oacute; gi&aacute; trị: từ 2.000.000 đồng (2 triệu đồng) trở l&ecirc;n.<span>&nbsp;</span><br />- C&aacute;c đơn h&agrave;ng c&oacute;<span>&nbsp;</span><span class=\"fr\">c&ugrave;ng th&ocirc;ng tin người mua h&agrave;ng (c&ugrave;ng số điện thoại, c&ugrave;ng email hoặc c&ugrave;ng địa chỉ nhận h&agrave;ng)</span><span>&nbsp;</span>th&igrave; được t&iacute;nh l&agrave; đơn h&agrave;ng của 1 kh&aacute;ch h&agrave;ng.<span>&nbsp;</span><br /><br /><span class=\"fr\">2.</span><span>&nbsp;</span>Ch&iacute;nh s&aacute;ch gi&aacute; (% chiết khấu giảm gi&aacute;). Đ&acirc;y l&agrave; ch&iacute;nh s&aacute;ch chung chỉ mang t&iacute;nh tương đối. Xin qu&yacute; kh&aacute;ch vui l&ograve;ng li&ecirc;n lạc với Văn Lang để c&oacute; ch&iacute;nh s&aacute;ch gi&aacute; ch&iacute;nh x&aacute;c nhất:<span>&nbsp;</span><br />- Đối với Nh&oacute;m h&agrave;ng<span>&nbsp;</span><span class=\"fr\">s&aacute;ch kinh tế, Văn học</span>: &aacute;p dụng mức giảm gi&aacute; tr&ecirc;n web tối đa kh&ocirc;ng vượt qu&aacute; 30%.<span>&nbsp;</span><br />- Đối với Nh&oacute;m h&agrave;ng<span>&nbsp;</span><span class=\"fr\">s&aacute;ch thiếu nhi v&agrave; t&acirc;m l&yacute; kỹ năng</span>: &aacute;p dụng mức giảm gi&aacute; tr&ecirc;n web tối đa kh&ocirc;ng vượt qu&aacute; 20%.<span>&nbsp;</span><br />- Đối với Nh&oacute;m h&agrave;ng<span>&nbsp;</span><span class=\"fr\">s&aacute;ch từ điển v&agrave; s&aacute;ch ngoại văn</span>: &aacute;p dụng mức giảm gi&aacute; tr&ecirc;n web tối đa kh&ocirc;ng vượt qu&aacute; 10%.<span>&nbsp;</span><br />- Đối với Nh&oacute;m h&agrave;ng<span>&nbsp;</span><span class=\"fr\">văn ph&ograve;ng phẩm, đồ chơi, dụng cụ học sinh</span>: &aacute;p dụng mức giảm gi&aacute; tr&ecirc;n web tối đa kh&ocirc;ng vượt qu&aacute; 15%.<span>&nbsp;</span><br />- Đối với Nh&oacute;m h&agrave;ng<span>&nbsp;</span><span class=\"fr\">giấy photo, sản phẩm điện tử, văn h&oacute;a phẩm</span>: &aacute;p dụng mức giảm gi&aacute; tr&ecirc;n web tối đa kh&ocirc;ng vượt qu&aacute; 10%.<span>&nbsp;</span><br /><br />Qu&yacute; kh&aacute;ch c&oacute; nhu cầu mua sỉ, vui l&ograve;ng li&ecirc;n hệ bộ phận kinh doanh Văn Lang.com để c&oacute; ch&iacute;nh s&aacute;ch tốt nhất: 028.38200280 hoặc 1900 63 64 67, hoặc Email: info@Văn Lang.com.</p>\n</div>','','3','active','MuaSi_VanChuyen','2018-11-30 10:41:52','2018-11-30 10:42:24'),('3','PHƯƠNG THỨC THANH TOÁN','','','<h4 class=\"title fs_16 cl_blue text-uppercase\">A. THANH TO&Aacute;N BẰNG THẺ QUỐC TẾ VISA/MASTER/JCB</h4>\n<p><img src=\"http://demo2.laziweb.com/vanlang-html/assets/img/demo/img65.png\" alt=\"\" class=\"d-block mx-auto mb-4\" /></p>','','10','active','Thanh_Toan','2018-11-30 10:43:43','2018-11-30 11:06:37'),('4','Phương thức vận chuyển','img63_1543546493.png','','<h3 class=\"title text-uppercase cl_blue fs_24 mb-0 bb-1 p-3\">PHƯƠNG THỨC VẬN CHUYỂN</h3>\n<div class=\"content p-3\">\n<p class=\"lh-24 fl\"><span class=\"cl_red\">Văn Lang</span><span>&nbsp;</span>lu&ocirc;n cố gắng mang lại trải nghiệm mua h&agrave;ng thật tốt cho kh&aacute;ch h&agrave;ng.<span>&nbsp;</span><br /><br />- Với đa phần đơn h&agrave;ng,<span>&nbsp;</span><span class=\"cl_red\">Văn Lang</span><span>&nbsp;</span>cần v&agrave;i giờ l&agrave;m việc để t&igrave;m v&agrave; g&oacute;i h&agrave;ng trong hệ thống hơn 80 nh&agrave; s&aacute;ch cả nước. Nếu c&oacute; h&agrave;ng, Văn Lang sẽ nhanh ch&oacute;ng chuyển cho đơn vị vận chuyển giao h&agrave;ng trong thời gian tối đa 1.5 ng&agrave;y l&agrave;m việc. Nếu đơn h&agrave;ng c&oacute; sản phẩm bị hết h&agrave;ng, Văn Lang ưu ti&ecirc;n giao phần c&oacute; h&agrave;ng trước.<span>&nbsp;</span><br /><br />- Trong một số trường hợp h&agrave;ng nằm ở nh&agrave; s&aacute;ch xa, thời gian giao h&agrave;ng c&oacute; thể l&acirc;u hơn. Tuy nhi&ecirc;n ph&iacute; vận chuyển ph&aacute;t sinh Văn Lang sẽ hỗ trợ ho&agrave;n to&agrave;n. Văn Lang mong qu&yacute; kh&aacute;ch th&ocirc;ng cảm t&igrave;nh huống n&agrave;y.<span>&nbsp;</span><br /><br /><span class=\"cl_red\">Văn Lang</span><span>&nbsp;</span>cung cấp 2 giải ph&aacute;p vận chuyển: thường v&agrave; nhanh.</p>\n<p class=\"lh-24 fl\"><span class=\"fr d-block\">Ph&iacute; thu hộ</span>- Miễn ph&iacute; COD (ph&iacute; thanh to&aacute;n khi nhận h&agrave;ng) với nội th&agrave;nh TP.Hồ Ch&iacute; Minh v&agrave; H&agrave; Nội.<span>&nbsp;</span><br />- Miễn ph&iacute; COD (ph&iacute; thanh to&aacute;n khi nhận h&agrave;ng) cho c&aacute;c đơn h&agrave;ng c&oacute; trị gi&aacute; từ 240.000đ trở l&ecirc;n đối với c&aacute;c Quận, huyện ngoại th&agrave;nh TP.HCM(bao gồm: H&oacute;c M&ocirc;n, Củ Chi, Cần Giờ, B&igrave;nh Ch&aacute;nh), huyện ngoại th&agrave;nh H&agrave; Nội v&agrave; c&aacute;c tỉnh th&agrave;nh kh&aacute;c.<span>&nbsp;</span><br />- Ph&iacute; thu hộ cho c&aacute;c trường hợp c&ograve;n lại: 13000đ.</p>\n</div>','','3','active','MuaSi_VanChuyen','2018-11-30 11:07:28','2018-11-30 11:07:37'),('5','CHÍNH SÁCH ĐỔI TRẢ','','CHÍNH SÁCH ĐỔI TRẢ/HOÀN TIỀN\n','<p class=\"lh-24 fl\">Ch&uacute;ng t&ocirc;i lu&ocirc;n tr&acirc;n trọng sự tin tưởng v&agrave; ủng hộ của kh&aacute;ch h&agrave;ng khi đặt mua sản phẩm tại<span>&nbsp;</span><span class=\"cl_red\">Van Lang</span>. Do đ&oacute; ch&uacute;ng t&ocirc;i lu&ocirc;n cố gắng ho&agrave;n thiện dịch vụ tốt nhất phục vụ mọi nhu cầu mua sắm của qu&yacute; kh&aacute;ch.<span>&nbsp;</span><br /><br />Fahasa.com ch&uacute;ng t&ocirc;i lu&ocirc;n lu&ocirc;n cam kết tất cả c&aacute;c sản phẩm b&aacute;n tại<span>&nbsp;</span><span class=\"cl_red\">Van Lang</span><span>&nbsp;</span>100% l&agrave; những sản phẩm chất lượng v&agrave; xuất xứ nguồn gốc r&otilde; r&agrave;ng, hợp ph&aacute;p cũng như an to&agrave;n cho người ti&ecirc;u d&ugrave;ng.<span>&nbsp;</span><br /><br />Để việc mua sắm của qu&yacute; kh&aacute;ch tại<span>&nbsp;</span><span class=\"cl_red\">Van Lang</span><span>&nbsp;</span>l&agrave; trải nghiệm dịch vụ th&acirc;n thiện, ch&uacute;ng t&ocirc;i hy vọng qu&yacute; kh&aacute;ch l&uacute;c nhận h&agrave;ng kiểm tra kỹ lại:<span>&nbsp;</span><br /><br />- Số lượng.<span>&nbsp;</span><br /><br />- T&ecirc;n sản phẩm v&agrave; chất lượng sản phẩm.<span>&nbsp;</span><br /><br />- Th&ocirc;ng tin sản phẩm, th&ocirc;ng tin người nhận (Đối chiếu với th&ocirc;ng tin tr&ecirc;n phiếu giao h&agrave;ng được bỏ trong hộp) trong l&uacute;c nhận h&agrave;ng trước khi k&yacute; nhận v&agrave; thanh to&aacute;n tiền cho nh&acirc;n vi&ecirc;n giao nhận.<span>&nbsp;</span><br /><br />Tuy nhi&ecirc;n để qu&yacute; kh&aacute;ch y&ecirc;n t&acirc;m hơn trong việc mua sắm v&agrave; trải nghiệm dịch vụ của<span>&nbsp;</span><span class=\"cl_red\">Van Lang</span>, ch&uacute;ng t&ocirc;i x&acirc;y dựng ch&iacute;nh s&aacute;ch đổi/ trả/ ho&agrave;n tiền tr&ecirc;n tinh thần bảo vệ quyền lợi người ti&ecirc;u d&ugrave;ng nhằm cam kết với qu&yacute; kh&aacute;ch về chất lượng sản phẩm v&agrave; dịch vụ của ch&uacute;ng t&ocirc;i.<span>&nbsp;</span><br /><br />Khi qu&yacute; kh&aacute;ch h&agrave;ng c&oacute; h&agrave;ng h&oacute;a mua tại<span>&nbsp;</span><span class=\"cl_red\">Van Lang</span><span>&nbsp;</span>cần đổi/ trả, xin qu&yacute; kh&aacute;ch h&agrave;ng li&ecirc;n hệ với ch&uacute;ng t&ocirc;i qua hotline 1900-636467 hoặc truy cập<span>&nbsp;</span><span class=\"cl_red\">Van Lang</span>/doi-tra-hang để t&igrave;m hiểu th&ecirc;m về ch&iacute;nh s&aacute;ch đổi/trả:</p>','','11','active','','2018-12-01 14:40:48','2018-12-01 14:47:59');
/*!40000 ALTER TABLE `page` ENABLE KEYS */;

DROP TABLE IF EXISTS `page_translations`;
CREATE TABLE `page_translations` (
  `id` int(10) unsigned NOT NULL AUTO_INCREMENT,
  `page_id` int(11) NOT NULL,
  `lang` varchar(255) COLLATE utf8_unicode_ci NOT NULL DEFAULT 'en',
  `title` varchar(255) COLLATE utf8_unicode_ci NOT NULL DEFAULT '',
  `description` text COLLATE utf8_unicode_ci NOT NULL,
  `content` text COLLATE utf8_unicode_ci NOT NULL,
  `created_at` timestamp NULL DEFAULT NULL,
  `updated_at` timestamp NULL DEFAULT NULL,
  PRIMARY KEY (`id`)
) ENGINE=InnoDB DEFAULT CHARSET=utf8 COLLATE=utf8_unicode_ci;

/*!40000 ALTER TABLE `page_translations` DISABLE KEYS */;
/*!40000 ALTER TABLE `page_translations` ENABLE KEYS */;

DROP TABLE IF EXISTS `permission`;
CREATE TABLE `permission` (
  `id` int(10) unsigned NOT NULL AUTO_INCREMENT,
  `role_id` int(11) NOT NULL,
  `group` varchar(255) COLLATE utf8_unicode_ci NOT NULL,
  `method` varchar(255) COLLATE utf8_unicode_ci NOT NULL,
  `endpoint` varchar(255) COLLATE utf8_unicode_ci NOT NULL,
  `created_at` timestamp NULL DEFAULT NULL,
  `updated_at` timestamp NULL DEFAULT NULL,
  PRIMARY KEY (`id`)
) ENGINE=InnoDB AUTO_INCREMENT=312 DEFAULT CHARSET=utf8 COLLATE=utf8_unicode_ci;

/*!40000 ALTER TABLE `permission` DISABLE KEYS */;
INSERT INTO `permission` VALUES ('1','1','order','GET','/order','2018-11-28 10:03:32','2018-11-28 10:03:32'),('2','1','order','GET','/order/search','2018-11-28 10:03:32','2018-11-28 10:03:32'),('3','1','order','GET','/order/{id}','2018-11-28 10:03:32','2018-11-28 10:03:32'),('4','1','order','GET','/order?order_status=new','2018-11-28 10:03:32','2018-11-28 10:03:32'),('5','1','order','GET','/order?order_status=confirm','2018-11-28 10:03:32','2018-11-28 10:03:32'),('6','1','order','GET','/order?order_status=confirm&payment_status=0','2018-11-28 10:03:32','2018-11-28 10:03:32'),('7','1','order','GET','/order?order_status=done','2018-11-28 10:03:32','2018-11-28 10:03:32'),('8','1','order','GET','/order?order_status=return','2018-11-28 10:03:32','2018-11-28 10:03:32'),('9','1','order','GET','/order?order_status=cancel','2018-11-28 10:03:32','2018-11-28 10:03:32'),('10','1','order','PUT','/order/{id}','2018-11-28 10:03:32','2018-11-28 10:03:32'),('11','1','product','GET','/product','2018-11-28 10:03:32','2018-11-28 10:03:32'),('12','1','product','GET','/product/{id}','2018-11-28 10:03:32','2018-11-28 10:03:32'),('13','1','product','GET','/product/create','2018-11-28 10:03:32','2018-11-28 10:03:32'),('14','1','product','POST','/product','2018-11-28 10:03:32','2018-11-28 10:03:32'),('15','1','product','PUT','/product/{id}','2018-11-28 10:03:32','2018-11-28 10:03:32'),('16','1','product','DELETE','/product','2018-11-28 10:03:32','2018-11-28 10:03:32'),('17','1','product','POST','/product/duplicate/{id}','2018-11-28 10:03:32','2018-11-28 10:03:32'),('18','1','import_product','GET','/import_product','2018-11-28 10:03:32','2018-11-28 10:03:32'),('19','1','import_product','GET','/import_product/template','2018-11-28 10:03:32','2018-11-28 10:03:32'),('20','1','import_product','POST','/import_product','2018-11-28 10:03:32','2018-11-28 10:03:32'),('21','1','collection','GET','/collection','2018-11-28 10:03:32','2018-11-28 10:03:32'),('22','1','collection','GET','/collection/{id}','2018-11-28 10:03:32','2018-11-28 10:03:32'),('23','1','collection','GET','/collection/create','2018-11-28 10:03:32','2018-11-28 10:03:32'),('24','1','collection','POST','/collection','2018-11-28 10:03:32','2018-11-28 10:03:32'),('25','1','collection','PUT','/collection/{id}','2018-11-28 10:03:32','2018-11-28 10:03:32'),('26','1','collection','DELETE','/collection','2018-11-28 10:03:32','2018-11-28 10:03:32'),('27','1','product_buy_together','GET','/product_buy_together','2018-11-28 10:03:32','2018-11-28 10:03:32'),('28','1','product_buy_together','GET','/product_buy_together/{id}','2018-11-28 10:03:32','2018-11-28 10:03:32'),('29','1','product_buy_together','GET','/product_buy_together/create','2018-11-28 10:03:32','2018-11-28 10:03:32'),('30','1','product_buy_together','POST','/product_buy_together','2018-11-28 10:03:32','2018-11-28 10:03:32'),('31','1','product_buy_together','PUT','/product_buy_together/{id}','2018-11-28 10:03:32','2018-11-28 10:03:32'),('32','1','product_buy_together','POST','/product_buy_together/one','2018-11-28 10:03:32','2018-11-28 10:03:32'),('33','1','product_buy_together','DELETE','/product_buy_together/{id}','2018-11-28 10:03:32','2018-11-28 10:03:32'),('34','1','attribute','GET','/attribute','2018-11-28 10:03:32','2018-11-28 10:03:32'),('35','1','attribute','GET','/attribute/{id}','2018-11-28 10:03:32','2018-11-28 10:03:32'),('36','1','attribute','GET','/attribute/create','2018-11-28 10:03:32','2018-11-28 10:03:32'),('37','1','attribute','POST','/attribute','2018-11-28 10:03:32','2018-11-28 10:03:32'),('38','1','attribute','PUT','/attribute/{id}','2018-11-28 10:03:32','2018-11-28 10:03:32'),('39','1','attribute','DELETE','/attribute/{id}','2018-11-28 10:03:32','2018-11-28 10:03:32'),('40','1','coupon','GET','/coupon','2018-11-28 10:03:32','2018-11-28 10:03:32'),('41','1','coupon','GET','/coupon/{id}','2018-11-28 10:03:32','2018-11-28 10:03:32'),('42','1','coupon','GET','/coupon/create','2018-11-28 10:03:32','2018-11-28 10:03:32'),('43','1','coupon','POST','/coupon','2018-11-28 10:03:32','2018-11-28 10:03:32'),('44','1','coupon','PUT','/coupon/{id}','2018-11-28 10:03:32','2018-11-28 10:03:32'),('45','1','coupon','DELETE','/coupon','2018-11-28 10:03:32','2018-11-28 10:03:32'),('46','1','sale','GET','/sale','2018-11-28 10:03:32','2018-11-28 10:03:32'),('47','1','sale','GET','/sale/{id}','2018-11-28 10:03:32','2018-11-28 10:03:32'),('48','1','sale','GET','/sale/create','2018-11-28 10:03:32','2018-11-28 10:03:32'),('49','1','sale','POST','/sale','2018-11-28 10:03:32','2018-11-28 10:03:32'),('50','1','sale','PUT','/sale/{id}','2018-11-28 10:03:32','2018-11-28 10:03:32'),('51','1','sale','DELETE','/sale','2018-11-28 10:03:32','2018-11-28 10:03:32'),('52','1','customer','GET','/customer','2018-11-28 10:03:32','2018-11-28 10:03:32'),('53','1','customer','GET','/customer/{id}','2018-11-28 10:03:32','2018-11-28 10:03:32'),('54','1','customer','PUT','/customer/{id}','2018-11-28 10:03:32','2018-11-28 10:03:32'),('55','1','customer','GET','/customer/order/{id}','2018-11-28 10:03:32','2018-11-28 10:03:32'),('56','1','customer','GET','/customer/export','2018-11-28 10:03:32','2018-11-28 10:03:32'),('57','1','customer','DELETE','/customer','2018-11-28 10:03:32','2018-11-28 10:03:32'),('58','1','article','GET','/article','2018-11-28 10:03:32','2018-11-28 10:03:32'),('59','1','article','GET','/article/{id}','2018-11-28 10:03:32','2018-11-28 10:03:32'),('60','1','article','GET','/article/create','2018-11-28 10:03:32','2018-11-28 10:03:32'),('61','1','article','POST','/article','2018-11-28 10:03:32','2018-11-28 10:03:32'),('62','1','article','PUT','/article/{id}','2018-11-28 10:03:32','2018-11-28 10:03:32'),('63','1','article','DELETE','/article','2018-11-28 10:03:32','2018-11-28 10:03:32'),('64','1','article','POST','/article/duplicate/{id}','2018-11-28 10:03:32','2018-11-28 10:03:32'),('65','1','blog','GET','/blog','2018-11-28 10:03:32','2018-11-28 10:03:32'),('66','1','blog','GET','/blog/{id}','2018-11-28 10:03:32','2018-11-28 10:03:32'),('67','1','blog','GET','/blog/create','2018-11-28 10:03:32','2018-11-28 10:03:32'),('68','1','blog','POST','/blog','2018-11-28 10:03:32','2018-11-28 10:03:32'),('69','1','blog','PUT','/blog/{id}','2018-11-28 10:03:32','2018-11-28 10:03:32'),('70','1','blog','DELETE','/blog','2018-11-28 10:03:32','2018-11-28 10:03:32'),('71','1','page','GET','/page','2018-11-28 10:03:32','2018-11-28 10:03:32'),('72','1','page','GET','/page/{id}','2018-11-28 10:03:32','2018-11-28 10:03:32'),('73','1','page','GET','/page/create','2018-11-28 10:03:32','2018-11-28 10:03:32'),('74','1','page','POST','/page','2018-11-28 10:03:32','2018-11-28 10:03:32'),('75','1','page','PUT','/page/{id}','2018-11-28 10:03:32','2018-11-28 10:03:32'),('76','1','page','DELETE','/page','2018-11-28 10:03:32','2018-11-28 10:03:32'),('77','1','gallery','GET','/gallery','2018-11-28 10:03:32','2018-11-28 10:03:32'),('78','1','gallery','GET','/gallery/create','2018-11-28 10:03:32','2018-11-28 10:03:32'),('79','1','gallery','GET','/gallery/{id}','2018-11-28 10:03:32','2018-11-28 10:03:32'),('80','1','gallery','POST','/gallery','2018-11-28 10:03:32','2018-11-28 10:03:32'),('81','1','gallery','PUT','/gallery/{id}','2018-11-28 10:03:32','2018-11-28 10:03:32'),('82','1','gallery','DELETE','/gallery','2018-11-28 10:03:32','2018-11-28 10:03:32'),('83','1','photo','GET','/photo/create','2018-11-28 10:03:32','2018-11-28 10:03:32'),('84','1','photo','GET','/photo/{id}','2018-11-28 10:03:32','2018-11-28 10:03:32'),('85','1','photo','POST','/photo','2018-11-28 10:03:32','2018-11-28 10:03:32'),('86','1','photo','PUT','/photo/{id}','2018-11-28 10:03:32','2018-11-28 10:03:32'),('87','1','photo','DELETE','/photo/{id}','2018-11-28 10:03:32','2018-11-28 10:03:32'),('88','1','review','GET','/review','2018-11-28 10:03:32','2018-11-28 10:03:32'),('89','1','subscriber','GET','/subscriber','2018-11-28 10:03:32','2018-11-28 10:03:32'),('90','1','comment','GET','/comment','2018-11-28 10:03:32','2018-11-28 10:03:32'),('91','1','comment','GET','/comment/product','2018-11-28 10:03:32','2018-11-28 10:03:32'),('92','1','comment','GET','/comment/article','2018-11-28 10:03:32','2018-11-28 10:03:32'),('93','1','comment','PUT','/comment/{id}','2018-11-28 10:03:32','2018-11-28 10:03:32'),('94','1','comment','DELETE','/comment','2018-11-28 10:03:32','2018-11-28 10:03:32'),('95','1','contact','GET','/contact','2018-11-28 10:03:32','2018-11-28 10:03:32'),('96','1','contact','GET','/contact/{id}','2018-11-28 10:03:32','2018-11-28 10:03:32'),('97','1','contact','GET','/contact?read=1','2018-11-28 10:03:32','2018-11-28 10:03:32'),('98','1','contact','GET','/contact?reply=1','2018-11-28 10:03:32','2018-11-28 10:03:32'),('99','1','contact','PUT','/contact/updateStatus','2018-11-28 10:03:32','2018-11-28 10:03:32'),('100','1','contact','DELETE','/contact/{id}','2018-11-28 10:03:32','2018-11-28 10:03:32'),('101','1','menu','GET','/menu','2018-11-28 10:03:32','2018-11-28 10:03:32'),('102','1','menu','GET','/menu/create','2018-11-28 10:03:32','2018-11-28 10:03:32'),('103','1','menu','GET','/menu/{id}','2018-11-28 10:03:32','2018-11-28 10:03:32'),('104','1','menu','PUT','/menu/updatePriority','2018-11-28 10:03:32','2018-11-28 10:03:32'),('105','1','menu','POST','/menu','2018-11-28 10:03:32','2018-11-28 10:03:32'),('106','1','menu','PUT','/menu/{id}','2018-11-28 10:03:32','2018-11-28 10:03:32'),('107','1','menu','DELETE','/menu/{id}','2018-11-28 10:03:32','2018-11-28 10:03:32'),('108','1','menu','DELETE','/menu','2018-11-28 10:03:32','2018-11-28 10:03:32'),('109','1','setting','GET','/setting','2018-11-28 10:03:32','2018-11-28 10:03:32'),('110','1','setting','PUT','/setting','2018-11-28 10:03:32','2018-11-28 10:03:32'),('111','1','library','GET','/library','2018-11-28 10:03:32','2018-11-28 10:03:32'),('112','1','testimonial','GET','/testimonial','2018-11-28 10:03:32','2018-11-28 10:03:32'),('113','1','testimonial','GET','/testimonial/{id}','2018-11-28 10:03:32','2018-11-28 10:03:32'),('114','1','testimonial','GET','/testimonial/create','2018-11-28 10:03:32','2018-11-28 10:03:32'),('115','1','testimonial','POST','/testimonial','2018-11-28 10:03:32','2018-11-28 10:03:32'),('116','1','testimonial','PUT','/testimonial/{id}','2018-11-28 10:03:32','2018-11-28 10:03:32'),('117','1','testimonial','DELETE','/testimonial','2018-11-28 10:03:32','2018-11-28 10:03:32'),('118','1','client','GET','/client','2018-11-28 10:03:32','2018-11-28 10:03:32'),('119','1','client','GET','/client/{id}','2018-11-28 10:03:32','2018-11-28 10:03:32'),('120','1','client','GET','/client/create','2018-11-28 10:03:32','2018-11-28 10:03:32'),('121','1','client','POST','/client','2018-11-28 10:03:32','2018-11-28 10:03:32'),('122','1','client','PUT','/client/{id}','2018-11-28 10:03:32','2018-11-28 10:03:32'),('123','1','client','DELETE','/client','2018-11-28 10:03:32','2018-11-28 10:03:32'),('124','1','shipping_fee','GET','/shipping_fee','2018-11-28 10:03:32','2018-11-28 10:03:32'),('125','1','shipping_fee','GET','/shipping_fee/edit/{id}','2018-11-28 10:03:32','2018-11-28 10:03:32'),('126','1','shipping_fee','GET','/shipping_fee/create','2018-11-28 10:03:32','2018-11-28 10:03:32'),('127','1','shipping_fee','POST','/shipping_fee','2018-11-28 10:03:32','2018-11-28 10:03:32'),('128','1','shipping_fee','PUT','/shipping_fee/{id}','2018-11-28 10:03:32','2018-11-28 10:03:32'),('129','1','shipping_fee','DELETE','/shipping_fee/{id}','2018-11-28 10:03:32','2018-11-28 10:03:32'),('130','1','user','GET','/user','2018-11-28 10:03:32','2018-11-28 10:03:32'),('131','1','user','GET','/user/history','2018-11-28 10:03:32','2018-11-28 10:03:32'),('132','1','user','GET','/user/create','2018-11-28 10:03:32','2018-11-28 10:03:32'),('133','1','user','GET','/user/{id}','2018-11-28 10:03:32','2018-11-28 10:03:32'),('134','1','user','PUT','/user/{id}','2018-11-28 10:03:32','2018-11-28 10:03:32'),('135','1','user','POST','/user','2018-11-28 10:03:32','2018-11-28 10:03:32'),('136','1','user','DELETE','/user/{id}','2018-11-28 10:03:32','2018-11-28 10:03:32'),('137','1','user','GET','/user/email/order','2018-11-28 10:03:32','2018-11-28 10:03:32'),('138','1','user','GET','/user/email/contact','2018-11-28 10:03:32','2018-11-28 10:03:32'),('139','2','product','GET','/product','2018-11-28 10:03:32','2018-11-28 10:03:32'),('140','2','product','GET','/product/{id}','2018-11-28 10:03:32','2018-11-28 10:03:32'),('141','2','product','GET','/product/create','2018-11-28 10:03:32','2018-11-28 10:03:32'),('142','2','product','POST','/product','2018-11-28 10:03:32','2018-11-28 10:03:32'),('143','2','product','PUT','/product/{id}','2018-11-28 10:03:32','2018-11-28 10:03:32'),('144','2','product','DELETE','/product','2018-11-28 10:03:32','2018-11-28 10:03:32'),('145','2','product','POST','/product/duplicate/{id}','2018-11-28 10:03:32','2018-11-28 10:03:32'),('146','2','collection','GET','/collection','2018-11-28 10:03:32','2018-11-28 10:03:32'),('147','2','collection','GET','/collection/{id}','2018-11-28 10:03:32','2018-11-28 10:03:32'),('148','2','collection','GET','/collection/create','2018-11-28 10:03:32','2018-11-28 10:03:32'),('149','2','collection','POST','/collection','2018-11-28 10:03:32','2018-11-28 10:03:32'),('150','2','collection','PUT','/collection/{id}','2018-11-28 10:03:32','2018-11-28 10:03:32'),('151','2','collection','DELETE','/collection','2018-11-28 10:03:32','2018-11-28 10:03:32'),('152','2','product_buy_together','GET','/product_buy_together','2018-11-28 10:03:32','2018-11-28 10:03:32'),('153','2','product_buy_together','GET','/product_buy_together/{id}','2018-11-28 10:03:32','2018-11-28 10:03:32'),('154','2','product_buy_together','GET','/product_buy_together/create','2018-11-28 10:03:32','2018-11-28 10:03:32'),('155','2','product_buy_together','POST','/product_buy_together','2018-11-28 10:03:32','2018-11-28 10:03:32'),('156','2','product_buy_together','PUT','/product_buy_together/{id}','2018-11-28 10:03:32','2018-11-28 10:03:32'),('157','2','product_buy_together','POST','/product_buy_together/one','2018-11-28 10:03:32','2018-11-28 10:03:32'),('158','2','product_buy_together','DELETE','/product_buy_together/{id}','2018-11-28 10:03:32','2018-11-28 10:03:32'),('159','2','attribute','GET','/attribute','2018-11-28 10:03:32','2018-11-28 10:03:32'),('160','2','attribute','GET','/attribute/{id}','2018-11-28 10:03:32','2018-11-28 10:03:32'),('161','2','attribute','GET','/attribute/create','2018-11-28 10:03:32','2018-11-28 10:03:32'),('162','2','attribute','POST','/attribute','2018-11-28 10:03:32','2018-11-28 10:03:32'),('163','2','attribute','PUT','/attribute/{id}','2018-11-28 10:03:32','2018-11-28 10:03:32'),('164','2','attribute','DELETE','/attribute/{id}','2018-11-28 10:03:32','2018-11-28 10:03:32'),('165','2','coupon','GET','/coupon','2018-11-28 10:03:32','2018-11-28 10:03:32'),('166','2','coupon','GET','/coupon/{id}','2018-11-28 10:03:32','2018-11-28 10:03:32'),('167','2','coupon','GET','/coupon/create','2018-11-28 10:03:32','2018-11-28 10:03:32'),('168','2','coupon','POST','/coupon','2018-11-28 10:03:32','2018-11-28 10:03:32'),('169','2','coupon','PUT','/coupon/{id}','2018-11-28 10:03:32','2018-11-28 10:03:32'),('170','2','coupon','DELETE','/coupon','2018-11-28 10:03:32','2018-11-28 10:03:32'),('171','2','sale','GET','/sale','2018-11-28 10:03:32','2018-11-28 10:03:32'),('172','2','sale','GET','/sale/{id}','2018-11-28 10:03:32','2018-11-28 10:03:32'),('173','2','sale','GET','/sale/create','2018-11-28 10:03:32','2018-11-28 10:03:32'),('174','2','sale','POST','/sale','2018-11-28 10:03:32','2018-11-28 10:03:32'),('175','2','sale','PUT','/sale/{id}','2018-11-28 10:03:32','2018-11-28 10:03:32'),('176','2','sale','DELETE','/sale','2018-11-28 10:03:32','2018-11-28 10:03:32'),('177','2','customer','GET','/customer','2018-11-28 10:03:32','2018-11-28 10:03:32'),('178','2','customer','GET','/customer/order/{id}','2018-11-28 10:03:32','2018-11-28 10:03:32'),('179','2','customer','DELETE','/customer','2018-11-28 10:03:32','2018-11-28 10:03:32'),('180','2','article','GET','/article','2018-11-28 10:03:32','2018-11-28 10:03:32'),('181','2','article','GET','/article/{id}','2018-11-28 10:03:32','2018-11-28 10:03:32'),('182','2','article','GET','/article/create','2018-11-28 10:03:32','2018-11-28 10:03:32'),('183','2','article','POST','/article','2018-11-28 10:03:32','2018-11-28 10:03:32'),('184','2','article','PUT','/article/{id}','2018-11-28 10:03:32','2018-11-28 10:03:32'),('185','2','article','DELETE','/article','2018-11-28 10:03:32','2018-11-28 10:03:32'),('186','2','article','POST','/article/duplicate/{id}','2018-11-28 10:03:32','2018-11-28 10:03:32'),('187','2','blog','GET','/blog','2018-11-28 10:03:32','2018-11-28 10:03:32'),('188','2','blog','GET','/blog/{id}','2018-11-28 10:03:32','2018-11-28 10:03:32'),('189','2','blog','GET','/blog/create','2018-11-28 10:03:32','2018-11-28 10:03:32'),('190','2','blog','POST','/blog','2018-11-28 10:03:32','2018-11-28 10:03:32'),('191','2','blog','PUT','/blog/{id}','2018-11-28 10:03:32','2018-11-28 10:03:32'),('192','2','blog','DELETE','/blog','2018-11-28 10:03:32','2018-11-28 10:03:32'),('193','2','page','GET','/page','2018-11-28 10:03:32','2018-11-28 10:03:32'),('194','2','page','GET','/page/{id}','2018-11-28 10:03:32','2018-11-28 10:03:32'),('195','2','page','GET','/page/create','2018-11-28 10:03:32','2018-11-28 10:03:32'),('196','2','page','POST','/page','2018-11-28 10:03:32','2018-11-28 10:03:32'),('197','2','page','PUT','/page/{id}','2018-11-28 10:03:32','2018-11-28 10:03:32'),('198','2','page','DELETE','/page','2018-11-28 10:03:32','2018-11-28 10:03:32'),('199','2','gallery','GET','/gallery','2018-11-28 10:03:32','2018-11-28 10:03:32'),('200','2','gallery','GET','/gallery/create','2018-11-28 10:03:32','2018-11-28 10:03:32'),('201','2','gallery','GET','/gallery/{id}','2018-11-28 10:03:32','2018-11-28 10:03:32'),('202','2','gallery','POST','/gallery','2018-11-28 10:03:32','2018-11-28 10:03:32'),('203','2','gallery','PUT','/gallery/{id}','2018-11-28 10:03:32','2018-11-28 10:03:32'),('204','2','gallery','DELETE','/gallery','2018-11-28 10:03:32','2018-11-28 10:03:32'),('205','2','photo','GET','/photo/create','2018-11-28 10:03:32','2018-11-28 10:03:32'),('206','2','photo','GET','/photo/{id}','2018-11-28 10:03:32','2018-11-28 10:03:32'),('207','2','photo','POST','/photo','2018-11-28 10:03:32','2018-11-28 10:03:32'),('208','2','photo','PUT','/photo/{id}','2018-11-28 10:03:32','2018-11-28 10:03:32'),('209','2','photo','DELETE','/photo/{id}','2018-11-28 10:03:32','2018-11-28 10:03:32'),('210','2','review','GET','/review','2018-11-28 10:03:32','2018-11-28 10:03:32'),('211','2','subscriber','GET','/subscriber','2018-11-28 10:03:32','2018-11-28 10:03:32'),('212','2','comment','GET','/comment','2018-11-28 10:03:32','2018-11-28 10:03:32'),('213','2','comment','GET','/comment/product','2018-11-28 10:03:32','2018-11-28 10:03:32'),('214','2','comment','GET','/comment/article','2018-11-28 10:03:32','2018-11-28 10:03:32'),('215','2','comment','PUT','/comment/{id}','2018-11-28 10:03:32','2018-11-28 10:03:32'),('216','2','comment','DELETE','/comment','2018-11-28 10:03:32','2018-11-28 10:03:32'),('217','2','menu','GET','/menu','2018-11-28 10:03:32','2018-11-28 10:03:32'),('218','2','menu','GET','/menu/create','2018-11-28 10:03:32','2018-11-28 10:03:32'),('219','2','menu','GET','/menu/{id}','2018-11-28 10:03:32','2018-11-28 10:03:32'),('220','2','menu','PUT','/menu/updatePriority','2018-11-28 10:03:32','2018-11-28 10:03:32'),('221','2','menu','POST','/menu','2018-11-28 10:03:32','2018-11-28 10:03:32'),('222','2','menu','PUT','/menu/{id}','2018-11-28 10:03:32','2018-11-28 10:03:32'),('223','2','menu','DELETE','/menu/{id}','2018-11-28 10:03:32','2018-11-28 10:03:32'),('224','2','menu','DELETE','/menu','2018-11-28 10:03:32','2018-11-28 10:03:32'),('225','2','setting','GET','/setting','2018-11-28 10:03:32','2018-11-28 10:03:32'),('226','2','setting','PUT','/setting','2018-11-28 10:03:32','2018-11-28 10:03:32'),('227','2','library','GET','/library','2018-11-28 10:03:32','2018-11-28 10:03:32'),('228','2','testimonial','GET','/testimonial','2018-11-28 10:03:32','2018-11-28 10:03:32'),('229','2','testimonial','GET','/testimonial/{id}','2018-11-28 10:03:32','2018-11-28 10:03:32'),('230','2','testimonial','GET','/testimonial/create','2018-11-28 10:03:32','2018-11-28 10:03:32'),('231','2','testimonial','POST','/testimonial','2018-11-28 10:03:32','2018-11-28 10:03:32'),('232','2','testimonial','PUT','/testimonial/{id}','2018-11-28 10:03:32','2018-11-28 10:03:32'),('233','2','testimonial','DELETE','/testimonial','2018-11-28 10:03:32','2018-11-28 10:03:32'),('234','2','client','GET','/client','2018-11-28 10:03:32','2018-11-28 10:03:32'),('235','2','client','GET','/client/{id}','2018-11-28 10:03:32','2018-11-28 10:03:32'),('236','2','client','GET','/client/create','2018-11-28 10:03:32','2018-11-28 10:03:32'),('237','2','client','POST','/client','2018-11-28 10:03:32','2018-11-28 10:03:32'),('238','2','client','PUT','/client/{id}','2018-11-28 10:03:32','2018-11-28 10:03:32'),('239','2','client','DELETE','/client','2018-11-28 10:03:32','2018-11-28 10:03:32'),('240','2','shipping_fee','GET','/shipping_fee','2018-11-28 10:03:32','2018-11-28 10:03:32'),('241','2','shipping_fee','GET','/shipping_fee/edit/{id}','2018-11-28 10:03:32','2018-11-28 10:03:32'),('242','2','shipping_fee','GET','/shipping_fee/create','2018-11-28 10:03:32','2018-11-28 10:03:32'),('243','2','shipping_fee','POST','/shipping_fee','2018-11-28 10:03:32','2018-11-28 10:03:32'),('244','2','shipping_fee','PUT','/shipping_fee/{id}','2018-11-28 10:03:32','2018-11-28 10:03:32'),('245','2','shipping_fee','DELETE','/shipping_fee/{id}','2018-11-28 10:03:32','2018-11-28 10:03:32'),('246','3','order','GET','/order','2018-11-28 10:03:32','2018-11-28 10:03:32'),('247','3','order','GET','/order/search','2018-11-28 10:03:32','2018-11-28 10:03:32'),('248','3','order','GET','/order/{id}','2018-11-28 10:03:32','2018-11-28 10:03:32'),('249','3','order','GET','/order?order_status=new','2018-11-28 10:03:32','2018-11-28 10:03:32'),('250','3','order','GET','/order?order_status=confirm','2018-11-28 10:03:32','2018-11-28 10:03:32'),('251','3','order','GET','/order?order_status=confirm&payment_status=0','2018-11-28 10:03:32','2018-11-28 10:03:32'),('252','3','order','GET','/order?order_status=done','2018-11-28 10:03:32','2018-11-28 10:03:32'),('253','3','order','GET','/order?order_status=return','2018-11-28 10:03:32','2018-11-28 10:03:32'),('254','3','order','GET','/order?order_status=cancel','2018-11-28 10:03:32','2018-11-28 10:03:32'),('255','3','order','PUT','/order/{id}','2018-11-28 10:03:32','2018-11-28 10:03:32'),('256','3','contact','GET','/contact','2018-11-28 10:03:32','2018-11-28 10:03:32'),('257','3','contact','GET','/contact/{id}','2018-11-28 10:03:32','2018-11-28 10:03:32'),('258','3','contact','GET','/contact?read=1','2018-11-28 10:03:32','2018-11-28 10:03:32'),('259','3','contact','GET','/contact?reply=1','2018-11-28 10:03:32','2018-11-28 10:03:32'),('260','3','contact','PUT','/contact/updateStatus','2018-11-28 10:03:32','2018-11-28 10:03:32'),('261','3','contact','DELETE','/contact/{id}','2018-11-28 10:03:32','2018-11-28 10:03:32'),('262','3','user','GET','/user/email/order','2018-11-28 10:03:32','2018-11-28 10:03:32'),('263','3','user','GET','/user/email/contact','2018-11-28 10:03:32','2018-11-28 10:03:32'),('264','4','article','GET','/article','2018-11-28 10:03:32','2018-11-28 10:03:32'),('265','4','article','GET','/article/{id}','2018-11-28 10:03:32','2018-11-28 10:03:32'),('266','4','article','GET','/article/create','2018-11-28 10:03:32','2018-11-28 10:03:32'),('267','4','article','POST','/article','2018-11-28 10:03:32','2018-11-28 10:03:32'),('268','4','article','PUT','/article/{id}','2018-11-28 10:03:32','2018-11-28 10:03:32'),('269','4','article','DELETE','/article','2018-11-28 10:03:32','2018-11-28 10:03:32'),('270','4','article','POST','/article/duplicate/{id}','2018-11-28 10:03:32','2018-11-28 10:03:32'),('271','4','blog','GET','/blog','2018-11-28 10:03:32','2018-11-28 10:03:32'),('272','4','blog','GET','/blog/{id}','2018-11-28 10:03:32','2018-11-28 10:03:32'),('273','4','blog','GET','/blog/create','2018-11-28 10:03:32','2018-11-28 10:03:32'),('274','4','blog','POST','/blog','2018-11-28 10:03:32','2018-11-28 10:03:32'),('275','4','blog','PUT','/blog/{id}','2018-11-28 10:03:32','2018-11-28 10:03:32'),('276','4','blog','DELETE','/blog','2018-11-28 10:03:32','2018-11-28 10:03:32'),('277','4','page','GET','/page','2018-11-28 10:03:32','2018-11-28 10:03:32'),('278','4','page','GET','/page/{id}','2018-11-28 10:03:32','2018-11-28 10:03:32'),('279','4','page','GET','/page/create','2018-11-28 10:03:32','2018-11-28 10:03:32'),('280','4','page','POST','/page','2018-11-28 10:03:32','2018-11-28 10:03:32'),('281','4','page','PUT','/page/{id}','2018-11-28 10:03:32','2018-11-28 10:03:32'),('282','4','page','DELETE','/page','2018-11-28 10:03:32','2018-11-28 10:03:32'),('283','5','product','GET','/product','2018-11-28 10:03:32','2018-11-28 10:03:32'),('284','5','product','GET','/product/{id}','2018-11-28 10:03:32','2018-11-28 10:03:32'),('285','5','product','GET','/product/create','2018-11-28 10:03:32','2018-11-28 10:03:32'),('286','5','product','POST','/product','2018-11-28 10:03:32','2018-11-28 10:03:32'),('287','5','product','PUT','/product/{id}','2018-11-28 10:03:32','2018-11-28 10:03:32'),('288','5','product','DELETE','/product','2018-11-28 10:03:32','2018-11-28 10:03:32'),('289','5','product','POST','/product/duplicate/{id}','2018-11-28 10:03:32','2018-11-28 10:03:32'),('290','5','import_product','GET','/import_product','2018-11-28 10:03:32','2018-11-28 10:03:32'),('291','5','import_product','GET','/import_product/template','2018-11-28 10:03:32','2018-11-28 10:03:32'),('292','5','import_product','POST','/import_product','2018-11-28 10:03:32','2018-11-28 10:03:32'),('293','5','collection','GET','/collection','2018-11-28 10:03:32','2018-11-28 10:03:32'),('294','5','collection','GET','/collection/{id}','2018-11-28 10:03:32','2018-11-28 10:03:32'),('295','5','collection','GET','/collection/create','2018-11-28 10:03:32','2018-11-28 10:03:32'),('296','5','collection','POST','/collection','2018-11-28 10:03:32','2018-11-28 10:03:32'),('297','5','collection','PUT','/collection/{id}','2018-11-28 10:03:32','2018-11-28 10:03:32'),('298','5','collection','DELETE','/collection','2018-11-28 10:03:32','2018-11-28 10:03:32'),('299','5','product_buy_together','GET','/product_buy_together','2018-11-28 10:03:32','2018-11-28 10:03:32'),('300','5','product_buy_together','GET','/product_buy_together/{id}','2018-11-28 10:03:32','2018-11-28 10:03:32'),('301','5','product_buy_together','GET','/product_buy_together/create','2018-11-28 10:03:32','2018-11-28 10:03:32'),('302','5','product_buy_together','POST','/product_buy_together','2018-11-28 10:03:32','2018-11-28 10:03:32'),('303','5','product_buy_together','PUT','/product_buy_together/{id}','2018-11-28 10:03:32','2018-11-28 10:03:32'),('304','5','product_buy_together','POST','/product_buy_together/one','2018-11-28 10:03:32','2018-11-28 10:03:32'),('305','5','product_buy_together','DELETE','/product_buy_together/{id}','2018-11-28 10:03:32','2018-11-28 10:03:32'),('306','5','attribute','GET','/attribute','2018-11-28 10:03:32','2018-11-28 10:03:32'),('307','5','attribute','GET','/attribute/{id}','2018-11-28 10:03:32','2018-11-28 10:03:32'),('308','5','attribute','GET','/attribute/create','2018-11-28 10:03:32','2018-11-28 10:03:32'),('309','5','attribute','POST','/attribute','2018-11-28 10:03:32','2018-11-28 10:03:32'),('310','5','attribute','PUT','/attribute/{id}','2018-11-28 10:03:32','2018-11-28 10:03:32'),('311','5','attribute','DELETE','/attribute/{id}','2018-11-28 10:03:32','2018-11-28 10:03:32');
/*!40000 ALTER TABLE `permission` ENABLE KEYS */;

DROP TABLE IF EXISTS `photo`;
CREATE TABLE `photo` (
  `id` int(10) unsigned NOT NULL AUTO_INCREMENT,
  `gallery_id` int(11) NOT NULL,
  `title` varchar(255) COLLATE utf8_unicode_ci NOT NULL DEFAULT '',
  `description` text COLLATE utf8_unicode_ci NOT NULL,
  `image` varchar(255) COLLATE utf8_unicode_ci NOT NULL DEFAULT '',
  `link` varchar(255) COLLATE utf8_unicode_ci NOT NULL DEFAULT '',
  `link_type` varchar(255) COLLATE utf8_unicode_ci NOT NULL DEFAULT '',
  `link_title` varchar(255) COLLATE utf8_unicode_ci NOT NULL DEFAULT '',
  `status` varchar(255) COLLATE utf8_unicode_ci NOT NULL DEFAULT 'active',
  `priority` int(11) NOT NULL DEFAULT '0',
  `created_at` timestamp NULL DEFAULT NULL,
  `updated_at` timestamp NULL DEFAULT NULL,
  PRIMARY KEY (`id`)
) ENGINE=InnoDB AUTO_INCREMENT=14 DEFAULT CHARSET=utf8 COLLATE=utf8_unicode_ci;

/*!40000 ALTER TABLE `photo` DISABLE KEYS */;
INSERT INTO `photo` VALUES ('1','1','','','prod-detail-ads_1543546460.png','','custom','','active','0','2018-11-30 10:03:02','2018-11-30 10:03:02'),('2','2','','','usborn_1543546595.png','','custom','','active','0','2018-12-01 14:52:22','2018-12-01 14:52:22'),('3','2','','','sterling_1543546595.png','','custom','','active','1','2018-12-01 14:52:39','2018-12-01 14:52:39'),('4','2','','','penguin_1543546595.png','','custom','','active','2','2018-12-01 14:53:04','2018-12-01 14:53:04'),('5','2','','','pearson_-longman_1543546595.png','','custom','','active','3','2018-12-01 14:53:16','2018-12-01 14:53:16'),('6','2','','','paragon_1543546595.png','','custom','','active','4','2018-12-01 14:53:29','2018-12-01 14:53:29'),('7','2','','','oxford_1543546595.png','','custom','','active','5','2018-12-01 14:53:50','2018-12-01 14:53:59'),('8','2','','','macmillan_1543546594.png','','custom','','active','6','2018-12-01 14:54:42','2018-12-01 14:54:42'),('9','2','','','macgrawhill_1543546594.png','','custom','','active','7','2018-12-01 14:54:55','2018-12-01 14:54:55'),('10','2','','','logo-xyz_1543546594.png','','custom','','active','8','2018-12-01 14:55:09','2018-12-01 14:55:09'),('11','2','','','logo-tanviet_1543546595.png','','custom','','active','9','2018-12-01 14:55:23','2018-12-01 14:55:23'),('12','2','','','logo-quangvan_1543546594.png','','custom','','active','10','2018-12-01 14:55:41','2018-12-01 14:55:53'),('13','2','','','logo-dinhti_1543546594.png','','custom','','active','11','2018-12-01 14:56:14','2018-12-01 14:56:14');
/*!40000 ALTER TABLE `photo` ENABLE KEYS */;

DROP TABLE IF EXISTS `photo_translations`;
CREATE TABLE `photo_translations` (
  `id` int(10) unsigned NOT NULL AUTO_INCREMENT,
  `photo_id` int(11) NOT NULL,
  `lang` varchar(255) COLLATE utf8_unicode_ci NOT NULL DEFAULT 'en',
  `title` varchar(255) COLLATE utf8_unicode_ci NOT NULL DEFAULT '',
  `description` text COLLATE utf8_unicode_ci NOT NULL,
  `created_at` timestamp NULL DEFAULT NULL,
  `updated_at` timestamp NULL DEFAULT NULL,
  PRIMARY KEY (`id`)
) ENGINE=InnoDB DEFAULT CHARSET=utf8 COLLATE=utf8_unicode_ci;

/*!40000 ALTER TABLE `photo_translations` DISABLE KEYS */;
/*!40000 ALTER TABLE `photo_translations` ENABLE KEYS */;

DROP TABLE IF EXISTS `point`;
CREATE TABLE `point` (
  `id` int(10) unsigned NOT NULL AUTO_INCREMENT,
  `customer_id` int(11) NOT NULL,
  `order_id` int(11) NOT NULL,
  `point` int(11) NOT NULL,
  `type` varchar(255) COLLATE utf8_unicode_ci NOT NULL DEFAULT 'save',
  `created_at` timestamp NULL DEFAULT NULL,
  `updated_at` timestamp NULL DEFAULT NULL,
  PRIMARY KEY (`id`)
) ENGINE=InnoDB AUTO_INCREMENT=13 DEFAULT CHARSET=utf8 COLLATE=utf8_unicode_ci;

/*!40000 ALTER TABLE `point` DISABLE KEYS */;
INSERT INTO `point` VALUES ('1','100000','1','80','save','2018-12-01 10:18:16','2018-12-01 10:18:16'),('2','100000','2','558','save','2018-12-01 14:33:15','2018-12-01 14:33:15'),('3','100003','3','80','save','2018-12-01 14:34:34','2018-12-01 14:34:34'),('4','100002','4','210','save','2018-12-01 15:17:25','2018-12-01 15:17:25'),('5','100002','5','630','save','2018-12-01 15:24:37','2018-12-01 15:24:37'),('6','100000','6','50','referral','2018-12-01 16:31:00','2018-12-01 16:31:00'),('7','100005','6','80','save','2018-12-01 16:31:00','2018-12-01 16:31:00'),('8','100000','7','50','referral','2018-12-01 16:35:15','2018-12-01 16:35:15'),('9','100006','7','192','save','2018-12-01 16:35:15','2018-12-01 16:35:15'),('10','100007','8','80','save','2018-12-01 16:38:23','2018-12-01 16:38:23'),('11','100002','9','416','save','2018-12-01 16:58:07','2018-12-01 16:58:07'),('12','100007','10','80','save','2018-12-01 17:41:54','2018-12-01 17:41:54');
/*!40000 ALTER TABLE `point` ENABLE KEYS */;

DROP TABLE IF EXISTS `product`;
CREATE TABLE `product` (
  `id` int(10) unsigned NOT NULL AUTO_INCREMENT,
  `title` varchar(255) COLLATE utf8_unicode_ci NOT NULL,
  `image` text COLLATE utf8_unicode_ci NOT NULL,
  `description` text COLLATE utf8_unicode_ci NOT NULL,
  `content` text COLLATE utf8_unicode_ci NOT NULL,
  `sell` int(11) NOT NULL DEFAULT '0',
  `view` int(11) NOT NULL DEFAULT '0',
  `rating` double(8,2) NOT NULL DEFAULT '0.00',
  `status` varchar(255) COLLATE utf8_unicode_ci NOT NULL DEFAULT 'active',
  `priority` int(11) NOT NULL DEFAULT '1000',
  `tags` text COLLATE utf8_unicode_ci NOT NULL,
  `template` varchar(255) COLLATE utf8_unicode_ci NOT NULL DEFAULT '',
  `stock_manage` tinyint(1) NOT NULL DEFAULT '1',
  `stop_selling` varchar(255) COLLATE utf8_unicode_ci DEFAULT 'publish',
  `stock_quant` int(11) NOT NULL DEFAULT '1',
  `option_1` varchar(255) COLLATE utf8_unicode_ci DEFAULT '',
  `option_2` varchar(255) COLLATE utf8_unicode_ci DEFAULT '',
  `option_3` varchar(255) COLLATE utf8_unicode_ci DEFAULT '',
  `option_4` varchar(255) COLLATE utf8_unicode_ci DEFAULT '',
  `option_5` varchar(255) COLLATE utf8_unicode_ci DEFAULT '',
  `option_6` varchar(255) COLLATE utf8_unicode_ci DEFAULT '',
  `created_at` timestamp NULL DEFAULT NULL,
  `updated_at` timestamp NULL DEFAULT NULL,
  PRIMARY KEY (`id`)
) ENGINE=InnoDB AUTO_INCREMENT=32 DEFAULT CHARSET=utf8 COLLATE=utf8_unicode_ci;

/*!40000 ALTER TABLE `product` DISABLE KEYS */;
INSERT INTO `product` VALUES ('1','cuong test','','','','0','1','0.00','delete','1000','','','1','publishSoon','1','0','0','0','0','0','0','2018-11-28 15:17:55','2018-11-30 14:41:04'),('2','Curabitur ullamcorper ultricies nisi','product-modal_1543546465.png','','<p>Lorem ipsum dolor sit amet, consectetuer adipiscing elit. Aenean commodo ligula eget dolor. Aenean massa. Cum sociis natoque penatibus et magnis dis parturient montes, nascetur ridiculus mus. Donec quam felis, ultricies nec, pellentesque eu, pretium quis, sem. Nulla consequat massa quis enim. Donec pede justo, fringilla vel, aliquet nec, vulputate eget, arcu. In enim justo, rhoncus ut, imperdiet a, venenatis vitae, justo. Nullam dictum felis eu pede mollis pretium. Integer tincidunt. Cras dapibus. Vivamus elementum semper nisi. Aenean vulputate eleifend tellus. Aenean leo ligula, porttitor eu, consequat vitae, eleifend ac, enim. Aliquam lorem ante, dapibus in, viverra quis, feugiat a, tellus.</p>\n<p>Lorem ipsum dolor sit amet, consectetuer adipiscing elit. Aenean commodo ligula eget dolor. Aenean massa. Cum sociis natoque penatibus et magnis dis parturient montes, nascetur ridiculus mus. Donec quam felis, ultricies nec, pellentesque eu, pretium quis, sem. Nulla consequat massa quis enim. Donec pede justo, fringilla vel, aliquet nec, vulputate eget, arcu. In enim justo, rhoncus ut, imperdiet a, venenatis vitae, justo. Nullam dictum felis eu pede mollis pretium. Integer tincidunt. Cras dapibus. Vivamus elementum semper nisi. Aenean vulputate eleifend tellus. Aenean leo ligula, porttitor eu, consequat vitae, eleifend ac, enim. Aliquam lorem ante, dapibus in, viverra quis, feugiat a, tellus.</p>\n<p>Lorem ipsum dolor sit amet, consectetuer adipiscing elit. Aenean commodo ligula eget dolor. Aenean massa. Cum sociis natoque penatibus et magnis dis parturient montes, nascetur ridiculus mus. Donec quam felis, ultricies nec, pellentesque eu, pretium quis, sem. Nulla consequat massa quis enim. Donec pede justo, fringilla vel, aliquet nec, vulputate eget, arcu. In enim justo, rhoncus ut, imperdiet a, venenatis vitae, justo. Nullam dictum felis eu pede mollis pretium. Integer tincidunt. Cras dapibus. Vivamus elementum semper nisi. Aenean vulputate eleifend tellus. Aenean leo ligula, porttitor eu, consequat vitae, eleifend ac, enim. Aliquam lorem ante, dapibus in, viverra quis, feugiat a, tellus.</p>','0','30','3.00','active','1000','','','1','publish','1','0','0','0','0','0','0','2018-11-30 14:29:52','2018-11-30 14:34:51'),('3','Lorem Ipsum Dolor Sit Amet Co 1','product-9_1543546461.png','','<p>Lorem ipsum dolor sit amet, consectetuer adipiscing elit. Aenean commodo ligula eget dolor. Aenean massa. Cum sociis natoque penatibus et magnis dis parturient montes, nascetur ridiculus mus. Donec quam felis, ultricies nec, pellentesque eu, pretium quis, sem. Nulla consequat massa quis enim. Donec pede justo, fringilla vel, aliquet nec, vulputate eget, arcu. In enim justo, rhoncus ut, imperdiet a, venenatis vitae, justo. Nullam dictum felis eu pede mollis pretium. Integer tincidunt. Cras dapibus. Vivamus elementum semper nisi. Aenean vulputate eleifend tellus. Aenean leo ligula, porttitor eu, consequat vitae, eleifend ac, enim. Aliquam lorem ante, dapibus in, viverra quis, feugiat a, tellus.</p>\n<p>Lorem ipsum dolor sit amet, consectetuer adipiscing elit. Aenean commodo ligula eget dolor. Aenean massa. Cum sociis natoque penatibus et magnis dis parturient montes, nascetur ridiculus mus. Donec quam felis, ultricies nec, pellentesque eu, pretium quis, sem. Nulla consequat massa quis enim. Donec pede justo, fringilla vel, aliquet nec, vulputate eget, arcu. In enim justo, rhoncus ut, imperdiet a, venenatis vitae, justo. Nullam dictum felis eu pede mollis pretium. Integer tincidunt. Cras dapibus. Vivamus elementum semper nisi. Aenean vulputate eleifend tellus. Aenean leo ligula, porttitor eu, consequat vitae, eleifend ac, enim. Aliquam lorem ante, dapibus in, viverra quis, feugiat a, tellus.</p>\n<p>Lorem ipsum dolor sit amet, consectetuer adipiscing elit. Aenean commodo ligula eget dolor. Aenean massa. Cum sociis natoque penatibus et magnis dis parturient montes, nascetur ridiculus mus. Donec quam felis, ultricies nec, pellentesque eu, pretium quis, sem. Nulla consequat massa quis enim. Donec pede justo, fringilla vel, aliquet nec, vulputate eget, arcu. In enim justo, rhoncus ut, imperdiet a, venenatis vitae, justo. Nullam dictum felis eu pede mollis pretium. Integer tincidunt. Cras dapibus. Vivamus elementum semper nisi. Aenean vulputate eleifend tellus. Aenean leo ligula, porttitor eu, consequat vitae, eleifend ac, enim. Aliquam lorem ante, dapibus in, viverra quis, feugiat a, tellus.</p>','1','14','0.00','active','1000','','','1','publish','0','0','0','0','0','0','0','2018-11-30 14:42:42','2018-11-30 14:43:07'),('4',' Lorem Ipsum Dolor Sit Amet Co 2','product-8_1543546461.png','','<p>Lorem ipsum dolor sit amet, consectetuer adipiscing elit. Aenean commodo ligula eget dolor. Aenean massa. Cum sociis natoque penatibus et magnis dis parturient montes, nascetur ridiculus mus. Donec quam felis, ultricies nec, pellentesque eu, pretium quis, sem. Nulla consequat massa quis enim. Donec pede justo, fringilla vel, aliquet nec, vulputate eget, arcu. In enim justo, rhoncus ut, imperdiet a, venenatis vitae, justo. Nullam dictum felis eu pede mollis pretium. Integer tincidunt. Cras dapibus. Vivamus elementum semper nisi. Aenean vulputate eleifend tellus. Aenean leo ligula, porttitor eu, consequat vitae, eleifend ac, enim. Aliquam lorem ante, dapibus in, viverra quis, feugiat a, tellus.</p>\n<p>Lorem ipsum dolor sit amet, consectetuer adipiscing elit. Aenean commodo ligula eget dolor. Aenean massa. Cum sociis natoque penatibus et magnis dis parturient montes, nascetur ridiculus mus. Donec quam felis, ultricies nec, pellentesque eu, pretium quis, sem. Nulla consequat massa quis enim. Donec pede justo, fringilla vel, aliquet nec, vulputate eget, arcu. In enim justo, rhoncus ut, imperdiet a, venenatis vitae, justo. Nullam dictum felis eu pede mollis pretium. Integer tincidunt. Cras dapibus. Vivamus elementum semper nisi. Aenean vulputate eleifend tellus. Aenean leo ligula, porttitor eu, consequat vitae, eleifend ac, enim. Aliquam lorem ante, dapibus in, viverra quis, feugiat a, tellus.</p>\n<p>Lorem ipsum dolor sit amet, consectetuer adipiscing elit. Aenean commodo ligula eget dolor. Aenean massa. Cum sociis natoque penatibus et magnis dis parturient montes, nascetur ridiculus mus. Donec quam felis, ultricies nec, pellentesque eu, pretium quis, sem. Nulla consequat massa quis enim. Donec pede justo, fringilla vel, aliquet nec, vulputate eget, arcu. In enim justo, rhoncus ut, imperdiet a, venenatis vitae, justo. Nullam dictum felis eu pede mollis pretium. Integer tincidunt. Cras dapibus. Vivamus elementum semper nisi. Aenean vulputate eleifend tellus. Aenean leo ligula, porttitor eu, consequat vitae, eleifend ac, enim. Aliquam lorem ante, dapibus in, viverra quis, feugiat a, tellus.</p>','2','14','0.00','active','1000','','','1','publish','-1','0','0','0','0','0','0','2018-11-30 14:43:20','2018-11-30 14:43:34'),('5','Lorem Ipsum Dolor Sit Amet Co 3','product-7_1543546460.png','','<p>Lorem ipsum dolor sit amet, consectetuer adipiscing elit. Aenean commodo ligula eget dolor. Aenean massa. Cum sociis natoque penatibus et magnis dis parturient montes, nascetur ridiculus mus. Donec quam felis, ultricies nec, pellentesque eu, pretium quis, sem. Nulla consequat massa quis enim. Donec pede justo, fringilla vel, aliquet nec, vulputate eget, arcu. In enim justo, rhoncus ut, imperdiet a, venenatis vitae, justo. Nullam dictum felis eu pede mollis pretium. Integer tincidunt. Cras dapibus. Vivamus elementum semper nisi. Aenean vulputate eleifend tellus. Aenean leo ligula, porttitor eu, consequat vitae, eleifend ac, enim. Aliquam lorem ante, dapibus in, viverra quis, feugiat a, tellus.</p>\n<p>Lorem ipsum dolor sit amet, consectetuer adipiscing elit. Aenean commodo ligula eget dolor. Aenean massa. Cum sociis natoque penatibus et magnis dis parturient montes, nascetur ridiculus mus. Donec quam felis, ultricies nec, pellentesque eu, pretium quis, sem. Nulla consequat massa quis enim. Donec pede justo, fringilla vel, aliquet nec, vulputate eget, arcu. In enim justo, rhoncus ut, imperdiet a, venenatis vitae, justo. Nullam dictum felis eu pede mollis pretium. Integer tincidunt. Cras dapibus. Vivamus elementum semper nisi. Aenean vulputate eleifend tellus. Aenean leo ligula, porttitor eu, consequat vitae, eleifend ac, enim. Aliquam lorem ante, dapibus in, viverra quis, feugiat a, tellus.</p>\n<p>Lorem ipsum dolor sit amet, consectetuer adipiscing elit. Aenean commodo ligula eget dolor. Aenean massa. Cum sociis natoque penatibus et magnis dis parturient montes, nascetur ridiculus mus. Donec quam felis, ultricies nec, pellentesque eu, pretium quis, sem. Nulla consequat massa quis enim. Donec pede justo, fringilla vel, aliquet nec, vulputate eget, arcu. In enim justo, rhoncus ut, imperdiet a, venenatis vitae, justo. Nullam dictum felis eu pede mollis pretium. Integer tincidunt. Cras dapibus. Vivamus elementum semper nisi. Aenean vulputate eleifend tellus. Aenean leo ligula, porttitor eu, consequat vitae, eleifend ac, enim. Aliquam lorem ante, dapibus in, viverra quis, feugiat a, tellus.</p>','0','18','0.00','active','1000','','','1','publish','1','0','0','0','0','0','0','2018-11-30 14:43:50','2018-11-30 14:44:14'),('6',' Lorem Ipsum Dolor Sit Amet Co 4','product-6_1543546460.png','','<p>Lorem ipsum dolor sit amet, consectetuer adipiscing elit. Aenean commodo ligula eget dolor. Aenean massa. Cum sociis natoque penatibus et magnis dis parturient montes, nascetur ridiculus mus. Donec quam felis, ultricies nec, pellentesque eu, pretium quis, sem. Nulla consequat massa quis enim. Donec pede justo, fringilla vel, aliquet nec, vulputate eget, arcu. In enim justo, rhoncus ut, imperdiet a, venenatis vitae, justo. Nullam dictum felis eu pede mollis pretium. Integer tincidunt. Cras dapibus. Vivamus elementum semper nisi. Aenean vulputate eleifend tellus. Aenean leo ligula, porttitor eu, consequat vitae, eleifend ac, enim. Aliquam lorem ante, dapibus in, viverra quis, feugiat a, tellus.</p>\n<p>Lorem ipsum dolor sit amet, consectetuer adipiscing elit. Aenean commodo ligula eget dolor. Aenean massa. Cum sociis natoque penatibus et magnis dis parturient montes, nascetur ridiculus mus. Donec quam felis, ultricies nec, pellentesque eu, pretium quis, sem. Nulla consequat massa quis enim. Donec pede justo, fringilla vel, aliquet nec, vulputate eget, arcu. In enim justo, rhoncus ut, imperdiet a, venenatis vitae, justo. Nullam dictum felis eu pede mollis pretium. Integer tincidunt. Cras dapibus. Vivamus elementum semper nisi. Aenean vulputate eleifend tellus. Aenean leo ligula, porttitor eu, consequat vitae, eleifend ac, enim. Aliquam lorem ante, dapibus in, viverra quis, feugiat a, tellus.</p>\n<p>Lorem ipsum dolor sit amet, consectetuer adipiscing elit. Aenean commodo ligula eget dolor. Aenean massa. Cum sociis natoque penatibus et magnis dis parturient montes, nascetur ridiculus mus. Donec quam felis, ultricies nec, pellentesque eu, pretium quis, sem. Nulla consequat massa quis enim. Donec pede justo, fringilla vel, aliquet nec, vulputate eget, arcu. In enim justo, rhoncus ut, imperdiet a, venenatis vitae, justo. Nullam dictum felis eu pede mollis pretium. Integer tincidunt. Cras dapibus. Vivamus elementum semper nisi. Aenean vulputate eleifend tellus. Aenean leo ligula, porttitor eu, consequat vitae, eleifend ac, enim. Aliquam lorem ante, dapibus in, viverra quis, feugiat a, tellus.</p>','0','13','0.00','active','1000','','','1','publish','1','0','0','0','0','0','0','2018-11-30 14:44:25','2018-11-30 14:44:46'),('7',' Lorem Ipsum Dolor Sit Amet Co 5','product-5_1543546460.png','','<p>Lorem ipsum dolor sit amet, consectetuer adipiscing elit. Aenean commodo ligula eget dolor. Aenean massa. Cum sociis natoque penatibus et magnis dis parturient montes, nascetur ridiculus mus. Donec quam felis, ultricies nec, pellentesque eu, pretium quis, sem. Nulla consequat massa quis enim. Donec pede justo, fringilla vel, aliquet nec, vulputate eget, arcu. In enim justo, rhoncus ut, imperdiet a, venenatis vitae, justo. Nullam dictum felis eu pede mollis pretium. Integer tincidunt. Cras dapibus. Vivamus elementum semper nisi. Aenean vulputate eleifend tellus. Aenean leo ligula, porttitor eu, consequat vitae, eleifend ac, enim. Aliquam lorem ante, dapibus in, viverra quis, feugiat a, tellus.</p>\n<p>Lorem ipsum dolor sit amet, consectetuer adipiscing elit. Aenean commodo ligula eget dolor. Aenean massa. Cum sociis natoque penatibus et magnis dis parturient montes, nascetur ridiculus mus. Donec quam felis, ultricies nec, pellentesque eu, pretium quis, sem. Nulla consequat massa quis enim. Donec pede justo, fringilla vel, aliquet nec, vulputate eget, arcu. In enim justo, rhoncus ut, imperdiet a, venenatis vitae, justo. Nullam dictum felis eu pede mollis pretium. Integer tincidunt. Cras dapibus. Vivamus elementum semper nisi. Aenean vulputate eleifend tellus. Aenean leo ligula, porttitor eu, consequat vitae, eleifend ac, enim. Aliquam lorem ante, dapibus in, viverra quis, feugiat a, tellus.</p>\n<p>Lorem ipsum dolor sit amet, consectetuer adipiscing elit. Aenean commodo ligula eget dolor. Aenean massa. Cum sociis natoque penatibus et magnis dis parturient montes, nascetur ridiculus mus. Donec quam felis, ultricies nec, pellentesque eu, pretium quis, sem. Nulla consequat massa quis enim. Donec pede justo, fringilla vel, aliquet nec, vulputate eget, arcu. In enim justo, rhoncus ut, imperdiet a, venenatis vitae, justo. Nullam dictum felis eu pede mollis pretium. Integer tincidunt. Cras dapibus. Vivamus elementum semper nisi. Aenean vulputate eleifend tellus. Aenean leo ligula, porttitor eu, consequat vitae, eleifend ac, enim. Aliquam lorem ante, dapibus in, viverra quis, feugiat a, tellus.</p>','2','16','0.00','active','1000','','','1','publish','-1','0','0','0','0','0','0','2018-11-30 14:44:56','2018-11-30 14:45:21'),('8','Lorem Ipsum Dolor Sit Amet Co 6','product-4_1543546460.png','','<p>Lorem ipsum dolor sit amet, consectetuer adipiscing elit. Aenean commodo ligula eget dolor. Aenean massa. Cum sociis natoque penatibus et magnis dis parturient montes, nascetur ridiculus mus. Donec quam felis, ultricies nec, pellentesque eu, pretium quis, sem. Nulla consequat massa quis enim. Donec pede justo, fringilla vel, aliquet nec, vulputate eget, arcu. In enim justo, rhoncus ut, imperdiet a, venenatis vitae, justo. Nullam dictum felis eu pede mollis pretium. Integer tincidunt. Cras dapibus. Vivamus elementum semper nisi. Aenean vulputate eleifend tellus. Aenean leo ligula, porttitor eu, consequat vitae, eleifend ac, enim. Aliquam lorem ante, dapibus in, viverra quis, feugiat a, tellus.</p>\n<p>Lorem ipsum dolor sit amet, consectetuer adipiscing elit. Aenean commodo ligula eget dolor. Aenean massa. Cum sociis natoque penatibus et magnis dis parturient montes, nascetur ridiculus mus. Donec quam felis, ultricies nec, pellentesque eu, pretium quis, sem. Nulla consequat massa quis enim. Donec pede justo, fringilla vel, aliquet nec, vulputate eget, arcu. In enim justo, rhoncus ut, imperdiet a, venenatis vitae, justo. Nullam dictum felis eu pede mollis pretium. Integer tincidunt. Cras dapibus. Vivamus elementum semper nisi. Aenean vulputate eleifend tellus. Aenean leo ligula, porttitor eu, consequat vitae, eleifend ac, enim. Aliquam lorem ante, dapibus in, viverra quis, feugiat a, tellus.</p>\n<p>Lorem ipsum dolor sit amet, consectetuer adipiscing elit. Aenean commodo ligula eget dolor. Aenean massa. Cum sociis natoque penatibus et magnis dis parturient montes, nascetur ridiculus mus. Donec quam felis, ultricies nec, pellentesque eu, pretium quis, sem. Nulla consequat massa quis enim. Donec pede justo, fringilla vel, aliquet nec, vulputate eget, arcu. In enim justo, rhoncus ut, imperdiet a, venenatis vitae, justo. Nullam dictum felis eu pede mollis pretium. Integer tincidunt. Cras dapibus. Vivamus elementum semper nisi. Aenean vulputate eleifend tellus. Aenean leo ligula, porttitor eu, consequat vitae, eleifend ac, enim. Aliquam lorem ante, dapibus in, viverra quis, feugiat a, tellus.</p>','2','15','0.00','active','1000','','','1','publish','-1','0','0','0','0','0','0','2018-11-30 14:45:33','2018-11-30 14:45:48'),('9','Lorem Ipsum Dolor Sit Amet Co 7','product-3_1543546460.png','','<p>Lorem ipsum dolor sit amet, consectetuer adipiscing elit. Aenean commodo ligula eget dolor. Aenean massa. Cum sociis natoque penatibus et magnis dis parturient montes, nascetur ridiculus mus. Donec quam felis, ultricies nec, pellentesque eu, pretium quis, sem. Nulla consequat massa quis enim. Donec pede justo, fringilla vel, aliquet nec, vulputate eget, arcu. In enim justo, rhoncus ut, imperdiet a, venenatis vitae, justo. Nullam dictum felis eu pede mollis pretium. Integer tincidunt. Cras dapibus. Vivamus elementum semper nisi. Aenean vulputate eleifend tellus. Aenean leo ligula, porttitor eu, consequat vitae, eleifend ac, enim. Aliquam lorem ante, dapibus in, viverra quis, feugiat a, tellus.</p>\n<p>Lorem ipsum dolor sit amet, consectetuer adipiscing elit. Aenean commodo ligula eget dolor. Aenean massa. Cum sociis natoque penatibus et magnis dis parturient montes, nascetur ridiculus mus. Donec quam felis, ultricies nec, pellentesque eu, pretium quis, sem. Nulla consequat massa quis enim. Donec pede justo, fringilla vel, aliquet nec, vulputate eget, arcu. In enim justo, rhoncus ut, imperdiet a, venenatis vitae, justo. Nullam dictum felis eu pede mollis pretium. Integer tincidunt. Cras dapibus. Vivamus elementum semper nisi. Aenean vulputate eleifend tellus. Aenean leo ligula, porttitor eu, consequat vitae, eleifend ac, enim. Aliquam lorem ante, dapibus in, viverra quis, feugiat a, tellus.</p>\n<p>Lorem ipsum dolor sit amet, consectetuer adipiscing elit. Aenean commodo ligula eget dolor. Aenean massa. Cum sociis natoque penatibus et magnis dis parturient montes, nascetur ridiculus mus. Donec quam felis, ultricies nec, pellentesque eu, pretium quis, sem. Nulla consequat massa quis enim. Donec pede justo, fringilla vel, aliquet nec, vulputate eget, arcu. In enim justo, rhoncus ut, imperdiet a, venenatis vitae, justo. Nullam dictum felis eu pede mollis pretium. Integer tincidunt. Cras dapibus. Vivamus elementum semper nisi. Aenean vulputate eleifend tellus. Aenean leo ligula, porttitor eu, consequat vitae, eleifend ac, enim. Aliquam lorem ante, dapibus in, viverra quis, feugiat a, tellus.</p>','8','21','0.00','active','1000','','','1','publish','-7','0','0','0','0','0','0','2018-11-30 14:46:00','2018-11-30 14:46:17'),('10',' Lorem Ipsum Dolor Sit Amet Co 8','product-2_1543546460.png','','<p>Lorem ipsum dolor sit amet, consectetuer adipiscing elit. Aenean commodo ligula eget dolor. Aenean massa. Cum sociis natoque penatibus et magnis dis parturient montes, nascetur ridiculus mus. Donec quam felis, ultricies nec, pellentesque eu, pretium quis, sem. Nulla consequat massa quis enim. Donec pede justo, fringilla vel, aliquet nec, vulputate eget, arcu. In enim justo, rhoncus ut, imperdiet a, venenatis vitae, justo. Nullam dictum felis eu pede mollis pretium. Integer tincidunt. Cras dapibus. Vivamus elementum semper nisi. Aenean vulputate eleifend tellus. Aenean leo ligula, porttitor eu, consequat vitae, eleifend ac, enim. Aliquam lorem ante, dapibus in, viverra quis, feugiat a, tellus.</p>\n<p>Lorem ipsum dolor sit amet, consectetuer adipiscing elit. Aenean commodo ligula eget dolor. Aenean massa. Cum sociis natoque penatibus et magnis dis parturient montes, nascetur ridiculus mus. Donec quam felis, ultricies nec, pellentesque eu, pretium quis, sem. Nulla consequat massa quis enim. Donec pede justo, fringilla vel, aliquet nec, vulputate eget, arcu. In enim justo, rhoncus ut, imperdiet a, venenatis vitae, justo. Nullam dictum felis eu pede mollis pretium. Integer tincidunt. Cras dapibus. Vivamus elementum semper nisi. Aenean vulputate eleifend tellus. Aenean leo ligula, porttitor eu, consequat vitae, eleifend ac, enim. Aliquam lorem ante, dapibus in, viverra quis, feugiat a, tellus.</p>\n<p>Lorem ipsum dolor sit amet, consectetuer adipiscing elit. Aenean commodo ligula eget dolor. Aenean massa. Cum sociis natoque penatibus et magnis dis parturient montes, nascetur ridiculus mus. Donec quam felis, ultricies nec, pellentesque eu, pretium quis, sem. Nulla consequat massa quis enim. Donec pede justo, fringilla vel, aliquet nec, vulputate eget, arcu. In enim justo, rhoncus ut, imperdiet a, venenatis vitae, justo. Nullam dictum felis eu pede mollis pretium. Integer tincidunt. Cras dapibus. Vivamus elementum semper nisi. Aenean vulputate eleifend tellus. Aenean leo ligula, porttitor eu, consequat vitae, eleifend ac, enim. Aliquam lorem ante, dapibus in, viverra quis, feugiat a, tellus.</p>','8','20','0.00','active','1000','','','1','publish','-7','0','0','0','0','0','0','2018-11-30 14:46:30','2018-11-30 14:46:50'),('11','Lorem Ipsum Dolor Sit Amet Co 9','product-20_1543546463.png','','<p>Lorem ipsum dolor sit amet, consectetuer adipiscing elit. Aenean commodo ligula eget dolor. Aenean massa. Cum sociis natoque penatibus et magnis dis parturient montes, nascetur ridiculus mus. Donec quam felis, ultricies nec, pellentesque eu, pretium quis, sem. Nulla consequat massa quis enim. Donec pede justo, fringilla vel, aliquet nec, vulputate eget, arcu. In enim justo, rhoncus ut, imperdiet a, venenatis vitae, justo. Nullam dictum felis eu pede mollis pretium. Integer tincidunt. Cras dapibus. Vivamus elementum semper nisi. Aenean vulputate eleifend tellus. Aenean leo ligula, porttitor eu, consequat vitae, eleifend ac, enim. Aliquam lorem ante, dapibus in, viverra quis, feugiat a, tellus.</p>\n<p>Lorem ipsum dolor sit amet, consectetuer adipiscing elit. Aenean commodo ligula eget dolor. Aenean massa. Cum sociis natoque penatibus et magnis dis parturient montes, nascetur ridiculus mus. Donec quam felis, ultricies nec, pellentesque eu, pretium quis, sem. Nulla consequat massa quis enim. Donec pede justo, fringilla vel, aliquet nec, vulputate eget, arcu. In enim justo, rhoncus ut, imperdiet a, venenatis vitae, justo. Nullam dictum felis eu pede mollis pretium. Integer tincidunt. Cras dapibus. Vivamus elementum semper nisi. Aenean vulputate eleifend tellus. Aenean leo ligula, porttitor eu, consequat vitae, eleifend ac, enim. Aliquam lorem ante, dapibus in, viverra quis, feugiat a, tellus.</p>\n<p>Lorem ipsum dolor sit amet, consectetuer adipiscing elit. Aenean commodo ligula eget dolor. Aenean massa. Cum sociis natoque penatibus et magnis dis parturient montes, nascetur ridiculus mus. Donec quam felis, ultricies nec, pellentesque eu, pretium quis, sem. Nulla consequat massa quis enim. Donec pede justo, fringilla vel, aliquet nec, vulputate eget, arcu. In enim justo, rhoncus ut, imperdiet a, venenatis vitae, justo. Nullam dictum felis eu pede mollis pretium. Integer tincidunt. Cras dapibus. Vivamus elementum semper nisi. Aenean vulputate eleifend tellus. Aenean leo ligula, porttitor eu, consequat vitae, eleifend ac, enim. Aliquam lorem ante, dapibus in, viverra quis, feugiat a, tellus.</p>','0','14','0.00','active','1000','','','1','publish','1','0','0','0','0','0','0','2018-11-30 14:47:02','2018-11-30 14:47:24'),('12','Lorem Ipsum Dolor Sit Amet Co 10','product-1_1543546460.png','','<p>Lorem ipsum dolor sit amet, consectetuer adipiscing elit. Aenean commodo ligula eget dolor. Aenean massa. Cum sociis natoque penatibus et magnis dis parturient montes, nascetur ridiculus mus. Donec quam felis, ultricies nec, pellentesque eu, pretium quis, sem. Nulla consequat massa quis enim. Donec pede justo, fringilla vel, aliquet nec, vulputate eget, arcu. In enim justo, rhoncus ut, imperdiet a, venenatis vitae, justo. Nullam dictum felis eu pede mollis pretium. Integer tincidunt. Cras dapibus. Vivamus elementum semper nisi. Aenean vulputate eleifend tellus. Aenean leo ligula, porttitor eu, consequat vitae, eleifend ac, enim. Aliquam lorem ante, dapibus in, viverra quis, feugiat a, tellus.</p>\n<p>Lorem ipsum dolor sit amet, consectetuer adipiscing elit. Aenean commodo ligula eget dolor. Aenean massa. Cum sociis natoque penatibus et magnis dis parturient montes, nascetur ridiculus mus. Donec quam felis, ultricies nec, pellentesque eu, pretium quis, sem. Nulla consequat massa quis enim. Donec pede justo, fringilla vel, aliquet nec, vulputate eget, arcu. In enim justo, rhoncus ut, imperdiet a, venenatis vitae, justo. Nullam dictum felis eu pede mollis pretium. Integer tincidunt. Cras dapibus. Vivamus elementum semper nisi. Aenean vulputate eleifend tellus. Aenean leo ligula, porttitor eu, consequat vitae, eleifend ac, enim. Aliquam lorem ante, dapibus in, viverra quis, feugiat a, tellus.</p>\n<p>Lorem ipsum dolor sit amet, consectetuer adipiscing elit. Aenean commodo ligula eget dolor. Aenean massa. Cum sociis natoque penatibus et magnis dis parturient montes, nascetur ridiculus mus. Donec quam felis, ultricies nec, pellentesque eu, pretium quis, sem. Nulla consequat massa quis enim. Donec pede justo, fringilla vel, aliquet nec, vulputate eget, arcu. In enim justo, rhoncus ut, imperdiet a, venenatis vitae, justo. Nullam dictum felis eu pede mollis pretium. Integer tincidunt. Cras dapibus. Vivamus elementum semper nisi. Aenean vulputate eleifend tellus. Aenean leo ligula, porttitor eu, consequat vitae, eleifend ac, enim. Aliquam lorem ante, dapibus in, viverra quis, feugiat a, tellus.</p>','0','14','0.00','active','1000','','','1','publish','1','0','0','0','0','0','0','2018-11-30 14:47:36','2018-11-30 14:47:58'),('13',' Lorem Ipsum Dolor Sit Amet Co 11','product-19_1543546462.png','','<p>Lorem ipsum dolor sit amet, consectetuer adipiscing elit. Aenean commodo ligula eget dolor. Aenean massa. Cum sociis natoque penatibus et magnis dis parturient montes, nascetur ridiculus mus. Donec quam felis, ultricies nec, pellentesque eu, pretium quis, sem. Nulla consequat massa quis enim. Donec pede justo, fringilla vel, aliquet nec, vulputate eget, arcu. In enim justo, rhoncus ut, imperdiet a, venenatis vitae, justo. Nullam dictum felis eu pede mollis pretium. Integer tincidunt. Cras dapibus. Vivamus elementum semper nisi. Aenean vulputate eleifend tellus. Aenean leo ligula, porttitor eu, consequat vitae, eleifend ac, enim. Aliquam lorem ante, dapibus in, viverra quis, feugiat a, tellus.</p>\n<p>Lorem ipsum dolor sit amet, consectetuer adipiscing elit. Aenean commodo ligula eget dolor. Aenean massa. Cum sociis natoque penatibus et magnis dis parturient montes, nascetur ridiculus mus. Donec quam felis, ultricies nec, pellentesque eu, pretium quis, sem. Nulla consequat massa quis enim. Donec pede justo, fringilla vel, aliquet nec, vulputate eget, arcu. In enim justo, rhoncus ut, imperdiet a, venenatis vitae, justo. Nullam dictum felis eu pede mollis pretium. Integer tincidunt. Cras dapibus. Vivamus elementum semper nisi. Aenean vulputate eleifend tellus. Aenean leo ligula, porttitor eu, consequat vitae, eleifend ac, enim. Aliquam lorem ante, dapibus in, viverra quis, feugiat a, tellus.</p>\n<p>Lorem ipsum dolor sit amet, consectetuer adipiscing elit. Aenean commodo ligula eget dolor. Aenean massa. Cum sociis natoque penatibus et magnis dis parturient montes, nascetur ridiculus mus. Donec quam felis, ultricies nec, pellentesque eu, pretium quis, sem. Nulla consequat massa quis enim. Donec pede justo, fringilla vel, aliquet nec, vulputate eget, arcu. In enim justo, rhoncus ut, imperdiet a, venenatis vitae, justo. Nullam dictum felis eu pede mollis pretium. Integer tincidunt. Cras dapibus. Vivamus elementum semper nisi. Aenean vulputate eleifend tellus. Aenean leo ligula, porttitor eu, consequat vitae, eleifend ac, enim. Aliquam lorem ante, dapibus in, viverra quis, feugiat a, tellus.</p>','0','14','0.00','active','1000','','','1','publish','1','0','0','0','0','0','0','2018-11-30 14:55:23','2018-11-30 14:55:59'),('14','Lorem Ipsum Dolor Sit Amet Co 12','product-18_1543546462.png','','<p>Lorem ipsum dolor sit amet, consectetuer adipiscing elit. Aenean commodo ligula eget dolor. Aenean massa. Cum sociis natoque penatibus et magnis dis parturient montes, nascetur ridiculus mus. Donec quam felis, ultricies nec, pellentesque eu, pretium quis, sem. Nulla consequat massa quis enim. Donec pede justo, fringilla vel, aliquet nec, vulputate eget, arcu. In enim justo, rhoncus ut, imperdiet a, venenatis vitae, justo. Nullam dictum felis eu pede mollis pretium. Integer tincidunt. Cras dapibus. Vivamus elementum semper nisi. Aenean vulputate eleifend tellus. Aenean leo ligula, porttitor eu, consequat vitae, eleifend ac, enim. Aliquam lorem ante, dapibus in, viverra quis, feugiat a, tellus.</p>\n<p>Lorem ipsum dolor sit amet, consectetuer adipiscing elit. Aenean commodo ligula eget dolor. Aenean massa. Cum sociis natoque penatibus et magnis dis parturient montes, nascetur ridiculus mus. Donec quam felis, ultricies nec, pellentesque eu, pretium quis, sem. Nulla consequat massa quis enim. Donec pede justo, fringilla vel, aliquet nec, vulputate eget, arcu. In enim justo, rhoncus ut, imperdiet a, venenatis vitae, justo. Nullam dictum felis eu pede mollis pretium. Integer tincidunt. Cras dapibus. Vivamus elementum semper nisi. Aenean vulputate eleifend tellus. Aenean leo ligula, porttitor eu, consequat vitae, eleifend ac, enim. Aliquam lorem ante, dapibus in, viverra quis, feugiat a, tellus.</p>\n<p>Lorem ipsum dolor sit amet, consectetuer adipiscing elit. Aenean commodo ligula eget dolor. Aenean massa. Cum sociis natoque penatibus et magnis dis parturient montes, nascetur ridiculus mus. Donec quam felis, ultricies nec, pellentesque eu, pretium quis, sem. Nulla consequat massa quis enim. Donec pede justo, fringilla vel, aliquet nec, vulputate eget, arcu. In enim justo, rhoncus ut, imperdiet a, venenatis vitae, justo. Nullam dictum felis eu pede mollis pretium. Integer tincidunt. Cras dapibus. Vivamus elementum semper nisi. Aenean vulputate eleifend tellus. Aenean leo ligula, porttitor eu, consequat vitae, eleifend ac, enim. Aliquam lorem ante, dapibus in, viverra quis, feugiat a, tellus.</p>','0','18','0.00','active','1000','','','1','publish','1','0','0','0','0','0','0','2018-11-30 14:56:11','2018-11-30 14:56:32'),('15','Lorem Ipsum Dolor Sit Amet Co 13','product-20_1543546463.png','','<p>Lorem ipsum dolor sit amet, consectetuer adipiscing elit. Aenean commodo ligula eget dolor. Aenean massa. Cum sociis natoque penatibus et magnis dis parturient montes, nascetur ridiculus mus. Donec quam felis, ultricies nec, pellentesque eu, pretium quis, sem. Nulla consequat massa quis enim. Donec pede justo, fringilla vel, aliquet nec, vulputate eget, arcu. In enim justo, rhoncus ut, imperdiet a, venenatis vitae, justo. Nullam dictum felis eu pede mollis pretium. Integer tincidunt. Cras dapibus. Vivamus elementum semper nisi. Aenean vulputate eleifend tellus. Aenean leo ligula, porttitor eu, consequat vitae, eleifend ac, enim. Aliquam lorem ante, dapibus in, viverra quis, feugiat a, tellus.</p>\n<p>Lorem ipsum dolor sit amet, consectetuer adipiscing elit. Aenean commodo ligula eget dolor. Aenean massa. Cum sociis natoque penatibus et magnis dis parturient montes, nascetur ridiculus mus. Donec quam felis, ultricies nec, pellentesque eu, pretium quis, sem. Nulla consequat massa quis enim. Donec pede justo, fringilla vel, aliquet nec, vulputate eget, arcu. In enim justo, rhoncus ut, imperdiet a, venenatis vitae, justo. Nullam dictum felis eu pede mollis pretium. Integer tincidunt. Cras dapibus. Vivamus elementum semper nisi. Aenean vulputate eleifend tellus. Aenean leo ligula, porttitor eu, consequat vitae, eleifend ac, enim. Aliquam lorem ante, dapibus in, viverra quis, feugiat a, tellus.</p>\n<p>Lorem ipsum dolor sit amet, consectetuer adipiscing elit. Aenean commodo ligula eget dolor. Aenean massa. Cum sociis natoque penatibus et magnis dis parturient montes, nascetur ridiculus mus. Donec quam felis, ultricies nec, pellentesque eu, pretium quis, sem. Nulla consequat massa quis enim. Donec pede justo, fringilla vel, aliquet nec, vulputate eget, arcu. In enim justo, rhoncus ut, imperdiet a, venenatis vitae, justo. Nullam dictum felis eu pede mollis pretium. Integer tincidunt. Cras dapibus. Vivamus elementum semper nisi. Aenean vulputate eleifend tellus. Aenean leo ligula, porttitor eu, consequat vitae, eleifend ac, enim. Aliquam lorem ante, dapibus in, viverra quis, feugiat a, tellus.</p>','0','14','0.00','active','1000','','','1','publish','1','0','0','0','0','0','0','2018-11-30 14:56:56','2018-11-30 15:10:14'),('16','Lorem Ipsum Dolor Sit Amet Co 14','product-18_1543546462.png','','<p>Lorem ipsum dolor sit amet, consectetuer adipiscing elit. Aenean commodo ligula eget dolor. Aenean massa. Cum sociis natoque penatibus et magnis dis parturient montes, nascetur ridiculus mus. Donec quam felis, ultricies nec, pellentesque eu, pretium quis, sem. Nulla consequat massa quis enim. Donec pede justo, fringilla vel, aliquet nec, vulputate eget, arcu. In enim justo, rhoncus ut, imperdiet a, venenatis vitae, justo. Nullam dictum felis eu pede mollis pretium. Integer tincidunt. Cras dapibus. Vivamus elementum semper nisi. Aenean vulputate eleifend tellus. Aenean leo ligula, porttitor eu, consequat vitae, eleifend ac, enim. Aliquam lorem ante, dapibus in, viverra quis, feugiat a, tellus.</p>\n<p>Lorem ipsum dolor sit amet, consectetuer adipiscing elit. Aenean commodo ligula eget dolor. Aenean massa. Cum sociis natoque penatibus et magnis dis parturient montes, nascetur ridiculus mus. Donec quam felis, ultricies nec, pellentesque eu, pretium quis, sem. Nulla consequat massa quis enim. Donec pede justo, fringilla vel, aliquet nec, vulputate eget, arcu. In enim justo, rhoncus ut, imperdiet a, venenatis vitae, justo. Nullam dictum felis eu pede mollis pretium. Integer tincidunt. Cras dapibus. Vivamus elementum semper nisi. Aenean vulputate eleifend tellus. Aenean leo ligula, porttitor eu, consequat vitae, eleifend ac, enim. Aliquam lorem ante, dapibus in, viverra quis, feugiat a, tellus.</p>\n<p>Lorem ipsum dolor sit amet, consectetuer adipiscing elit. Aenean commodo ligula eget dolor. Aenean massa. Cum sociis natoque penatibus et magnis dis parturient montes, nascetur ridiculus mus. Donec quam felis, ultricies nec, pellentesque eu, pretium quis, sem. Nulla consequat massa quis enim. Donec pede justo, fringilla vel, aliquet nec, vulputate eget, arcu. In enim justo, rhoncus ut, imperdiet a, venenatis vitae, justo. Nullam dictum felis eu pede mollis pretium. Integer tincidunt. Cras dapibus. Vivamus elementum semper nisi. Aenean vulputate eleifend tellus. Aenean leo ligula, porttitor eu, consequat vitae, eleifend ac, enim. Aliquam lorem ante, dapibus in, viverra quis, feugiat a, tellus.</p>','0','14','0.00','active','1000','','','1','publish','1','0','0','0','0','0','0','2018-11-30 14:59:03','2018-11-30 14:59:29'),('17',' Lorem Ipsum Dolor Sit Amet Co 15','product-17_1543546462.png','','<p>Lorem ipsum dolor sit amet, consectetuer adipiscing elit. Aenean commodo ligula eget dolor. Aenean massa. Cum sociis natoque penatibus et magnis dis parturient montes, nascetur ridiculus mus. Donec quam felis, ultricies nec, pellentesque eu, pretium quis, sem. Nulla consequat massa quis enim. Donec pede justo, fringilla vel, aliquet nec, vulputate eget, arcu. In enim justo, rhoncus ut, imperdiet a, venenatis vitae, justo. Nullam dictum felis eu pede mollis pretium. Integer tincidunt. Cras dapibus. Vivamus elementum semper nisi. Aenean vulputate eleifend tellus. Aenean leo ligula, porttitor eu, consequat vitae, eleifend ac, enim. Aliquam lorem ante, dapibus in, viverra quis, feugiat a, tellus.</p>\n<p>Lorem ipsum dolor sit amet, consectetuer adipiscing elit. Aenean commodo ligula eget dolor. Aenean massa. Cum sociis natoque penatibus et magnis dis parturient montes, nascetur ridiculus mus. Donec quam felis, ultricies nec, pellentesque eu, pretium quis, sem. Nulla consequat massa quis enim. Donec pede justo, fringilla vel, aliquet nec, vulputate eget, arcu. In enim justo, rhoncus ut, imperdiet a, venenatis vitae, justo. Nullam dictum felis eu pede mollis pretium. Integer tincidunt. Cras dapibus. Vivamus elementum semper nisi. Aenean vulputate eleifend tellus. Aenean leo ligula, porttitor eu, consequat vitae, eleifend ac, enim. Aliquam lorem ante, dapibus in, viverra quis, feugiat a, tellus.</p>\n<p>Lorem ipsum dolor sit amet, consectetuer adipiscing elit. Aenean commodo ligula eget dolor. Aenean massa. Cum sociis natoque penatibus et magnis dis parturient montes, nascetur ridiculus mus. Donec quam felis, ultricies nec, pellentesque eu, pretium quis, sem. Nulla consequat massa quis enim. Donec pede justo, fringilla vel, aliquet nec, vulputate eget, arcu. In enim justo, rhoncus ut, imperdiet a, venenatis vitae, justo. Nullam dictum felis eu pede mollis pretium. Integer tincidunt. Cras dapibus. Vivamus elementum semper nisi. Aenean vulputate eleifend tellus. Aenean leo ligula, porttitor eu, consequat vitae, eleifend ac, enim. Aliquam lorem ante, dapibus in, viverra quis, feugiat a, tellus.</p>','0','14','0.00','active','1000','','','1','publish','1','0','0','0','0','0','0','2018-11-30 14:59:42','2018-11-30 15:00:10'),('18','Lorem Ipsum Dolor Sit Amet Co 16','product-16_1543546462.png','','<p>Lorem ipsum dolor sit amet, consectetuer adipiscing elit. Aenean commodo ligula eget dolor. Aenean massa. Cum sociis natoque penatibus et magnis dis parturient montes, nascetur ridiculus mus. Donec quam felis, ultricies nec, pellentesque eu, pretium quis, sem. Nulla consequat massa quis enim. Donec pede justo, fringilla vel, aliquet nec, vulputate eget, arcu. In enim justo, rhoncus ut, imperdiet a, venenatis vitae, justo. Nullam dictum felis eu pede mollis pretium. Integer tincidunt. Cras dapibus. Vivamus elementum semper nisi. Aenean vulputate eleifend tellus. Aenean leo ligula, porttitor eu, consequat vitae, eleifend ac, enim. Aliquam lorem ante, dapibus in, viverra quis, feugiat a, tellus.</p>\n<p>Lorem ipsum dolor sit amet, consectetuer adipiscing elit. Aenean commodo ligula eget dolor. Aenean massa. Cum sociis natoque penatibus et magnis dis parturient montes, nascetur ridiculus mus. Donec quam felis, ultricies nec, pellentesque eu, pretium quis, sem. Nulla consequat massa quis enim. Donec pede justo, fringilla vel, aliquet nec, vulputate eget, arcu. In enim justo, rhoncus ut, imperdiet a, venenatis vitae, justo. Nullam dictum felis eu pede mollis pretium. Integer tincidunt. Cras dapibus. Vivamus elementum semper nisi. Aenean vulputate eleifend tellus. Aenean leo ligula, porttitor eu, consequat vitae, eleifend ac, enim. Aliquam lorem ante, dapibus in, viverra quis, feugiat a, tellus.</p>\n<p>Lorem ipsum dolor sit amet, consectetuer adipiscing elit. Aenean commodo ligula eget dolor. Aenean massa. Cum sociis natoque penatibus et magnis dis parturient montes, nascetur ridiculus mus. Donec quam felis, ultricies nec, pellentesque eu, pretium quis, sem. Nulla consequat massa quis enim. Donec pede justo, fringilla vel, aliquet nec, vulputate eget, arcu. In enim justo, rhoncus ut, imperdiet a, venenatis vitae, justo. Nullam dictum felis eu pede mollis pretium. Integer tincidunt. Cras dapibus. Vivamus elementum semper nisi. Aenean vulputate eleifend tellus. Aenean leo ligula, porttitor eu, consequat vitae, eleifend ac, enim. Aliquam lorem ante, dapibus in, viverra quis, feugiat a, tellus.</p>','0','14','0.00','active','1000','','','1','publish','1','0','0','0','0','0','0','2018-11-30 15:00:20','2018-11-30 15:00:39'),('19',' Lorem Ipsum Dolor Sit Amet Co 17','product-15_1543546462.png','','<p>Lorem ipsum dolor sit amet, consectetuer adipiscing elit. Aenean commodo ligula eget dolor. Aenean massa. Cum sociis natoque penatibus et magnis dis parturient montes, nascetur ridiculus mus. Donec quam felis, ultricies nec, pellentesque eu, pretium quis, sem. Nulla consequat massa quis enim. Donec pede justo, fringilla vel, aliquet nec, vulputate eget, arcu. In enim justo, rhoncus ut, imperdiet a, venenatis vitae, justo. Nullam dictum felis eu pede mollis pretium. Integer tincidunt. Cras dapibus. Vivamus elementum semper nisi. Aenean vulputate eleifend tellus. Aenean leo ligula, porttitor eu, consequat vitae, eleifend ac, enim. Aliquam lorem ante, dapibus in, viverra quis, feugiat a, tellus.</p>\n<p>Lorem ipsum dolor sit amet, consectetuer adipiscing elit. Aenean commodo ligula eget dolor. Aenean massa. Cum sociis natoque penatibus et magnis dis parturient montes, nascetur ridiculus mus. Donec quam felis, ultricies nec, pellentesque eu, pretium quis, sem. Nulla consequat massa quis enim. Donec pede justo, fringilla vel, aliquet nec, vulputate eget, arcu. In enim justo, rhoncus ut, imperdiet a, venenatis vitae, justo. Nullam dictum felis eu pede mollis pretium. Integer tincidunt. Cras dapibus. Vivamus elementum semper nisi. Aenean vulputate eleifend tellus. Aenean leo ligula, porttitor eu, consequat vitae, eleifend ac, enim. Aliquam lorem ante, dapibus in, viverra quis, feugiat a, tellus.</p>\n<p>Lorem ipsum dolor sit amet, consectetuer adipiscing elit. Aenean commodo ligula eget dolor. Aenean massa. Cum sociis natoque penatibus et magnis dis parturient montes, nascetur ridiculus mus. Donec quam felis, ultricies nec, pellentesque eu, pretium quis, sem. Nulla consequat massa quis enim. Donec pede justo, fringilla vel, aliquet nec, vulputate eget, arcu. In enim justo, rhoncus ut, imperdiet a, venenatis vitae, justo. Nullam dictum felis eu pede mollis pretium. Integer tincidunt. Cras dapibus. Vivamus elementum semper nisi. Aenean vulputate eleifend tellus. Aenean leo ligula, porttitor eu, consequat vitae, eleifend ac, enim. Aliquam lorem ante, dapibus in, viverra quis, feugiat a, tellus.</p>','0','14','0.00','active','1000','','','1','publish','1','0','0','0','0','0','0','2018-11-30 15:00:51','2018-11-30 15:01:08'),('20','Lorem Ipsum Dolor Sit Amet Co 18','product-14_1543546462.png','Lorem ipsum dolor sit amet, consectetuer adipiscing elit. Aenean commodo ligula eget dolor. Aenean massa. Cum sociis natoque penatibus et magnis dis parturient montes, nascetur ridiculus mus. Donec quam felis, ultricies nec, pellentesque eu, pretium quis, sem. Nulla consequat massa quis enim. Donec pede justo, fringilla vel, aliquet nec, vulputate eget, arcu. In enim justo, rhoncus ut, imperdiet a, venenatis vitae, justo. Nullam dictum felis eu pede mollis pretium. Integer tincidunt. Cras dapibus','<p>Lorem ipsum dolor sit amet, consectetuer adipiscing elit. Aenean commodo ligula eget dolor. Aenean massa. Cum sociis natoque penatibus et magnis dis parturient montes, nascetur ridiculus mus. Donec quam felis, ultricies nec, pellentesque eu, pretium quis, sem. Nulla consequat massa quis enim. Donec pede justo, fringilla vel, aliquet nec, vulputate eget, arcu. In enim justo, rhoncus ut, imperdiet a, venenatis vitae, justo. Nullam dictum felis eu pede mollis pretium. Integer tincidunt. Cras dapibus. Vivamus elementum semper nisi. Aenean vulputate eleifend tellus. Aenean leo ligula, porttitor eu, consequat vitae, eleifend ac, enim. Aliquam lorem ante, dapibus in, viverra quis, feugiat a, tellus.</p>\n<p>Lorem ipsum dolor sit amet, consectetuer adipiscing elit. Aenean commodo ligula eget dolor. Aenean massa. Cum sociis natoque penatibus et magnis dis parturient montes, nascetur ridiculus mus. Donec quam felis, ultricies nec, pellentesque eu, pretium quis, sem. Nulla consequat massa quis enim. Donec pede justo, fringilla vel, aliquet nec, vulputate eget, arcu. In enim justo, rhoncus ut, imperdiet a, venenatis vitae, justo. Nullam dictum felis eu pede mollis pretium. Integer tincidunt. Cras dapibus. Vivamus elementum semper nisi. Aenean vulputate eleifend tellus. Aenean leo ligula, porttitor eu, consequat vitae, eleifend ac, enim. Aliquam lorem ante, dapibus in, viverra quis, feugiat a, tellus.</p>\n<p>Lorem ipsum dolor sit amet, consectetuer adipiscing elit. Aenean commodo ligula eget dolor. Aenean massa. Cum sociis natoque penatibus et magnis dis parturient montes, nascetur ridiculus mus. Donec quam felis, ultricies nec, pellentesque eu, pretium quis, sem. Nulla consequat massa quis enim. Donec pede justo, fringilla vel, aliquet nec, vulputate eget, arcu. In enim justo, rhoncus ut, imperdiet a, venenatis vitae, justo. Nullam dictum felis eu pede mollis pretium. Integer tincidunt. Cras dapibus. Vivamus elementum semper nisi. Aenean vulputate eleifend tellus. Aenean leo ligula, porttitor eu, consequat vitae, eleifend ac, enim. Aliquam lorem ante, dapibus in, viverra quis, feugiat a, tellus.</p>','2','17','0.00','active','1000','','','1','publish','-1','0','0','0','0','0','0','2018-11-30 15:01:18','2018-11-30 16:02:02'),('21','Lorem Ipsum Dolor Sit Amet Co 19','product-13_1543546462.png','Lorem ipsum dolor sit amet, consectetuer adipiscing elit. Aenean commodo ligula eget dolor. Aenean massa. Cum sociis natoque penatibus et magnis dis parturient montes, nascetur ridiculus mus. Donec quam felis, ultricies nec, pellentesque eu, pretium quis, sem. Nulla consequat massa quis enim. Donec pede justo, fringilla vel, aliquet nec, vulputate eget, arcu. In enim justo, rhoncus ut, imperdiet a, venenatis vitae, justo. Nullam dictum felis eu pede mollis pretium. Integer tincidunt. Cras dapibus','<p>Lorem ipsum dolor sit amet, consectetuer adipiscing elit. Aenean commodo ligula eget dolor. Aenean massa. Cum sociis natoque penatibus et magnis dis parturient montes, nascetur ridiculus mus. Donec quam felis, ultricies nec, pellentesque eu, pretium quis, sem. Nulla consequat massa quis enim. Donec pede justo, fringilla vel, aliquet nec, vulputate eget, arcu. In enim justo, rhoncus ut, imperdiet a, venenatis vitae, justo. Nullam dictum felis eu pede mollis pretium. Integer tincidunt. Cras dapibus. Vivamus elementum semper nisi. Aenean vulputate eleifend tellus. Aenean leo ligula, porttitor eu, consequat vitae, eleifend ac, enim. Aliquam lorem ante, dapibus in, viverra quis, feugiat a, tellus.</p>\n<p>Lorem ipsum dolor sit amet, consectetuer adipiscing elit. Aenean commodo ligula eget dolor. Aenean massa. Cum sociis natoque penatibus et magnis dis parturient montes, nascetur ridiculus mus. Donec quam felis, ultricies nec, pellentesque eu, pretium quis, sem. Nulla consequat massa quis enim. Donec pede justo, fringilla vel, aliquet nec, vulputate eget, arcu. In enim justo, rhoncus ut, imperdiet a, venenatis vitae, justo. Nullam dictum felis eu pede mollis pretium. Integer tincidunt. Cras dapibus. Vivamus elementum semper nisi. Aenean vulputate eleifend tellus. Aenean leo ligula, porttitor eu, consequat vitae, eleifend ac, enim. Aliquam lorem ante, dapibus in, viverra quis, feugiat a, tellus.</p>\n<p>Lorem ipsum dolor sit amet, consectetuer adipiscing elit. Aenean commodo ligula eget dolor. Aenean massa. Cum sociis natoque penatibus et magnis dis parturient montes, nascetur ridiculus mus. Donec quam felis, ultricies nec, pellentesque eu, pretium quis, sem. Nulla consequat massa quis enim. Donec pede justo, fringilla vel, aliquet nec, vulputate eget, arcu. In enim justo, rhoncus ut, imperdiet a, venenatis vitae, justo. Nullam dictum felis eu pede mollis pretium. Integer tincidunt. Cras dapibus. Vivamus elementum semper nisi. Aenean vulputate eleifend tellus. Aenean leo ligula, porttitor eu, consequat vitae, eleifend ac, enim. Aliquam lorem ante, dapibus in, viverra quis, feugiat a, tellus.</p>','0','15','0.00','active','1000','','','1','publish','1','0','0','0','0','0','0','2018-11-30 15:03:14','2018-11-30 15:58:30'),('22','Lorem Ipsum Dolor Sit Amet Co 20','product-12_1543546461.png','Lorem ipsum dolor sit amet, consectetuer adipiscing elit. Aenean commodo ligula eget dolor. Aenean massa. Cum sociis natoque penatibus et magnis dis parturient montes, nascetur ridiculus mus. Donec quam felis, ultricies nec, pellentesque eu, pretium quis, sem. Nulla consequat massa quis enim. Donec pede justo, fringilla vel, aliquet nec, vulputate eget, arcu. In enim justo, rhoncus ut, imperdiet a, venenatis vitae, justo. Nullam dictum felis eu pede mollis pretium. Integer tincidunt. Cras dapibus','<p>Lorem ipsum dolor sit amet, consectetuer adipiscing elit. Aenean commodo ligula eget dolor. Aenean massa. Cum sociis natoque penatibus et magnis dis parturient montes, nascetur ridiculus mus. Donec quam felis, ultricies nec, pellentesque eu, pretium quis, sem. Nulla consequat massa quis enim. Donec pede justo, fringilla vel, aliquet nec, vulputate eget, arcu. In enim justo, rhoncus ut, imperdiet a, venenatis vitae, justo. Nullam dictum felis eu pede mollis pretium. Integer tincidunt. Cras dapibus. Vivamus elementum semper nisi. Aenean vulputate eleifend tellus. Aenean leo ligula, porttitor eu, consequat vitae, eleifend ac, enim. Aliquam lorem ante, dapibus in, viverra quis, feugiat a, tellus.</p>\n<p>Lorem ipsum dolor sit amet, consectetuer adipiscing elit. Aenean commodo ligula eget dolor. Aenean massa. Cum sociis natoque penatibus et magnis dis parturient montes, nascetur ridiculus mus. Donec quam felis, ultricies nec, pellentesque eu, pretium quis, sem. Nulla consequat massa quis enim. Donec pede justo, fringilla vel, aliquet nec, vulputate eget, arcu. In enim justo, rhoncus ut, imperdiet a, venenatis vitae, justo. Nullam dictum felis eu pede mollis pretium. Integer tincidunt. Cras dapibus. Vivamus elementum semper nisi. Aenean vulputate eleifend tellus. Aenean leo ligula, porttitor eu, consequat vitae, eleifend ac, enim. Aliquam lorem ante, dapibus in, viverra quis, feugiat a, tellus.</p>\n<p>Lorem ipsum dolor sit amet, consectetuer adipiscing elit. Aenean commodo ligula eget dolor. Aenean massa. Cum sociis natoque penatibus et magnis dis parturient montes, nascetur ridiculus mus. Donec quam felis, ultricies nec, pellentesque eu, pretium quis, sem. Nulla consequat massa quis enim. Donec pede justo, fringilla vel, aliquet nec, vulputate eget, arcu. In enim justo, rhoncus ut, imperdiet a, venenatis vitae, justo. Nullam dictum felis eu pede mollis pretium. Integer tincidunt. Cras dapibus. Vivamus elementum semper nisi. Aenean vulputate eleifend tellus. Aenean leo ligula, porttitor eu, consequat vitae, eleifend ac, enim. Aliquam lorem ante, dapibus in, viverra quis, feugiat a, tellus.</p>','0','17','0.00','active','1000','','','1','publish','1','0','0','0','0','0','0','2018-11-30 15:08:51','2018-11-30 16:00:02'),('23','Lorem Ipsum Dolor Sit Amet Co 21','product-11_1543546461.png','Lorem ipsum dolor sit amet, consectetuer adipiscing elit. Aenean commodo ligula eget dolor. Aenean massa. Cum sociis natoque penatibus et magnis dis parturient montes, nascetur ridiculus mus. Donec quam felis, ultricies nec, pellentesque eu, pretium quis, sem. Nulla consequat massa quis enim. Donec pede justo, fringilla vel, aliquet nec, vulputate eget, arcu. In enim justo, rhoncus ut, imperdiet a, venenatis vitae, justo. Nullam dictum felis eu pede mollis pretium. Integer tincidunt. Cras dapibus','<p>Lorem ipsum dolor sit amet, consectetuer adipiscing elit. Aenean commodo ligula eget dolor. Aenean massa. Cum sociis natoque penatibus et magnis dis parturient montes, nascetur ridiculus mus. Donec quam felis, ultricies nec, pellentesque eu, pretium quis, sem. Nulla consequat massa quis enim. Donec pede justo, fringilla vel, aliquet nec, vulputate eget, arcu. In enim justo, rhoncus ut, imperdiet a, venenatis vitae, justo. Nullam dictum felis eu pede mollis pretium. Integer tincidunt. Cras dapibus. Vivamus elementum semper nisi. Aenean vulputate eleifend tellus. Aenean leo ligula, porttitor eu, consequat vitae, eleifend ac, enim. Aliquam lorem ante, dapibus in, viverra quis, feugiat a, tellus.</p>\n<p>Lorem ipsum dolor sit amet, consectetuer adipiscing elit. Aenean commodo ligula eget dolor. Aenean massa. Cum sociis natoque penatibus et magnis dis parturient montes, nascetur ridiculus mus. Donec quam felis, ultricies nec, pellentesque eu, pretium quis, sem. Nulla consequat massa quis enim. Donec pede justo, fringilla vel, aliquet nec, vulputate eget, arcu. In enim justo, rhoncus ut, imperdiet a, venenatis vitae, justo. Nullam dictum felis eu pede mollis pretium. Integer tincidunt. Cras dapibus. Vivamus elementum semper nisi. Aenean vulputate eleifend tellus. Aenean leo ligula, porttitor eu, consequat vitae, eleifend ac, enim. Aliquam lorem ante, dapibus in, viverra quis, feugiat a, tellus.</p>\n<p>Lorem ipsum dolor sit amet, consectetuer adipiscing elit. Aenean commodo ligula eget dolor. Aenean massa. Cum sociis natoque penatibus et magnis dis parturient montes, nascetur ridiculus mus. Donec quam felis, ultricies nec, pellentesque eu, pretium quis, sem. Nulla consequat massa quis enim. Donec pede justo, fringilla vel, aliquet nec, vulputate eget, arcu. In enim justo, rhoncus ut, imperdiet a, venenatis vitae, justo. Nullam dictum felis eu pede mollis pretium. Integer tincidunt. Cras dapibus. Vivamus elementum semper nisi. Aenean vulputate eleifend tellus. Aenean leo ligula, porttitor eu, consequat vitae, eleifend ac, enim. Aliquam lorem ante, dapibus in, viverra quis, feugiat a, tellus.</p>','4','23','0.00','active','1000','','','1','publishSoon','-3','0','0','0','0','0','0','2018-11-30 15:11:06','2018-11-30 16:00:14'),('24','Lorem Ipsum Dolor Sit Amet Co 22','img29_1543546487.png','','<p>Lorem ipsum dolor sit amet, consectetuer adipiscing elit. Aenean commodo ligula eget dolor. Aenean massa. Cum sociis natoque penatibus et magnis dis parturient montes, nascetur ridiculus mus. Donec quam felis, ultricies nec, pellentesque eu, pretium quis, sem. Nulla consequat massa quis enim. Donec pede justo, fringilla vel, aliquet nec, vulputate eget, arcu. In enim justo, rhoncus ut, imperdiet a, venenatis vitae, justo. Nullam dictum felis eu pede mollis pretium. Integer tincidunt. Cras dapibus. Vivamus elementum semper nisi. Aenean vulputate eleifend tellus. Aenean leo ligula, porttitor eu, consequat vitae, eleifend ac, enim. Aliquam lorem ante, dapibus in, viverra quis, feugiat a, tellus.</p>\n<p>Lorem ipsum dolor sit amet, consectetuer adipiscing elit. Aenean commodo ligula eget dolor. Aenean massa. Cum sociis natoque penatibus et magnis dis parturient montes, nascetur ridiculus mus. Donec quam felis, ultricies nec, pellentesque eu, pretium quis, sem. Nulla consequat massa quis enim. Donec pede justo, fringilla vel, aliquet nec, vulputate eget, arcu. In enim justo, rhoncus ut, imperdiet a, venenatis vitae, justo. Nullam dictum felis eu pede mollis pretium. Integer tincidunt. Cras dapibus. Vivamus elementum semper nisi. Aenean vulputate eleifend tellus. Aenean leo ligula, porttitor eu, consequat vitae, eleifend ac, enim. Aliquam lorem ante, dapibus in, viverra quis, feugiat a, tellus.</p>\n<p>Lorem ipsum dolor sit amet, consectetuer adipiscing elit. Aenean commodo ligula eget dolor. Aenean massa. Cum sociis natoque penatibus et magnis dis parturient montes, nascetur ridiculus mus. Donec quam felis, ultricies nec, pellentesque eu, pretium quis, sem. Nulla consequat massa quis enim. Donec pede justo, fringilla vel, aliquet nec, vulputate eget, arcu. In enim justo, rhoncus ut, imperdiet a, venenatis vitae, justo. Nullam dictum felis eu pede mollis pretium. Integer tincidunt. Cras dapibus. Vivamus elementum semper nisi. Aenean vulputate eleifend tellus. Aenean leo ligula, porttitor eu, consequat vitae, eleifend ac, enim. Aliquam lorem ante, dapibus in, viverra quis, feugiat a, tellus.</p>','0','16','0.00','active','1000','','','1','publish','1','0','0','0','0','0','0','2018-11-30 15:17:41','2018-11-30 15:35:47'),('25',' Lorem Ipsum Dolor Sit Amet Co 23','product-18_1543546462.png','','<p>Lorem ipsum dolor sit amet, consectetuer adipiscing elit. Aenean commodo ligula eget dolor. Aenean massa. Cum sociis natoque penatibus et magnis dis parturient montes, nascetur ridiculus mus. Donec quam felis, ultricies nec, pellentesque eu, pretium quis, sem. Nulla consequat massa quis enim. Donec pede justo, fringilla vel, aliquet nec, vulputate eget, arcu. In enim justo, rhoncus ut, imperdiet a, venenatis vitae, justo. Nullam dictum felis eu pede mollis pretium. Integer tincidunt. Cras dapibus. Vivamus elementum semper nisi. Aenean vulputate eleifend tellus. Aenean leo ligula, porttitor eu, consequat vitae, eleifend ac, enim. Aliquam lorem ante, dapibus in, viverra quis, feugiat a, tellus.</p>\n<p>Lorem ipsum dolor sit amet, consectetuer adipiscing elit. Aenean commodo ligula eget dolor. Aenean massa. Cum sociis natoque penatibus et magnis dis parturient montes, nascetur ridiculus mus. Donec quam felis, ultricies nec, pellentesque eu, pretium quis, sem. Nulla consequat massa quis enim. Donec pede justo, fringilla vel, aliquet nec, vulputate eget, arcu. In enim justo, rhoncus ut, imperdiet a, venenatis vitae, justo. Nullam dictum felis eu pede mollis pretium. Integer tincidunt. Cras dapibus. Vivamus elementum semper nisi. Aenean vulputate eleifend tellus. Aenean leo ligula, porttitor eu, consequat vitae, eleifend ac, enim. Aliquam lorem ante, dapibus in, viverra quis, feugiat a, tellus.</p>\n<p>Lorem ipsum dolor sit amet, consectetuer adipiscing elit. Aenean commodo ligula eget dolor. Aenean massa. Cum sociis natoque penatibus et magnis dis parturient montes, nascetur ridiculus mus. Donec quam felis, ultricies nec, pellentesque eu, pretium quis, sem. Nulla consequat massa quis enim. Donec pede justo, fringilla vel, aliquet nec, vulputate eget, arcu. In enim justo, rhoncus ut, imperdiet a, venenatis vitae, justo. Nullam dictum felis eu pede mollis pretium. Integer tincidunt. Cras dapibus. Vivamus elementum semper nisi. Aenean vulputate eleifend tellus. Aenean leo ligula, porttitor eu, consequat vitae, eleifend ac, enim. Aliquam lorem ante, dapibus in, viverra quis, feugiat a, tellus.</p>','0','19','0.00','active','1000','','','1','availableSoon','1','0','0','0','0','0','0','2018-11-30 15:19:35','2018-11-30 15:35:31'),('26','Lorem Ipsum Dolor Sit Amet Co 24','product-7_1543546460.png','','<p>Lorem ipsum dolor sit amet, consectetuer adipiscing elit. Aenean commodo ligula eget dolor. Aenean massa. Cum sociis natoque penatibus et magnis dis parturient montes, nascetur ridiculus mus. Donec quam felis, ultricies nec, pellentesque eu, pretium quis, sem. Nulla consequat massa quis enim. Donec pede justo, fringilla vel, aliquet nec, vulputate eget, arcu. In enim justo, rhoncus ut, imperdiet a, venenatis vitae, justo. Nullam dictum felis eu pede mollis pretium. Integer tincidunt. Cras dapibus. Vivamus elementum semper nisi. Aenean vulputate eleifend tellus. Aenean leo ligula, porttitor eu, consequat vitae, eleifend ac, enim. Aliquam lorem ante, dapibus in, viverra quis, feugiat a, tellus.</p>\n<p>Lorem ipsum dolor sit amet, consectetuer adipiscing elit. Aenean commodo ligula eget dolor. Aenean massa. Cum sociis natoque penatibus et magnis dis parturient montes, nascetur ridiculus mus. Donec quam felis, ultricies nec, pellentesque eu, pretium quis, sem. Nulla consequat massa quis enim. Donec pede justo, fringilla vel, aliquet nec, vulputate eget, arcu. In enim justo, rhoncus ut, imperdiet a, venenatis vitae, justo. Nullam dictum felis eu pede mollis pretium. Integer tincidunt. Cras dapibus. Vivamus elementum semper nisi. Aenean vulputate eleifend tellus. Aenean leo ligula, porttitor eu, consequat vitae, eleifend ac, enim. Aliquam lorem ante, dapibus in, viverra quis, feugiat a, tellus.</p>\n<p>Lorem ipsum dolor sit amet, consectetuer adipiscing elit. Aenean commodo ligula eget dolor. Aenean massa. Cum sociis natoque penatibus et magnis dis parturient montes, nascetur ridiculus mus. Donec quam felis, ultricies nec, pellentesque eu, pretium quis, sem. Nulla consequat massa quis enim. Donec pede justo, fringilla vel, aliquet nec, vulputate eget, arcu. In enim justo, rhoncus ut, imperdiet a, venenatis vitae, justo. Nullam dictum felis eu pede mollis pretium. Integer tincidunt. Cras dapibus. Vivamus elementum semper nisi. Aenean vulputate eleifend tellus. Aenean leo ligula, porttitor eu, consequat vitae, eleifend ac, enim. Aliquam lorem ante, dapibus in, viverra quis, feugiat a, tellus.</p>','1','18','0.00','active','1000','','','1','publishSoon','0','0','0','0','0','0','0','2018-11-30 15:20:09','2018-11-30 15:35:19'),('27',' Lorem Ipsum Dolor Sit Amet Co 25','product-20_1543546463.png','','<p>Lorem ipsum dolor sit amet, consectetuer adipiscing elit. Aenean commodo ligula eget dolor. Aenean massa. Cum sociis natoque penatibus et magnis dis parturient montes, nascetur ridiculus mus. Donec quam felis, ultricies nec, pellentesque eu, pretium quis, sem. Nulla consequat massa quis enim. Donec pede justo, fringilla vel, aliquet nec, vulputate eget, arcu. In enim justo, rhoncus ut, imperdiet a, venenatis vitae, justo. Nullam dictum felis eu pede mollis pretium. Integer tincidunt. Cras dapibus. Vivamus elementum semper nisi. Aenean vulputate eleifend tellus. Aenean leo ligula, porttitor eu, consequat vitae, eleifend ac, enim. Aliquam lorem ante, dapibus in, viverra quis, feugiat a, tellus.</p>\n<p>Lorem ipsum dolor sit amet, consectetuer adipiscing elit. Aenean commodo ligula eget dolor. Aenean massa. Cum sociis natoque penatibus et magnis dis parturient montes, nascetur ridiculus mus. Donec quam felis, ultricies nec, pellentesque eu, pretium quis, sem. Nulla consequat massa quis enim. Donec pede justo, fringilla vel, aliquet nec, vulputate eget, arcu. In enim justo, rhoncus ut, imperdiet a, venenatis vitae, justo. Nullam dictum felis eu pede mollis pretium. Integer tincidunt. Cras dapibus. Vivamus elementum semper nisi. Aenean vulputate eleifend tellus. Aenean leo ligula, porttitor eu, consequat vitae, eleifend ac, enim. Aliquam lorem ante, dapibus in, viverra quis, feugiat a, tellus.</p>\n<p>Lorem ipsum dolor sit amet, consectetuer adipiscing elit. Aenean commodo ligula eget dolor. Aenean massa. Cum sociis natoque penatibus et magnis dis parturient montes, nascetur ridiculus mus. Donec quam felis, ultricies nec, pellentesque eu, pretium quis, sem. Nulla consequat massa quis enim. Donec pede justo, fringilla vel, aliquet nec, vulputate eget, arcu. In enim justo, rhoncus ut, imperdiet a, venenatis vitae, justo. Nullam dictum felis eu pede mollis pretium. Integer tincidunt. Cras dapibus. Vivamus elementum semper nisi. Aenean vulputate eleifend tellus. Aenean leo ligula, porttitor eu, consequat vitae, eleifend ac, enim. Aliquam lorem ante, dapibus in, viverra quis, feugiat a, tellus.</p>','0','17','0.00','active','1000','','','1','availableSoon','1','0','0','0','0','0','0','2018-11-30 15:20:51','2018-11-30 15:35:07'),('28','Lorem Ipsum Dolor Sit Amet Co 26','product-9_1543546461.png','Lorem ipsum dolor sit amet, consectetuer adipiscing elit. Aenean commodo ligula eget dolor. Aenean massa. Cum sociis natoque penatibus et magnis dis parturient montes, nascetur ridiculus mus. Donec quam felis, ultricies nec, pellentesque eu, pretium quis, sem. Nulla consequat massa quis enim. Donec pede justo, fringilla vel, aliquet nec, vulputate eget, arcu. In enim justo, rhoncus ut, imperdiet a, venenatis vitae, justo. Nullam dictum felis eu pede mollis pretium. Integer tincidunt. Cras dapibus','<p>Lorem ipsum dolor sit amet, consectetuer adipiscing elit. Aenean commodo ligula eget dolor. Aenean massa. Cum sociis natoque penatibus et magnis dis parturient montes, nascetur ridiculus mus. Donec quam felis, ultricies nec, pellentesque eu, pretium quis, sem. Nulla consequat massa quis enim. Donec pede justo, fringilla vel, aliquet nec, vulputate eget, arcu. In enim justo, rhoncus ut, imperdiet a, venenatis vitae, justo. Nullam dictum felis eu pede mollis pretium. Integer tincidunt. Cras dapibus. Vivamus elementum semper nisi. Aenean vulputate eleifend tellus. Aenean leo ligula, porttitor eu, consequat vitae, eleifend ac, enim. Aliquam lorem ante, dapibus in, viverra quis, feugiat a, tellus.</p>\n<p>Lorem ipsum dolor sit amet, consectetuer adipiscing elit. Aenean commodo ligula eget dolor. Aenean massa. Cum sociis natoque penatibus et magnis dis parturient montes, nascetur ridiculus mus. Donec quam felis, ultricies nec, pellentesque eu, pretium quis, sem. Nulla consequat massa quis enim. Donec pede justo, fringilla vel, aliquet nec, vulputate eget, arcu. In enim justo, rhoncus ut, imperdiet a, venenatis vitae, justo. Nullam dictum felis eu pede mollis pretium. Integer tincidunt. Cras dapibus. Vivamus elementum semper nisi. Aenean vulputate eleifend tellus. Aenean leo ligula, porttitor eu, consequat vitae, eleifend ac, enim. Aliquam lorem ante, dapibus in, viverra quis, feugiat a, tellus.</p>\n<p>Lorem ipsum dolor sit amet, consectetuer adipiscing elit. Aenean commodo ligula eget dolor. Aenean massa. Cum sociis natoque penatibus et magnis dis parturient montes, nascetur ridiculus mus. Donec quam felis, ultricies nec, pellentesque eu, pretium quis, sem. Nulla consequat massa quis enim. Donec pede justo, fringilla vel, aliquet nec, vulputate eget, arcu. In enim justo, rhoncus ut, imperdiet a, venenatis vitae, justo. Nullam dictum felis eu pede mollis pretium. Integer tincidunt. Cras dapibus. Vivamus elementum semper nisi. Aenean vulputate eleifend tellus. Aenean leo ligula, porttitor eu, consequat vitae, eleifend ac, enim. Aliquam lorem ante, dapibus in, viverra quis, feugiat a, tellus.</p>','0','18','0.00','active','1000','','','1','publishSoon','1','0','0','0','0','0','0','2018-11-30 15:21:14','2018-11-30 15:59:31'),('29',' Lorem Ipsum Dolor Sit Amet Co 27','product-1_1543546460.png','Lorem ipsum dolor sit amet, consectetuer adipiscing elit. Aenean commodo ligula eget dolor. Aenean massa. Cum sociis natoque penatibus et magnis dis parturient montes, nascetur ridiculus mus. Donec quam felis, ultricies nec, pellentesque eu, pretium quis, sem. Nulla consequat massa quis enim. Donec pede justo, fringilla vel, aliquet nec, vulputate eget, arcu. In enim justo, rhoncus ut, imperdiet a, venenatis vitae, justo. Nullam dictum felis eu pede mollis pretium. Integer tincidunt. Cras dapibus','<p>Lorem ipsum dolor sit amet, consectetuer adipiscing elit. Aenean commodo ligula eget dolor. Aenean massa. Cum sociis natoque penatibus et magnis dis parturient montes, nascetur ridiculus mus. Donec quam felis, ultricies nec, pellentesque eu, pretium quis, sem. Nulla consequat massa quis enim. Donec pede justo, fringilla vel, aliquet nec, vulputate eget, arcu. In enim justo, rhoncus ut, imperdiet a, venenatis vitae, justo. Nullam dictum felis eu pede mollis pretium. Integer tincidunt. Cras dapibus. Vivamus elementum semper nisi. Aenean vulputate eleifend tellus. Aenean leo ligula, porttitor eu, consequat vitae, eleifend ac, enim. Aliquam lorem ante, dapibus in, viverra quis, feugiat a, tellus.</p>\n<p>Lorem ipsum dolor sit amet, consectetuer adipiscing elit. Aenean commodo ligula eget dolor. Aenean massa. Cum sociis natoque penatibus et magnis dis parturient montes, nascetur ridiculus mus. Donec quam felis, ultricies nec, pellentesque eu, pretium quis, sem. Nulla consequat massa quis enim. Donec pede justo, fringilla vel, aliquet nec, vulputate eget, arcu. In enim justo, rhoncus ut, imperdiet a, venenatis vitae, justo. Nullam dictum felis eu pede mollis pretium. Integer tincidunt. Cras dapibus. Vivamus elementum semper nisi. Aenean vulputate eleifend tellus. Aenean leo ligula, porttitor eu, consequat vitae, eleifend ac, enim. Aliquam lorem ante, dapibus in, viverra quis, feugiat a, tellus.</p>\n<p>Lorem ipsum dolor sit amet, consectetuer adipiscing elit. Aenean commodo ligula eget dolor. Aenean massa. Cum sociis natoque penatibus et magnis dis parturient montes, nascetur ridiculus mus. Donec quam felis, ultricies nec, pellentesque eu, pretium quis, sem. Nulla consequat massa quis enim. Donec pede justo, fringilla vel, aliquet nec, vulputate eget, arcu. In enim justo, rhoncus ut, imperdiet a, venenatis vitae, justo. Nullam dictum felis eu pede mollis pretium. Integer tincidunt. Cras dapibus. Vivamus elementum semper nisi. Aenean vulputate eleifend tellus. Aenean leo ligula, porttitor eu, consequat vitae, eleifend ac, enim. Aliquam lorem ante, dapibus in, viverra quis, feugiat a, tellus.</p>','0','20','0.00','active','1000','','','1','availableSoon','1','0','0','0','0','0','0','2018-11-30 15:22:06','2018-11-30 15:59:20'),('30',' Lorem Ipsum Dolor Sit Amet Co 28','product-6_1543546460.png','Lorem ipsum dolor sit amet, consectetuer adipiscing elit. Aenean commodo ligula eget dolor. Aenean massa. Cum sociis natoque penatibus et magnis dis parturient montes, nascetur ridiculus mus. Donec quam felis, ultricies nec, pellentesque eu, pretium quis, sem. Nulla consequat massa quis enim. Donec pede justo, fringilla vel, aliquet nec, vulputate eget, arcu. In enim justo, rhoncus ut, imperdiet a, venenatis vitae, justo. Nullam dictum felis eu pede mollis pretium. Integer tincidunt. Cras dapibus','<p>Lorem ipsum dolor sit amet, consectetuer adipiscing elit. Aenean commodo ligula eget dolor. Aenean massa. Cum sociis natoque penatibus et magnis dis parturient montes, nascetur ridiculus mus. Donec quam felis, ultricies nec, pellentesque eu, pretium quis, sem. Nulla consequat massa quis enim. Donec pede justo, fringilla vel, aliquet nec, vulputate eget, arcu. In enim justo, rhoncus ut, imperdiet a, venenatis vitae, justo. Nullam dictum felis eu pede mollis pretium. Integer tincidunt. Cras dapibus. Vivamus elementum semper nisi. Aenean vulputate eleifend tellus. Aenean leo ligula, porttitor eu, consequat vitae, eleifend ac, enim. Aliquam lorem ante, dapibus in, viverra quis, feugiat a, tellus.</p>\n<p>Lorem ipsum dolor sit amet, consectetuer adipiscing elit. Aenean commodo ligula eget dolor. Aenean massa. Cum sociis natoque penatibus et magnis dis parturient montes, nascetur ridiculus mus. Donec quam felis, ultricies nec, pellentesque eu, pretium quis, sem. Nulla consequat massa quis enim. Donec pede justo, fringilla vel, aliquet nec, vulputate eget, arcu. In enim justo, rhoncus ut, imperdiet a, venenatis vitae, justo. Nullam dictum felis eu pede mollis pretium. Integer tincidunt. Cras dapibus. Vivamus elementum semper nisi. Aenean vulputate eleifend tellus. Aenean leo ligula, porttitor eu, consequat vitae, eleifend ac, enim. Aliquam lorem ante, dapibus in, viverra quis, feugiat a, tellus.</p>\n<p>Lorem ipsum dolor sit amet, consectetuer adipiscing elit. Aenean commodo ligula eget dolor. Aenean massa. Cum sociis natoque penatibus et magnis dis parturient montes, nascetur ridiculus mus. Donec quam felis, ultricies nec, pellentesque eu, pretium quis, sem. Nulla consequat massa quis enim. Donec pede justo, fringilla vel, aliquet nec, vulputate eget, arcu. In enim justo, rhoncus ut, imperdiet a, venenatis vitae, justo. Nullam dictum felis eu pede mollis pretium. Integer tincidunt. Cras dapibus. Vivamus elementum semper nisi. Aenean vulputate eleifend tellus. Aenean leo ligula, porttitor eu, consequat vitae, eleifend ac, enim. Aliquam lorem ante, dapibus in, viverra quis, feugiat a, tellus.</p>','0','17','0.00','active','1000','','','1','publishSoon','1','0','0','0','0','0','0','2018-11-30 15:22:36','2018-11-30 15:59:12'),('31','Lorem Ipsum Dolor Sit Amet Co 29','product-12_1543546461.png','Lorem ipsum dolor sit amet, consectetuer adipiscing elit. Aenean commodo ligula eget dolor. Aenean massa. Cum sociis natoque penatibus et magnis dis parturient montes, nascetur ridiculus mus. Donec quam felis, ultricies nec, pellentesque eu, pretium quis, sem. Nulla consequat massa quis enim. Donec pede justo, fringilla vel, aliquet nec, vulputate eget, arcu. In enim justo, rhoncus ut, imperdiet a, venenatis vitae, justo. Nullam dictum felis eu pede mollis pretium. Integer tincidunt. Cras dapibus','<p>Lorem ipsum dolor sit amet, consectetuer adipiscing elit. Aenean commodo ligula eget dolor. Aenean massa. Cum sociis natoque penatibus et magnis dis parturient montes, nascetur ridiculus mus. Donec quam felis, ultricies nec, pellentesque eu, pretium quis, sem. Nulla consequat massa quis enim. Donec pede justo, fringilla vel, aliquet nec, vulputate eget, arcu. In enim justo, rhoncus ut, imperdiet a, venenatis vitae, justo. Nullam dictum felis eu pede mollis pretium. Integer tincidunt. Cras dapibus. Vivamus elementum semper nisi. Aenean vulputate eleifend tellus. Aenean leo ligula, porttitor eu, consequat vitae, eleifend ac, enim. Aliquam lorem ante, dapibus in, viverra quis, feugiat a, tellus.</p>\n<p>Lorem ipsum dolor sit amet, consectetuer adipiscing elit. Aenean commodo ligula eget dolor. Aenean massa. Cum sociis natoque penatibus et magnis dis parturient montes, nascetur ridiculus mus. Donec quam felis, ultricies nec, pellentesque eu, pretium quis, sem. Nulla consequat massa quis enim. Donec pede justo, fringilla vel, aliquet nec, vulputate eget, arcu. In enim justo, rhoncus ut, imperdiet a, venenatis vitae, justo. Nullam dictum felis eu pede mollis pretium. Integer tincidunt. Cras dapibus. Vivamus elementum semper nisi. Aenean vulputate eleifend tellus. Aenean leo ligula, porttitor eu, consequat vitae, eleifend ac, enim. Aliquam lorem ante, dapibus in, viverra quis, feugiat a, tellus.</p>\n<p>Lorem ipsum dolor sit amet, consectetuer adipiscing elit. Aenean commodo ligula eget dolor. Aenean massa. Cum sociis natoque penatibus et magnis dis parturient montes, nascetur ridiculus mus. Donec quam felis, ultricies nec, pellentesque eu, pretium quis, sem. Nulla consequat massa quis enim. Donec pede justo, fringilla vel, aliquet nec, vulputate eget, arcu. In enim justo, rhoncus ut, imperdiet a, venenatis vitae, justo. Nullam dictum felis eu pede mollis pretium. Integer tincidunt. Cras dapibus. Vivamus elementum semper nisi. Aenean vulputate eleifend tellus. Aenean leo ligula, porttitor eu, consequat vitae, eleifend ac, enim. Aliquam lorem ante, dapibus in, viverra quis, feugiat a, tellus.</p>','0','27','0.00','active','1000','','','1','publishSoon','1','Nguyên Phong','Kim Đồng','Bìa Cứng','0','0','0','2018-11-30 15:23:10','2018-12-02 19:28:05');
/*!40000 ALTER TABLE `product` ENABLE KEYS */;

DROP TABLE IF EXISTS `product_buy_together`;
CREATE TABLE `product_buy_together` (
  `id` int(10) unsigned NOT NULL AUTO_INCREMENT,
  `product_id` int(11) NOT NULL,
  `product_title` varchar(255) COLLATE utf8_unicode_ci NOT NULL,
  `product_buy_together_id` int(11) NOT NULL DEFAULT '0',
  `product_buy_together_title` varchar(255) COLLATE utf8_unicode_ci NOT NULL DEFAULT '',
  `price_sale` int(11) NOT NULL,
  `promotion` int(11) NOT NULL DEFAULT '0',
  `status` varchar(255) COLLATE utf8_unicode_ci NOT NULL DEFAULT 'active',
  `created_at` timestamp NULL DEFAULT NULL,
  `updated_at` timestamp NULL DEFAULT NULL,
  PRIMARY KEY (`id`)
) ENGINE=InnoDB DEFAULT CHARSET=utf8 COLLATE=utf8_unicode_ci;

/*!40000 ALTER TABLE `product_buy_together` DISABLE KEYS */;
/*!40000 ALTER TABLE `product_buy_together` ENABLE KEYS */;

DROP TABLE IF EXISTS `product_translations`;
CREATE TABLE `product_translations` (
  `id` int(10) unsigned NOT NULL AUTO_INCREMENT,
  `product_id` int(11) NOT NULL,
  `lang` varchar(255) COLLATE utf8_unicode_ci NOT NULL DEFAULT 'en',
  `title` varchar(255) COLLATE utf8_unicode_ci NOT NULL DEFAULT '',
  `description` text COLLATE utf8_unicode_ci NOT NULL,
  `content` text COLLATE utf8_unicode_ci NOT NULL,
  `created_at` timestamp NULL DEFAULT NULL,
  `updated_at` timestamp NULL DEFAULT NULL,
  PRIMARY KEY (`id`)
) ENGINE=InnoDB DEFAULT CHARSET=utf8 COLLATE=utf8_unicode_ci;

/*!40000 ALTER TABLE `product_translations` DISABLE KEYS */;
/*!40000 ALTER TABLE `product_translations` ENABLE KEYS */;

DROP TABLE IF EXISTS `region`;
CREATE TABLE `region` (
  `id` int(10) unsigned NOT NULL AUTO_INCREMENT,
  `name` varchar(255) COLLATE utf8_unicode_ci NOT NULL,
  `region_code` int(11) NOT NULL,
  PRIMARY KEY (`id`)
) ENGINE=InnoDB AUTO_INCREMENT=186 DEFAULT CHARSET=utf8 COLLATE=utf8_unicode_ci;

/*!40000 ALTER TABLE `region` DISABLE KEYS */;
INSERT INTO `region` VALUES ('123','Hà Nội','1'),('124','Hà Giang','1'),('125','Cao Bằng','1'),('126','Bắc Kạn','1'),('127','Tuyên Quang','1'),('128','Lào Cai','1'),('129','Điện Biên','1'),('130','Lai Châu','1'),('131','Sơn La','1'),('132','Yên Bái','1'),('133','Hoà Bình','1'),('134','Thái Nguyên','1'),('135','Lạng Sơn','1'),('136','Quảng Ninh','1'),('137','Bắc Giang','1'),('138','Phú Thọ','1'),('139','Vĩnh Phúc','1'),('140','Bắc Ninh','1'),('141','Hải Dương','1'),('142','Hải Phòng','1'),('143','Hưng Yên','1'),('144','Thái Bình','1'),('145','Hà Nam','1'),('146','Nam Định','1'),('147','Ninh Bình','1'),('148','Thanh Hóa','2'),('149','Nghệ An','2'),('150','Hà Tĩnh','2'),('151','Quảng Bình','2'),('152','Quảng Trị','2'),('153','Thừa Thiên Huế','2'),('154','Đà Nẵng','2'),('155','Quảng Nam','2'),('156','Quảng Ngãi','2'),('157','Bình Định','2'),('158','Phú Yên','2'),('159','Khánh Hoà','2'),('160','Ninh Thuận','2'),('161','Bình Thuận','2'),('162','Kon Tum','2'),('163','Gia Lai','2'),('164','Đăk Lăk','2'),('165','Đăk Nông','2'),('166','Lâm Đồng','2'),('167','Bình Phước','3'),('168','Tây Ninh','3'),('169','Bình Dương','3'),('170','Đồng Nai','3'),('171','Bà Rịa - Vũng Tàu','3'),('172','Hồ Chí Minh','3'),('173','Long An','3'),('174','Tiền Giang','3'),('175','Bến Tre','3'),('176','Trà Vinh','3'),('177','Vĩnh Long','3'),('178','Đồng Tháp','3'),('179','An Giang','3'),('180','Kiên Giang','3'),('181','Cần Thơ','3'),('182','Hậu Giang','3'),('183','Sóc Trăng','3'),('184','Bạc Liêu','3'),('185','Cà Mau','3');
/*!40000 ALTER TABLE `region` ENABLE KEYS */;

DROP TABLE IF EXISTS `review`;
CREATE TABLE `review` (
  `id` int(10) unsigned NOT NULL AUTO_INCREMENT,
  `parent_id` int(11) NOT NULL DEFAULT '-1',
  `customer_id` int(11) NOT NULL DEFAULT '-1',
  `title` varchar(255) COLLATE utf8_unicode_ci NOT NULL DEFAULT '',
  `content` text COLLATE utf8_unicode_ci NOT NULL,
  `rating` double(8,2) NOT NULL DEFAULT '5.00',
  `post_type` varchar(255) COLLATE utf8_unicode_ci NOT NULL DEFAULT 'product',
  `post_id` int(11) NOT NULL DEFAULT '-1',
  `status` varchar(255) COLLATE utf8_unicode_ci NOT NULL DEFAULT 'inactive',
  `like` int(11) NOT NULL DEFAULT '0',
  `dislike` int(11) NOT NULL DEFAULT '0',
  `created_at` timestamp NULL DEFAULT NULL,
  `updated_at` timestamp NULL DEFAULT NULL,
  PRIMARY KEY (`id`)
) ENGINE=InnoDB AUTO_INCREMENT=3 DEFAULT CHARSET=utf8 COLLATE=utf8_unicode_ci;

/*!40000 ALTER TABLE `review` DISABLE KEYS */;
INSERT INTO `review` VALUES ('1','-1','100007','Hà Test Rating</br>Curabitur ullamcorper ultricies nisi','Curabitur ullamcorper ultricies nisi\nCurabitur ullamcorper ultricies nisi\n\n\n','3.00','product','2','active','10','0','2018-12-01 17:43:11','2018-12-01 17:55:28'),('2','-1','100002','Hà Test Rating 3</br>Curabitur ullamcorper ultricies nisi 2','Curabitur ullamcorper ultricies nisi 2\n\n','3.00','product','2','active','5','0','2018-12-01 17:54:46','2018-12-01 17:55:04');
/*!40000 ALTER TABLE `review` ENABLE KEYS */;

DROP TABLE IF EXISTS `role`;
CREATE TABLE `role` (
  `id` int(10) unsigned NOT NULL AUTO_INCREMENT,
  `title` varchar(255) COLLATE utf8_unicode_ci NOT NULL,
  `created_at` timestamp NULL DEFAULT NULL,
  `updated_at` timestamp NULL DEFAULT NULL,
  PRIMARY KEY (`id`)
) ENGINE=InnoDB AUTO_INCREMENT=6 DEFAULT CHARSET=utf8 COLLATE=utf8_unicode_ci;

/*!40000 ALTER TABLE `role` DISABLE KEYS */;
INSERT INTO `role` VALUES ('1','Quản trị viên cấp cao','2018-11-28 10:03:32','2018-11-28 10:03:32'),('2','Quản trị viên nội dung','2018-11-28 10:03:32','2018-11-28 10:03:32'),('3','Quản trị viên đơn hàng','2018-11-28 10:03:32','2018-11-28 10:03:32'),('4','Quản trị viên bài viết','2018-11-28 10:03:32','2018-11-28 10:03:32'),('5','Quản trị viên sản phẩm','2018-11-28 10:03:32','2018-11-28 10:03:32');
/*!40000 ALTER TABLE `role` ENABLE KEYS */;

DROP TABLE IF EXISTS `sale`;
CREATE TABLE `sale` (
  `id` int(10) unsigned NOT NULL AUTO_INCREMENT,
  `title` varchar(255) COLLATE utf8_unicode_ci NOT NULL,
  `description` text COLLATE utf8_unicode_ci NOT NULL,
  `type` varchar(255) COLLATE utf8_unicode_ci NOT NULL DEFAULT '',
  `value` int(11) NOT NULL DEFAULT '0',
  `start_date` date NOT NULL DEFAULT '2018-11-28',
  `end_date` date NOT NULL DEFAULT '2018-11-28',
  `status` varchar(255) COLLATE utf8_unicode_ci NOT NULL DEFAULT 'active',
  `type_relation` varchar(255) COLLATE utf8_unicode_ci NOT NULL DEFAULT 'product',
  `created_at` timestamp NULL DEFAULT NULL,
  `updated_at` timestamp NULL DEFAULT NULL,
  PRIMARY KEY (`id`)
) ENGINE=InnoDB DEFAULT CHARSET=utf8 COLLATE=utf8_unicode_ci;

/*!40000 ALTER TABLE `sale` DISABLE KEYS */;
/*!40000 ALTER TABLE `sale` ENABLE KEYS */;

DROP TABLE IF EXISTS `sale_product`;
CREATE TABLE `sale_product` (
  `id` int(10) unsigned NOT NULL AUTO_INCREMENT,
  `sale_id` int(11) NOT NULL,
  `type_id` int(11) NOT NULL,
  `created_at` timestamp NULL DEFAULT NULL,
  `updated_at` timestamp NULL DEFAULT NULL,
  PRIMARY KEY (`id`)
) ENGINE=InnoDB DEFAULT CHARSET=utf8 COLLATE=utf8_unicode_ci;

/*!40000 ALTER TABLE `sale_product` DISABLE KEYS */;
/*!40000 ALTER TABLE `sale_product` ENABLE KEYS */;

DROP TABLE IF EXISTS `seo`;
CREATE TABLE `seo` (
  `id` int(10) unsigned NOT NULL AUTO_INCREMENT,
  `meta_title` text COLLATE utf8_unicode_ci NOT NULL,
  `meta_description` text COLLATE utf8_unicode_ci NOT NULL,
  `meta_keyword` text COLLATE utf8_unicode_ci NOT NULL,
  `meta_robots` text COLLATE utf8_unicode_ci NOT NULL,
  `meta_image` text COLLATE utf8_unicode_ci NOT NULL,
  `type` varchar(255) COLLATE utf8_unicode_ci NOT NULL DEFAULT '',
  `type_id` int(11) NOT NULL DEFAULT '0',
  `created_at` timestamp NULL DEFAULT NULL,
  `updated_at` timestamp NULL DEFAULT NULL,
  PRIMARY KEY (`id`)
) ENGINE=InnoDB AUTO_INCREMENT=65 DEFAULT CHARSET=utf8 COLLATE=utf8_unicode_ci;

/*!40000 ALTER TABLE `seo` DISABLE KEYS */;
INSERT INTO `seo` VALUES ('1','cuong test','','','index, follow','','product','1','2018-11-28 15:17:55','2018-11-28 15:24:42'),('2','GIỚI THIỆU NHÀ SÁCH VĂN LANG','','','index, follow','','page','1','2018-11-30 10:38:20','2018-11-30 10:39:52'),('3','CHÍNH SÁCH KHÁCH MUA SỈ','','','index, follow','','page','2','2018-11-30 10:41:52','2018-11-30 10:42:24'),('4','PHƯƠNG THỨC THANH TOÁN','','','index, follow','','page','3','2018-11-30 10:43:43','2018-11-30 11:06:37'),('5','Phương thức vận chuyển','','','index, follow','','page','4','2018-11-30 11:07:29','2018-11-30 11:07:37'),('6','Tác giả','','','index, follow','','blog','1','2018-11-30 11:46:00','2018-11-30 11:46:00'),('7','Tác giả Osho','','','index, follow','','article','1','2018-11-30 11:56:21','2018-12-01 11:08:30'),('8','Tác giả Osho','','','index, follow','','article','2','2018-11-30 12:03:51','2018-11-30 15:29:05'),('9','Tác giả Osho','','','index, follow','','article','3','2018-11-30 12:04:38','2018-12-01 11:00:52'),('10','Tác giả Osho','','','index, follow','','article','4','2018-11-30 14:04:50','2018-11-30 15:25:51'),('11','Tác giả Osho','','','index, follow','','article','5','2018-11-30 14:08:03','2018-12-01 11:08:48'),('12','Tác giả Osho','','','index, follow','','article','6','2018-11-30 14:08:28','2018-11-30 14:08:41'),('13','Tác giả Osho','','','index, follow','','article','7','2018-11-30 14:08:55','2018-11-30 14:09:14'),('14','Tác giả Osho','','','index, follow','','article','8','2018-11-30 14:10:14','2018-11-30 14:49:15'),('15','Tác giả Osho','','','index, follow','','article','9','2018-11-30 14:10:40','2018-11-30 14:10:55'),('16','Tác giả Osho','','','index, follow','','article','10','2018-11-30 14:11:05','2018-12-01 11:03:43'),('17','Tác giả Osho','','','index, follow','','article','11','2018-11-30 14:11:27','2018-12-01 11:08:04'),('18','Tác giả Osho','','','index, follow','','article','12','2018-11-30 14:11:58','2018-12-01 11:07:54'),('19','Daily Deals','','','index, follow','','collection','1','2018-11-30 14:24:14','2018-12-01 15:58:39'),('20','Curabitur ullamcorper ultricies nisi','','','index, follow','','product','2','2018-11-30 14:29:52','2018-11-30 14:34:51'),('21','Curabitur ullamcorper ultricies nisi','','','index, follow','','product','3','2018-11-30 14:42:42','2018-11-30 14:43:07'),('22','Curabitur ullamcorper ultricies nisi','','','index, follow','','product','4','2018-11-30 14:43:20','2018-11-30 14:43:34'),('23','Curabitur ullamcorper ultricies nisi','','','index, follow','','product','5','2018-11-30 14:43:50','2018-11-30 14:44:14'),('24','Curabitur ullamcorper ultricies nisi','','','index, follow','','product','6','2018-11-30 14:44:25','2018-11-30 14:44:46'),('25','Curabitur ullamcorper ultricies nisi','','','index, follow','','product','7','2018-11-30 14:44:56','2018-11-30 14:45:21'),('26','Curabitur ullamcorper ultricies nisi','','','index, follow','','product','8','2018-11-30 14:45:33','2018-11-30 14:45:48'),('27','Curabitur ullamcorper ultricies nisi','','','index, follow','','product','9','2018-11-30 14:46:00','2018-11-30 14:46:18'),('28','Curabitur ullamcorper ultricies nisi','','','index, follow','','product','10','2018-11-30 14:46:30','2018-11-30 14:46:50'),('29','Curabitur ullamcorper ultricies nisi','','','index, follow','','product','11','2018-11-30 14:47:02','2018-11-30 14:47:24'),('30','Curabitur ullamcorper ultricies nisi','','','index, follow','','product','12','2018-11-30 14:47:36','2018-11-30 14:47:58'),('31','Curabitur ullamcorper ultricies nisi','','','index, follow','','product','13','2018-11-30 14:55:23','2018-11-30 14:55:59'),('32','Curabitur ullamcorper ultricies nisi','','','index, follow','','product','14','2018-11-30 14:56:11','2018-11-30 14:56:32'),('33','Curabitur ullamcorper ultricies nisi','','','index, follow','','product','15','2018-11-30 14:56:56','2018-11-30 15:10:14'),('34','Curabitur ullamcorper ultricies nisi','','','index, follow','','product','16','2018-11-30 14:59:03','2018-11-30 14:59:29'),('35','Curabitur ullamcorper ultricies nisi','','','index, follow','','product','17','2018-11-30 14:59:42','2018-11-30 15:00:10'),('36','Curabitur ullamcorper ultricies nisi','','','index, follow','','product','18','2018-11-30 15:00:20','2018-11-30 15:00:39'),('37','Curabitur ullamcorper ultricies nisi','','','index, follow','','product','19','2018-11-30 15:00:51','2018-11-30 15:01:08'),('38','Curabitur ullamcorper ultricies nisi','','','index, follow','','product','20','2018-11-30 15:01:18','2018-11-30 16:02:03'),('39','Curabitur ullamcorper ultricies nisi','','','index, follow','','product','21','2018-11-30 15:03:14','2018-11-30 15:58:30'),('40','Curabitur ullamcorper ultricies nisi','','','index, follow','','product','22','2018-11-30 15:08:51','2018-11-30 16:00:02'),('41','Curabitur ullamcorper ultricies nisi','','','index, follow','','product','23','2018-11-30 15:11:06','2018-11-30 16:00:15'),('42','Curabitur ullamcorper ultricies nisi','','','index, follow','','product','24','2018-11-30 15:17:41','2018-11-30 15:35:47'),('43','Curabitur ullamcorper ultricies nisi','','','index, follow','','product','25','2018-11-30 15:19:35','2018-11-30 15:35:31'),('44','Curabitur ullamcorper ultricies nisi','','','index, follow','','product','26','2018-11-30 15:20:09','2018-11-30 15:35:19'),('45','Curabitur ullamcorper ultricies nisi','','','index, follow','','product','27','2018-11-30 15:20:51','2018-11-30 15:35:07'),('46','Curabitur ullamcorper ultricies nisi','','','index, follow','','product','28','2018-11-30 15:21:14','2018-11-30 15:59:31'),('47','Curabitur ullamcorper ultricies nisi','','','index, follow','','product','29','2018-11-30 15:22:06','2018-11-30 15:59:20'),('48','Curabitur ullamcorper ultricies nisi','','','index, follow','','product','30','2018-11-30 15:22:36','2018-11-30 15:59:12'),('49','Curabitur ullamcorper ultricies nisi','','','index, follow','','product','31','2018-11-30 15:23:10','2018-12-02 19:28:06'),('50','Sách bán chạy','','','index, follow','','collection','2','2018-11-30 15:48:56','2018-11-30 16:11:47'),('51','Top sách của năm','','','index, follow','','collection','3','2018-11-30 16:06:14','2018-12-01 16:05:00'),('52','Deals','','','index, follow','','collection','4','2018-11-30 16:13:14','2018-11-30 16:13:58'),('53','Lịch lò xo','','','index, follow','','collection','5','2018-11-30 16:24:35','2018-11-30 16:24:35'),('54','Lịch Bloc','','','index, follow','','collection','6','2018-11-30 16:24:52','2018-11-30 16:24:52'),('55','Lịch bàn','','','index, follow','','collection','7','2018-11-30 16:25:08','2018-11-30 16:25:08'),('56','Sổ tay','','','index, follow','','collection','8','2018-11-30 16:25:25','2018-11-30 16:25:25'),('57','Sắp phát hành','','','index, follow','','collection','9','2018-12-01 10:44:39','2018-12-01 10:44:39'),('58','CHÍNH SÁCH ĐỔI TRẢ','','','index, follow','','page','5','2018-12-01 14:40:48','2018-12-01 14:47:59'),('59','Tin tức','','','index, follow','','blog','2','2018-12-01 15:01:33','2018-12-01 15:10:09'),('60','Phasellus viverra nulla ut metus','','','index, follow','','article','13','2018-12-01 15:02:24','2018-12-01 15:08:22'),('61','Phasellus viverra nulla ut metus','','','index, follow','','article','14','2018-12-01 15:02:43','2018-12-01 15:03:38'),('62','Phasellus viverra nulla ut metus','','','index, follow','','article','15','2018-12-01 15:03:47','2018-12-01 15:04:03'),('63','Phasellus viverra nulla ut metus','','','index, follow','','article','16','2018-12-01 15:04:17','2018-12-01 15:04:37'),('64','Phasellus viverra nulla ut metus','','','index, follow','','article','17','2018-12-01 15:04:45','2018-12-01 15:05:13');
/*!40000 ALTER TABLE `seo` ENABLE KEYS */;

DROP TABLE IF EXISTS `seo_translations`;
CREATE TABLE `seo_translations` (
  `id` int(10) unsigned NOT NULL AUTO_INCREMENT,
  `seo_id` int(11) NOT NULL,
  `lang` varchar(255) COLLATE utf8_unicode_ci NOT NULL DEFAULT 'en',
  `meta_title` text COLLATE utf8_unicode_ci NOT NULL,
  `meta_description` text COLLATE utf8_unicode_ci NOT NULL,
  `meta_keyword` text COLLATE utf8_unicode_ci NOT NULL,
  `created_at` timestamp NULL DEFAULT NULL,
  `updated_at` timestamp NULL DEFAULT NULL,
  PRIMARY KEY (`id`)
) ENGINE=InnoDB DEFAULT CHARSET=utf8 COLLATE=utf8_unicode_ci;

/*!40000 ALTER TABLE `seo_translations` DISABLE KEYS */;
/*!40000 ALTER TABLE `seo_translations` ENABLE KEYS */;

DROP TABLE IF EXISTS `shipping_address`;
CREATE TABLE `shipping_address` (
  `id` int(10) unsigned NOT NULL AUTO_INCREMENT,
  `order_id` int(11) NOT NULL,
  `name` varchar(255) COLLATE utf8_unicode_ci NOT NULL,
  `email` varchar(255) COLLATE utf8_unicode_ci NOT NULL DEFAULT '',
  `phone` varchar(255) COLLATE utf8_unicode_ci NOT NULL DEFAULT '',
  `address` varchar(255) COLLATE utf8_unicode_ci NOT NULL DEFAULT '',
  `region` int(11) NOT NULL,
  `subregion` int(11) NOT NULL,
  `created_at` timestamp NULL DEFAULT NULL,
  `updated_at` timestamp NULL DEFAULT NULL,
  PRIMARY KEY (`id`)
) ENGINE=InnoDB AUTO_INCREMENT=11 DEFAULT CHARSET=utf8 COLLATE=utf8_unicode_ci;

/*!40000 ALTER TABLE `shipping_address` DISABLE KEYS */;
INSERT INTO `shipping_address` VALUES ('1','1','ha','ashley.opeia@gmail.com','0888572345','123 test','171','516','2018-12-01 10:18:16','2018-12-01 10:18:16'),('2','2','Thảo','ashley.opeia@gmail.com','0134678900','123','137','140','2018-12-01 14:33:15','2018-12-01 14:33:15'),('3','3','ha','jjjj@gmail.com','0234555666','124 tres','171','517','2018-12-01 14:34:34','2018-12-01 14:34:34'),('4','4','Hà Test','test@gmail.com','0987666555','123 Tô Hiến Thành','126','38','2018-12-01 15:17:25','2018-12-01 15:17:25'),('5','5','Hà','test@gmail.com','0987666555','123','126','38','2018-12-01 15:24:37','2018-12-01 15:24:37'),('6','6','ha test 2','test2@gmail.com','0666777888','123 Nguyễn Kiệm','179','602','2018-12-01 16:31:00','2018-12-01 16:31:00'),('7','7','ha3','test3@gmail.com','0888999666','fghgjh','171','516','2018-12-01 16:35:15','2018-12-01 16:35:15'),('8','8','ha4','test4@gmail.com','0888888888','gvkhk','171','517','2018-12-01 16:38:23','2018-12-01 16:38:23'),('9','9','Trần','test@gmail.com','0234567899','vhabdjad','137','144','2018-12-01 16:58:07','2018-12-01 16:58:07'),('10','10','ha4','test4@gmail.com','0888888888','gvkhk','171','517','2018-12-01 17:41:54','2018-12-01 17:41:54');
/*!40000 ALTER TABLE `shipping_address` ENABLE KEYS */;

DROP TABLE IF EXISTS `shipping_fee_region`;
CREATE TABLE `shipping_fee_region` (
  `id` int(10) unsigned NOT NULL AUTO_INCREMENT,
  `title` varchar(255) COLLATE utf8_unicode_ci NOT NULL,
  `type` varchar(255) COLLATE utf8_unicode_ci NOT NULL,
  `price` int(11) NOT NULL,
  `from` int(11) NOT NULL,
  `to` int(11) NOT NULL,
  `region_id` int(11) NOT NULL,
  `created_at` timestamp NULL DEFAULT NULL,
  `updated_at` timestamp NULL DEFAULT NULL,
  PRIMARY KEY (`id`)
) ENGINE=InnoDB DEFAULT CHARSET=utf8 COLLATE=utf8_unicode_ci;

/*!40000 ALTER TABLE `shipping_fee_region` DISABLE KEYS */;
/*!40000 ALTER TABLE `shipping_fee_region` ENABLE KEYS */;

DROP TABLE IF EXISTS `shipping_fee_subregion`;
CREATE TABLE `shipping_fee_subregion` (
  `id` int(10) unsigned NOT NULL AUTO_INCREMENT,
  `subregion_id` int(11) NOT NULL,
  `shipping_fee_region_id` int(11) NOT NULL,
  `price` int(11) NOT NULL,
  `created_at` timestamp NULL DEFAULT NULL,
  `updated_at` timestamp NULL DEFAULT NULL,
  PRIMARY KEY (`id`)
) ENGINE=InnoDB DEFAULT CHARSET=utf8 COLLATE=utf8_unicode_ci;

/*!40000 ALTER TABLE `shipping_fee_subregion` DISABLE KEYS */;
/*!40000 ALTER TABLE `shipping_fee_subregion` ENABLE KEYS */;

DROP TABLE IF EXISTS `shipping_order`;
CREATE TABLE `shipping_order` (
  `id` int(10) unsigned NOT NULL AUTO_INCREMENT,
  `order_id` int(11) NOT NULL,
  `status` int(11) NOT NULL,
  `shipping_method` text COLLATE utf8_unicode_ci NOT NULL,
  `label_id` text COLLATE utf8_unicode_ci NOT NULL,
  `reason_code` int(11) NOT NULL,
  `weight` text COLLATE utf8_unicode_ci NOT NULL,
  `reason` text COLLATE utf8_unicode_ci NOT NULL,
  `fee` int(11) NOT NULL,
  `pick_time` text COLLATE utf8_unicode_ci NOT NULL,
  `deliver_time` text COLLATE utf8_unicode_ci NOT NULL,
  `created_at` timestamp NULL DEFAULT NULL,
  `updated_at` timestamp NULL DEFAULT NULL,
  PRIMARY KEY (`id`)
) ENGINE=InnoDB DEFAULT CHARSET=utf8 COLLATE=utf8_unicode_ci;

/*!40000 ALTER TABLE `shipping_order` DISABLE KEYS */;
/*!40000 ALTER TABLE `shipping_order` ENABLE KEYS */;

DROP TABLE IF EXISTS `slug`;
CREATE TABLE `slug` (
  `id` int(10) unsigned NOT NULL AUTO_INCREMENT,
  `post_id` int(11) NOT NULL,
  `post_type` varchar(255) COLLATE utf8_unicode_ci NOT NULL,
  `lang` varchar(255) COLLATE utf8_unicode_ci NOT NULL,
  `handle` varchar(255) COLLATE utf8_unicode_ci NOT NULL,
  `created_at` timestamp NULL DEFAULT NULL,
  `updated_at` timestamp NULL DEFAULT NULL,
  PRIMARY KEY (`id`)
) ENGINE=InnoDB AUTO_INCREMENT=67 DEFAULT CHARSET=utf8 COLLATE=utf8_unicode_ci;

/*!40000 ALTER TABLE `slug` DISABLE KEYS */;
INSERT INTO `slug` VALUES ('2','1','gallery','vi','home-slider','2018-11-30 10:02:20','2018-11-30 10:02:20'),('3','1','page','vi','gioi-thieu','2018-11-30 10:38:20','2018-11-30 10:39:52'),('4','2','page','vi','chinh-sach-khach-mua-si','2018-11-30 10:41:52','2018-11-30 10:42:24'),('5','3','page','vi','phuong-thuc-thanh-toan','2018-11-30 10:43:43','2018-11-30 11:06:37'),('6','4','page','vi','phuong-thuc-van-chuyen','2018-11-30 11:07:28','2018-11-30 11:07:37'),('7','1','blog','vi','tac-gia','2018-11-30 11:46:00','2018-11-30 11:46:00'),('8','1','article','vi','tac-gia-osho','2018-11-30 11:56:21','2018-12-01 11:08:30'),('9','2','article','vi','nguyen-phong','2018-11-30 12:03:51','2018-11-30 15:29:05'),('10','3','article','vi','doan-cuong','2018-11-30 12:04:38','2018-12-01 11:00:52'),('11','4','article','vi','an-thien','2018-11-30 14:04:50','2018-11-30 15:25:51'),('12','5','article','vi','adexen-claure','2018-11-30 14:08:03','2018-12-01 11:08:47'),('13','6','article','vi','adam-clix','2018-11-30 14:08:28','2018-11-30 14:08:40'),('14','7','article','vi','loi-co','2018-11-30 14:08:55','2018-11-30 14:09:14'),('15','8','article','vi','hoang-phong','2018-11-30 14:10:14','2018-11-30 14:49:14'),('16','9','article','vi','adam-smith','2018-11-30 14:10:40','2018-11-30 14:10:55'),('17','10','article','vi','jonh-doe','2018-11-30 14:11:05','2018-12-01 11:03:42'),('18','11','article','vi','alen-haint','2018-11-30 14:11:27','2018-12-01 11:08:03'),('19','12','article','vi','amen-crish','2018-11-30 14:11:58','2018-12-01 11:07:54'),('20','1','collection','vi','daily-deals','2018-11-30 14:24:14','2018-12-01 15:58:39'),('21','2','product','vi','curabitur-ullamcorper-ultricies-nisi','2018-11-30 14:29:52','2018-11-30 14:34:51'),('22','3','product','vi','lorem-ipsum-dolor-sit-amet-co-1','2018-11-30 14:42:42','2018-11-30 14:43:07'),('23','4','product','vi','lorem-ipsum-dolor-sit-amet-co-2','2018-11-30 14:43:20','2018-11-30 14:43:34'),('24','5','product','vi','lorem-ipsum-dolor-sit-amet-co-3','2018-11-30 14:43:50','2018-11-30 14:44:14'),('25','6','product','vi','lorem-ipsum-dolor-sit-amet-co-4','2018-11-30 14:44:25','2018-11-30 14:44:46'),('26','7','product','vi','lorem-ipsum-dolor-sit-amet-co-5','2018-11-30 14:44:56','2018-11-30 14:45:21'),('27','8','product','vi','lorem-ipsum-dolor-sit-amet-co-6','2018-11-30 14:45:33','2018-11-30 14:45:48'),('28','9','product','vi','lorem-ipsum-dolor-sit-amet-co-7','2018-11-30 14:46:00','2018-11-30 14:46:17'),('29','10','product','vi','lorem-ipsum-dolor-sit-amet-co-8','2018-11-30 14:46:30','2018-11-30 14:46:50'),('30','11','product','vi','lorem-ipsum-dolor-sit-amet-co-9','2018-11-30 14:47:02','2018-11-30 14:47:24'),('31','12','product','vi','lorem-ipsum-dolor-sit-amet-co-10','2018-11-30 14:47:36','2018-11-30 14:47:58'),('32','13','product','vi','lorem-ipsum-dolor-sit-amet-co-11','2018-11-30 14:55:23','2018-11-30 14:55:59'),('33','14','product','vi','lorem-ipsum-dolor-sit-amet-co-12','2018-11-30 14:56:11','2018-11-30 14:56:32'),('34','15','product','vi','lorem-ipsum-dolor-sit-amet-co-13','2018-11-30 14:56:56','2018-11-30 15:10:14'),('35','16','product','vi','lorem-ipsum-dolor-sit-amet-co-14','2018-11-30 14:59:03','2018-11-30 14:59:29'),('36','17','product','vi','lorem-ipsum-dolor-sit-amet-co-15','2018-11-30 14:59:42','2018-11-30 15:00:10'),('37','18','product','vi','lorem-ipsum-dolor-sit-amet-co-16','2018-11-30 15:00:20','2018-11-30 15:00:39'),('38','19','product','vi','lorem-ipsum-dolor-sit-amet-co-17','2018-11-30 15:00:51','2018-11-30 15:01:08'),('39','20','product','vi','lorem-ipsum-dolor-sit-amet-co-18','2018-11-30 15:01:18','2018-11-30 16:02:02'),('40','21','product','vi','lorem-ipsum-dolor-sit-amet-co-19','2018-11-30 15:03:14','2018-11-30 15:58:30'),('41','22','product','vi','lorem-ipsum-dolor-sit-amet-co-20','2018-11-30 15:08:51','2018-11-30 16:00:02'),('42','23','product','vi','lorem-ipsum-dolor-sit-amet-co-21','2018-11-30 15:11:06','2018-11-30 16:00:14'),('43','24','product','vi','lorem-ipsum-dolor-sit-amet-co-22','2018-11-30 15:17:41','2018-11-30 15:35:47'),('44','25','product','vi','lorem-ipsum-dolor-sit-amet-co-23','2018-11-30 15:19:35','2018-11-30 15:35:31'),('45','26','product','vi','lorem-ipsum-dolor-sit-amet-co-24','2018-11-30 15:20:09','2018-11-30 15:35:19'),('46','27','product','vi','lorem-ipsum-dolor-sit-amet-co-25','2018-11-30 15:20:51','2018-11-30 15:35:07'),('47','28','product','vi','lorem-ipsum-dolor-sit-amet-co-26','2018-11-30 15:21:14','2018-11-30 15:59:31'),('48','29','product','vi','lorem-ipsum-dolor-sit-amet-co-27','2018-11-30 15:22:06','2018-11-30 15:59:20'),('49','30','product','vi','lorem-ipsum-dolor-sit-amet-co-28','2018-11-30 15:22:36','2018-11-30 15:59:12'),('50','31','product','vi','lorem-ipsum-dolor-sit-amet-co-29','2018-11-30 15:23:10','2018-12-02 19:28:05'),('51','2','collection','vi','top-100-sach-ban-chay-nhat','2018-11-30 15:48:56','2018-11-30 16:11:46'),('52','3','collection','vi','top-sach-cua-nam','2018-11-30 16:06:14','2018-12-01 16:05:00'),('53','4','collection','vi','deals','2018-11-30 16:13:14','2018-11-30 16:13:58'),('54','5','collection','vi','lich-lo-xo','2018-11-30 16:24:35','2018-11-30 16:24:35'),('55','6','collection','vi','lich-bloc','2018-11-30 16:24:52','2018-11-30 16:24:52'),('56','7','collection','vi','lich-ban','2018-11-30 16:25:08','2018-11-30 16:25:08'),('57','8','collection','vi','so-tay','2018-11-30 16:25:25','2018-11-30 16:25:25'),('58','9','collection','vi','sap-phat-hanh','2018-12-01 10:44:39','2018-12-01 10:44:39'),('59','5','page','vi','chinh-sach-doi-tra','2018-12-01 14:40:48','2018-12-01 14:47:59'),('60','2','gallery','vi','nha-cung-cap','2018-12-01 14:52:08','2018-12-01 14:52:08'),('61','2','blog','vi','tin-tuc','2018-12-01 15:01:33','2018-12-01 15:10:09'),('62','13','article','vi','phasellus-viverra-nulla-ut-metus','2018-12-01 15:02:24','2018-12-01 15:08:22'),('63','14','article','vi','phasellus-viverra-nulla-ut-metus-2','2018-12-01 15:02:43','2018-12-01 15:03:38'),('64','15','article','vi','phasellus-viverra-nulla-ut-metus-3','2018-12-01 15:03:47','2018-12-01 15:04:03'),('65','16','article','vi','phasellus-viverra-nulla-ut-metus-4','2018-12-01 15:04:17','2018-12-01 15:04:37'),('66','17','article','vi','phasellus-viverra-nulla-ut-metus-5','2018-12-01 15:04:45','2018-12-01 15:05:13');
/*!40000 ALTER TABLE `slug` ENABLE KEYS */;

DROP TABLE IF EXISTS `social_account`;
CREATE TABLE `social_account` (
  `id` int(10) unsigned NOT NULL AUTO_INCREMENT,
  `user_id` int(11) NOT NULL,
  `provider_user_id` varchar(255) COLLATE utf8_unicode_ci NOT NULL,
  `provider` varchar(255) COLLATE utf8_unicode_ci NOT NULL,
  `created_at` timestamp NULL DEFAULT NULL,
  `updated_at` timestamp NULL DEFAULT NULL,
  PRIMARY KEY (`id`)
) ENGINE=InnoDB AUTO_INCREMENT=3 DEFAULT CHARSET=utf8 COLLATE=utf8_unicode_ci;

/*!40000 ALTER TABLE `social_account` DISABLE KEYS */;
INSERT INTO `social_account` VALUES ('1','100000','1028582690624172','facebook','2018-11-30 16:35:15','2018-11-30 16:35:15'),('2','100001','1666380000079028','facebook','2018-12-01 01:07:47','2018-12-01 01:07:47');
/*!40000 ALTER TABLE `social_account` ENABLE KEYS */;

DROP TABLE IF EXISTS `statistic`;
CREATE TABLE `statistic` (
  `id` int(10) unsigned NOT NULL AUTO_INCREMENT,
  `user_agent` text COLLATE utf8_unicode_ci NOT NULL,
  `count` int(11) NOT NULL,
  `created_at` timestamp NULL DEFAULT NULL,
  `updated_at` timestamp NULL DEFAULT NULL,
  PRIMARY KEY (`id`)
) ENGINE=InnoDB AUTO_INCREMENT=15 DEFAULT CHARSET=utf8 COLLATE=utf8_unicode_ci;

/*!40000 ALTER TABLE `statistic` DISABLE KEYS */;
INSERT INTO `statistic` VALUES ('1','Mozilla/5.0 (Windows NT 10.0; Win64; x64) AppleWebKit/537.36 (KHTML, like Gecko) Chrome/70.0.3538.110 Safari/537.36','1','2018-11-28 10:04:41','2018-11-28 10:04:41'),('2','Mozilla/5.0 (Macintosh; Intel Mac OS X 10_13_6) AppleWebKit/537.36 (KHTML, like Gecko) Chrome/70.0.3538.102 Safari/537.36','3','2018-11-28 10:25:33','2018-11-28 10:25:33'),('3','Mozilla/5.0 (Macintosh; Intel Mac OS X 10_14_1) AppleWebKit/537.36 (KHTML, like Gecko) Chrome/70.0.3538.110 Safari/537.36','9','2018-11-28 10:25:46','2018-11-28 10:25:46'),('4','Mozilla/5.0 (Macintosh; Intel Mac OS X 10_13_6) AppleWebKit/537.36 (KHTML, like Gecko) Chrome/70.0.3538.102 Safari/537.36','199','2018-11-30 09:09:52','2018-11-30 09:09:52'),('5','Mozilla/5.0 (Macintosh; Intel Mac OS X 10_14_1) AppleWebKit/537.36 (KHTML, like Gecko) Chrome/70.0.3538.110 Safari/537.36','17','2018-11-30 09:20:40','2018-11-30 09:20:40'),('6','Mozilla/5.0 (Windows NT 6.1; Win64; x64; rv:63.0) Gecko/20100101 Firefox/63.0','1','2018-11-30 09:43:09','2018-11-30 09:43:09'),('7','Mozilla/5.0 (Windows NT 10.0; Win64; x64) AppleWebKit/537.36 (KHTML, like Gecko) Chrome/70.0.3538.110 Safari/537.36','3','2018-11-30 10:25:44','2018-11-30 10:25:44'),('8','Mozilla/5.0 (Linux; Android 6.0; Nexus 5 Build/MRA58N) AppleWebKit/537.36 (KHTML, like Gecko) Chrome/70.0.3538.110 Mobile Safari/537.36','3','2018-11-30 10:27:05','2018-11-30 10:27:05'),('9','Mozilla/5.0 (Macintosh; Intel Mac OS X 10_14_1) AppleWebKit/537.36 (KHTML, like Gecko) Chrome/70.0.3538.110 Safari/537.36','26','2018-12-01 01:07:38','2018-12-01 01:07:38'),('10','Mozilla/5.0 (Macintosh; Intel Mac OS X 10_13_6) AppleWebKit/537.36 (KHTML, like Gecko) Chrome/70.0.3538.102 Safari/537.36','472','2018-12-01 10:08:33','2018-12-01 10:08:33'),('11','Mozilla/5.0 (Windows NT 6.1; Win64; x64; rv:63.0) Gecko/20100101 Firefox/63.0','8','2018-12-01 10:31:06','2018-12-01 10:31:06'),('12','Mozilla/5.0 (Macintosh; Intel Mac OS X 10_13_6) AppleWebKit/537.36 (KHTML, like Gecko) Chrome/70.0.3538.110 Safari/537.36','41','2018-12-01 11:46:51','2018-12-01 11:46:51'),('13','facebookexternalhit/1.1 (+http://www.facebook.com/externalhit_uatext.php)','1','2018-12-01 15:06:33','2018-12-01 15:06:33'),('14','Mozilla/5.0 (Macintosh; Intel Mac OS X 10_13_6) AppleWebKit/537.36 (KHTML, like Gecko) Chrome/70.0.3538.110 Safari/537.36','3','2018-12-02 19:21:30','2018-12-02 19:21:30');
/*!40000 ALTER TABLE `statistic` ENABLE KEYS */;

DROP TABLE IF EXISTS `subregion`;
CREATE TABLE `subregion` (
  `id` int(10) unsigned NOT NULL AUTO_INCREMENT,
  `name` varchar(255) COLLATE utf8_unicode_ci NOT NULL,
  `region_id` varchar(255) COLLATE utf8_unicode_ci NOT NULL,
  PRIMARY KEY (`id`)
) ENGINE=InnoDB AUTO_INCREMENT=713 DEFAULT CHARSET=utf8 COLLATE=utf8_unicode_ci;

/*!40000 ALTER TABLE `subregion` DISABLE KEYS */;
INSERT INTO `subregion` VALUES ('1','Quận Hoàn Kiếm','123'),('2','Quận Tây Hồ','123'),('3','Quận Long Biên','123'),('4','Quận Cầu Giấy','123'),('5','Quận Đống Đa','123'),('6','Quận Hai Bà Trưng','123'),('7','Quận Hoàng Mai','123'),('8','Quận Thanh Xuân','123'),('9','Huyện Sóc Sơn','123'),('10','Huyện Đông Anh','123'),('11','Huyện Gia Lâm','123'),('12','Quận Nam Từ Liêm','123'),('13','Huyện Thanh Trì','123'),('14','Thị xã Hà Giang','124'),('15','Huyện Đồng Văn','124'),('16','Huyện Mèo Vạc','124'),('17','Huyện Yên Minh','124'),('18','Huyện Quản Bạ','124'),('19','Huyện Vị Xuyên','124'),('20','Huyện Bắc Mê','124'),('21','Huyện Hoàng Su Phì','124'),('22','Huyện Xín Mần','124'),('23','Huyện Bắc Quang','124'),('24','Huyện Quang Bình','124'),('25','Thành phố Cao Bằng','125'),('26','Huyện Bảo Lâm','125'),('27','Huyện Bảo Lạc','125'),('28','Huyện Thông Nông','125'),('29','Huyện Hà Quảng','125'),('30','Huyện Trà Lĩnh','125'),('31','Huyện Trùng Khánh','125'),('32','Huyện Hạ Lang','125'),('33','Huyện Quảng Uyên','125'),('34','Huyện Phục Hoà','125'),('35','Huyện Hoà An','125'),('36','Huyện Nguyên Bình','125'),('37','Huyện Thạch An','125'),('38','Thành phố Bắc Kạn','126'),('39','Huyện Pác Nặm','126'),('40','Huyện Ba Bể','126'),('41','Huyện Ngân Sơn','126'),('42','Huyện Bạch Thông','126'),('43','Huyện Chợ Đồn','126'),('44','Huyện Chợ Mới','126'),('45','Huyện Na Rì','126'),('46','Thành phố Tuyên Quang','127'),('47','Huyện Na Hang','127'),('48','Huyện Chiêm Hóa','127'),('49','Huyện Hàm Yên','127'),('50','Huyện Yên Sơn','127'),('51','Huyện Sơn Dương','127'),('52','Thành phố Lào Cai','128'),('53','Huyện Bát Xát','128'),('54','Huyện Mường Khương','128'),('55','Huyện Si Ma Cai','128'),('56','Huyện Bắc Hà','128'),('57','Huyện Bảo Thắng','128'),('58','Huyện Bảo Yên','128'),('59','Huyện Sa Pa','128'),('60','Huyện Văn Bàn','128'),('61','Thành phố Điện Biên Phủ','129'),('62','Thị xã Mường Lay','129'),('63','Huyện Mường Nhé','129'),('64','Huyện Mường Chà','129'),('65','Huyện Tủa Chùa','129'),('66','Huyện Tuần Giáo','129'),('67','Huyện Điện Biên','129'),('68','Huyện Điện Biên Đông','129'),('69','Huyện Tam Đường','130'),('70','Huyện Mường Tè','130'),('71','Huyện Sìn Hồ','130'),('72','Huyện Phong Thổ','130'),('73','Huyện Than Uyên','130'),('74','Thị xã Lai châu','130'),('75','Thành phố Sơn La','131'),('76','Huyện Quỳnh Nhai','131'),('77','Huyện Thuận Châu','131'),('78','Huyện Mường La','131'),('79','Huyện Bắc Yên','131'),('80','Huyện Phù Yên','131'),('81','Huyện Mộc Châu','131'),('82','Huyện Yên Châu','131'),('83','Huyện Mai Sơn','131'),('84','Huyện Sông Mã','131'),('85','Huyện Sốp Cộp','131'),('86','Thành phố Yên Bái','132'),('87','Thị xã Nghĩa Lộ','132'),('88','Huyện Lục Yên','132'),('89','Huyện Văn Yên','132'),('90','Huyện Mù Căng Chải','132'),('91','Huyện Trấn Yên','132'),('92','Huyện Trạm Tấu','132'),('93','Huyện Văn Chấn','132'),('94','Huyện Yên Bình','132'),('95','Thị xã Hòa Bình','133'),('96','Huyện Đà Bắc','133'),('97','Huyện Kỳ Sơn','133'),('98','Huyện Lương Sơn','133'),('99','Huyện Kim Bôi','133'),('100','Huyện Cao Phong','133'),('101','Huyện Tân Lạc','133'),('102','Huyện Mai Châu','133'),('103','Huyện Lạc Sơn','133'),('104','Huyện Yên Thủy','133'),('105','Huyện Lạc Thủy','133'),('106','Thành phố Thái Nguyên','134'),('107','Thành phố Sông Công','134'),('108','Huyện Định Hóa','134'),('109','Huyện Phú Lương','134'),('110','Huyện Đồng Hỷ','134'),('111','Huyện Võ Nhai','134'),('112','Huyện Đại Từ','134'),('113','Thị xã Phổ Yên','134'),('114','Huyện Phú Bình','134'),('115','Thành phố Lạng Sơn','135'),('116','Huyện Tràng Định','135'),('117','Huyện Bình Gia','135'),('118','Huyện Văn Lãng','135'),('119','Huyện Cao Lộc','135'),('120','Huyện Văn Quan','135'),('121','Huyện Bắc Sơn','135'),('122','Huyện Hữu Lũng','135'),('123','Huyện Chi Lăng','135'),('124','Huyện Lộc Bình','135'),('125','Huyện Đình Lập','135'),('126','Thành phố Hạ Long','136'),('127','Thành phố Móng Cái','136'),('128','Thành phố Cẩm Phả','136'),('129','Thành phố Uông Bí','136'),('130','Huyện Bình Liêu','136'),('131','Huyện Tiên Yên','136'),('132','Huyện Đầm Hà','136'),('133','Huyện Hải Hà','136'),('134','Huyện Ba Chẽ','136'),('135','Huyện Vân Đồn','136'),('136','Huyện Hoành Bồ','136'),('137','Thị xã Đông Triều','136'),('138','Thị xã Quảng Yên','136'),('139','Huyện Cô Tô','136'),('140','Thành phố Bắc Giang','137'),('141','Huyện Yên Thế','137'),('142','Huyện Tân Yên','137'),('143','Huyện Lạng Giang','137'),('144','Huyện Lục Nam','137'),('145','Huyện Lục Ngạn','137'),('146','Huyện Sơn Động','137'),('147','Huyện Yên Dũng','137'),('148','Huyện Việt Yên','137'),('149','Huyện Hiệp Hòa','137'),('150','Thành phố Việt Trì','138'),('151','Thị xã Phú Thọ','138'),('152','Huyện Đoan Hùng','138'),('153','Huyện Hạ Hoà','138'),('154','Huyện Thanh Ba','138'),('155','Huyện Phù Ninh','138'),('156','Huyện Yên Lập','138'),('157','Huyện Cẩm Khê','138'),('158','Huyện Tam Nông','138'),('159','Huyện Lâm Thao','138'),('160','Huyện Thanh Sơn','138'),('161','Huyện Thanh Thuỷ','138'),('162','Thành phố Vĩnh Yên','139'),('163','Thị xã Phúc Yên','139'),('164','Huyện Lập Thạch','139'),('165','Huyện Tam Dương','139'),('166','Huyện Tam Đảo','139'),('167','Huyện Bình Xuyên','139'),('168','Huyện Mê Linh','123'),('169','Huyện Yên Lạc','139'),('170','Huyện Vĩnh Tường','139'),('171','Thành phố Bắc Ninh','140'),('172','Huyện Yên Phong','140'),('173','Huyện Quế Võ','140'),('174','Huyện Tiên Du','140'),('175','Thị xã Từ Sơn','140'),('176','Huyện Thuận Thành','140'),('177','Huyện Gia Bình','140'),('178','Huyện Lương Tài','140'),('179','Quận Hà Đông','123'),('180','Thị xã Sơn Tây','123'),('181','Huyện Ba Vì','123'),('182','Huyện Phúc Thọ','123'),('183','Huyện Đan Phượng','123'),('184','Huyện Hoài Đức','123'),('185','Huyện Quốc Oai','123'),('186','Huyện Thạch Thất','123'),('187','Huyện Chương Mỹ','123'),('188','Huyện Thanh Oai','123'),('189','Huyện Thường Tín','123'),('190','Huyện Phú Xuyên','123'),('191','Huyện ứng Hòa','123'),('192','Huyện Mỹ Đức','123'),('193','Thành phố Hải Dương','141'),('194','Thị xã Chí Linh','141'),('195','Huyện Nam Sách','141'),('196','Huyện Kinh Môn','141'),('197','Huyện Kim Thành','141'),('198','Huyện Thanh Hà','141'),('199','Huyện Cẩm Giàng','141'),('200','Huyện Bình Giang','141'),('201','Huyện Gia Lộc','141'),('202','Huyện Tứ Kỳ','141'),('203','Huyện Ninh Giang','141'),('204','Huyện Thanh Miện','141'),('205','Quận Hồng Bàng','142'),('206','Quận Ngô Quyền','142'),('207','Quận Lê Chân','142'),('208','Quận Hải An','142'),('209','Quận Kiến An','142'),('210','Quận Đồ Sơn','142'),('211','Huyện Thuỷ Nguyên','142'),('212','Huyện An Dương','142'),('213','Huyện An Lão','142'),('214','Huyện Kiến Thuỵ','142'),('215','Huyện Tiên Lãng','142'),('216','Huyện Vĩnh Bảo','142'),('217','Huyện Cát Hải','142'),('218','Huyện Bạch Long Vĩ','142'),('219','Thành phố Hưng Yên','143'),('220','Huyện Văn Lâm','143'),('221','Huyện Văn Giang','143'),('222','Huyện Yên Mỹ','143'),('223','Huyện Mỹ Hào','143'),('224','Huyện Ân Thi','143'),('225','Huyện Khoái Châu','143'),('226','Huyện Kim Động','143'),('227','Huyện Tiên Lữ','143'),('228','Huyện Phù Cừ','143'),('229','Thành phố Thái Bình','144'),('230','Huyện Quỳnh Phụ','144'),('231','Huyện Hưng Hà','144'),('232','Huyện Đông Hưng','144'),('233','Huyện Thái Thụy','144'),('234','Huyện Tiền Hải','144'),('235','Huyện Kiến Xương','144'),('236','Huyện Vũ Thư','144'),('237','Thành phố Phủ Lý','145'),('238','Huyện Duy Tiên','145'),('239','Huyện Kim Bảng','145'),('240','Huyện Thanh Liêm','145'),('241','Huyện Bình Lục','145'),('242','Huyện Lý Nhân','145'),('243','Thành phố Nam Định','146'),('244','Huyện Mỹ Lộc','146'),('245','Huyện Vụ Bản','146'),('246','Huyện ý Yên','146'),('247','Huyện Nghĩa Hưng','146'),('248','Huyện Nam Trực','146'),('249','Huyện Trực Ninh','146'),('250','Huyện Xuân Trường','146'),('251','Huyện Giao Thủy','146'),('252','Huyện Hải Hậu','146'),('253','Thành phố Ninh Bình','147'),('254','Thành phố Tam Điệp','147'),('255','Huyện Nho Quan','147'),('256','Huyện Gia Viễn','147'),('257','Huyện Hoa Lư','147'),('258','Huyện Yên Khánh','147'),('259','Huyện Kim Sơn','147'),('260','Huyện Yên Mô','147'),('261','Thành phố Thanh Hóa','148'),('262','Thị xã Bỉm Sơn','148'),('263','Thị xã Sầm Sơn','148'),('264','Huyện Mường Lát','148'),('265','Huyện Quan Hóa','148'),('266','Huyện Bá Thước','148'),('267','Huyện Quan Sơn','148'),('268','Huyện Lang Chánh','148'),('269','Huyện Ngọc Lặc','148'),('270','Huyện Cẩm Thủy','148'),('271','Huyện Thạch Thành','148'),('272','Huyện Hà Trung','148'),('273','Huyện Vĩnh Lộc','148'),('274','Huyện Yên Định','148'),('275','Huyện Thọ Xuân','148'),('276','Huyện Thường Xuân','148'),('277','Huyện Triệu Sơn','148'),('278','Huyện Thiệu Hoá','148'),('279','Huyện Hoằng Hóa','148'),('280','Huyện Hậu Lộc','148'),('281','Huyện Nga Sơn','148'),('282','Huyện Như Xuân','148'),('283','Huyện Như Thanh','148'),('284','Huyện Nông Cống','148'),('285','Huyện Đông Sơn','148'),('286','Huyện Quảng Xương','148'),('287','Huyện Tĩnh Gia','148'),('288','Thành phố Vinh','149'),('289','Thị xã Cửa Lò','149'),('290','Huyện Quế Phong','149'),('291','Huyện Quỳ Châu','149'),('292','Huyện Tương Dương','149'),('293','Huyện Nghĩa Đàn','149'),('294','Huyện Quỳ Hợp','149'),('295','Huyện Quỳnh Lưu','149'),('296','Huyện Con Cuông','149'),('297','Huyện Tân Kỳ','149'),('298','Huyện Anh Sơn','149'),('299','Huyện Diễn Châu','149'),('300','Huyện Yên Thành','149'),('301','Huyện Đô Lương','149'),('302','Huyện Thanh Chương','149'),('303','Huyện Nghi Lộc','149'),('304','Huyện Nam Đàn','149'),('305','Huyện Hưng Nguyên','149'),('306','Thành phố Hà Tĩnh','150'),('307','Thị xã Hồng Lĩnh','150'),('308','Huyện Hương Sơn','150'),('309','Huyện Đức Thọ','150'),('310','Huyện Vũ Quang','150'),('311','Huyện Nghi Xuân','150'),('312','Huyện Can Lộc','150'),('313','Huyện Hương Khê','150'),('314','Huyện Thạch Hà','150'),('315','Huyện Cẩm Xuyên','150'),('316','Huyện Kỳ Anh','150'),('317','Thành phố Đồng Hới','151'),('318','Huyện Minh Hóa','151'),('319','Huyện Tuyên Hóa','151'),('320','Huyện Quảng Trạch','151'),('321','Huyện Bố Trạch','151'),('322','Huyện Quảng Ninh','151'),('323','Huyện Lệ Thủy','151'),('324','Thị xã Đông Hà','152'),('325','Thị xã Quảng Trị','152'),('326','Huyện Vĩnh Linh','152'),('327','Huyện Hướng Hóa','152'),('328','Huyện Gio Linh','152'),('329','Huyện Đa Krông','152'),('330','Huyện Cam Lộ','152'),('331','Huyện Triệu Phong','152'),('332','Huyện Hải Lăng','152'),('333','Huyện Đảo Cồn Cỏ','152'),('334','Thành phố Huế','153'),('335','Huyện Phong Điền','153'),('336','Huyện Quảng Điền','153'),('337','Huyện Phú Vang','153'),('338','Thị xã Hương Thủy','153'),('339','Huyện Hương Trà','153'),('340','Huyện A Lưới','153'),('341','Huyện Phú Lộc','153'),('342','Huyện Nam Đông','153'),('343','Quận Liên Chiểu','154'),('344','Quận Thanh Khê','154'),('345','Quận Hải Châu','154'),('346','Quận Sơn Trà','154'),('347','Quận Ngũ Hành Sơn','154'),('348','Huyện Hoà Vang','154'),('349','Huyện Hoàng Sa','154'),('350','Quận Cẩm Lệ','154'),('351','Thành phố Tam Kỳ','155'),('352','Thành phố Hội An','155'),('353','Huyện Tây Giang','155'),('354','Huyện Đông Giang','155'),('355','Huyện Đại Lộc','155'),('356','Thị xã Điện Bàn','155'),('357','Huyện Duy Xuyên','155'),('358','Huyện Quế Sơn','155'),('359','Huyện Nam Giang','155'),('360','Huyện Phước Sơn','155'),('361','Huyện Hiệp Đức','155'),('362','Huyện Thăng Bình','155'),('363','Huyện Tiên Phước','155'),('364','Huyện Bắc Trà My','155'),('365','Huyện Nam Trà My','155'),('366','Huyện Núi Thành','155'),('367','Huyện Phú Ninh','155'),('368','Thành phố Quảng Ngãi','156'),('369','Huyện Bình Sơn','156'),('370','Huyện Trà Bồng','156'),('371','Huyên Tây Trà','156'),('372','Huyện Sơn Tịnh','156'),('373','Huyện Tư Nghĩa','156'),('374','Huyện Sơn Hà','156'),('375','Huyện Sơn Tây','156'),('376','Huyện Minh Long','156'),('377','Huyện Nghĩa Hành','156'),('378','Huyện Mộ Đức','156'),('379','Huyện Đức Phổ','156'),('380','Huyện Ba Tơ','156'),('381','Huyện Lý Sơn','156'),('382','Thành phố Qui Nhơn','157'),('383','Huyện Hoài Nhơn','157'),('384','Huyện Hoài Ân','157'),('385','Huyện Phù Mỹ','157'),('386','Huyện Vĩnh Thạnh','157'),('387','Huyện Tây Sơn','157'),('388','Huyện Phù Cát','157'),('389','Huyện An Nhơn','157'),('390','Huyện Tuy Phước','157'),('391','Huyện Vân Canh','157'),('392','Thành Phố Tuy Hòa','158'),('393','Thị xã Sông Cầu','158'),('394','Huyện Đồng Xuân','158'),('395','Huyện Tuy An','158'),('396','Huyện Sơn Hòa','158'),('397','Huyện Sông Hinh','158'),('398','Huyện Tuy Hòa','158'),('399','Huyện Phú Hoà','158'),('400','Huyện Tây Hoà','158'),('401','Huyện Đông Hoà','158'),('402','Thành phố Nha Trang','159'),('403','Thành phố Cam Ranh','159'),('404','Huyện Vạn Ninh','159'),('405','Thị xã Ninh Hòa','159'),('406','Huyện Khánh Vĩnh','159'),('407','Huyện Diên Khánh','159'),('408','Huyện Khánh Sơn','159'),('409','Huyện Trường Sa','159'),('410','Thị xã Phan Rang-Tháp Chàm','160'),('411','Huyện Bác ái','160'),('412','Huyện Ninh Sơn','160'),('413','Huyện Ninh Hải','160'),('414','Huyện Ninh Phước','160'),('415','Huyện Thuận Bắc','160'),('416','Thành phố Phan Thiết','161'),('417','Huyện Tuy Phong','161'),('418','Huyện Bắc Bình','161'),('419','Huyện Hàm Thuận Bắc','161'),('420','Huyện Hàm Thuận Nam','161'),('421','Huyện Tánh Linh','161'),('422','Huyện Đức Linh','161'),('423','Huyện Hàm Tân','161'),('424','Huyện Phú Quí','161'),('425','Thị xã La Gi','161'),('426','Thành phố Kon Tum','162'),('427','Huyện Đắk Glei','162'),('428','Huyện Ngọc Hồi','162'),('429','Huyện Đắk Tô','162'),('430','Huyện Kon Plông','162'),('431','Huyện Kon Rẫy','162'),('432','Huyện Đắk Hà','162'),('433','Huyện Sa Thầy','162'),('434','Huyện Tu Mơ Rông','162'),('435','Thành phố Pleiku','163'),('436','Thị Xã An Khê','163'),('437','Huyện KBang','163'),('438','Huyện Đăk Đoa','163'),('439','Huyện Chư Păh','163'),('440','Huyện Ia Grai','163'),('441','Huyện Mang Yang','163'),('442','Huyện Kông Chro','163'),('443','Huyện Đức Cơ','163'),('444','Huyện Chư Prông','163'),('445','Huyện Chư Sê','163'),('446','Huyện Đăk Pơ','163'),('447','Huyện Ia Pa','163'),('448','Thị xã Ayun Pa','163'),('449','Huyện Krông Pa','163'),('450','Thành phố Buôn Ma Thuột','164'),('451','Huyện Ea H\'leo','164'),('452','Huyện Ea Súp','164'),('453','Huyện Buôn Đôn','164'),('454','Huyện Cư M\'gar','164'),('455','Huyện Krông Búk','164'),('456','Huyện Krông Năng','164'),('457','Huyện Ea Kar','164'),('458','Huyện M\'Đrắk','164'),('459','Huyện Krông Bông','164'),('460','Huyện Krông Pắc','164'),('461','Huyện Krông A Na','164'),('462','Huyện Lắk','164'),('463','Huyện Đắk Glong','165'),('464','Huyện Cư Jút','165'),('465','Huyện Đắk Mil','165'),('466','Huyện Krông Nô','165'),('467','Huyện Đắk Song','165'),('468','Huyện Đắk R\'Lấp','165'),('469','Thị xã Gia Nghĩa','165'),('470','Thành phố Đà Lạt','166'),('471','Thành phố Bảo Lộc','166'),('472','Huyện Lạc Dương','166'),('473','Huyện Lâm Hà','166'),('474','Huyện Đơn Dương','166'),('475','Huyện Đức Trọng','166'),('476','Huyện Di Linh','166'),('477','Huyện Đạ Huoai','166'),('478','Huyện Đạ Tẻh','166'),('479','Huyện Cát Tiên','166'),('480','Huyện Đam Rông','166'),('481','Thị xã Đồng Xoài','167'),('482','Huyện Bù Gia Mập','167'),('483','Huyện Lộc Ninh','167'),('484','Huyện Bù Đốp','167'),('485','Huyện Hớn Quản','167'),('486','Huyện Đồng Phú','167'),('487','Huyện Bù Đăng','167'),('488','Huyện Chơn Thành','167'),('489','Thị xã Tây Ninh','168'),('490','Huyện Tân Biên','168'),('491','Huyện Tân Châu','168'),('492','Huyện Dương Minh Châu','168'),('493','Huyện Châu Thành','168'),('494','Huyện Hòa Thành','168'),('495','Huyện Gò Dầu','168'),('496','Huyện Bến Cầu','168'),('497','Huyện Trảng Bàng','168'),('498','Thành phố Thủ Dầu Một','169'),('499','Huyện Dầu Tiếng','169'),('500','Thị xã Bến Cát','169'),('501','Huyện Phú Giáo','169'),('502','Thị xã Tân Uyên','169'),('503','Thị xã Dĩ An','169'),('504','Thị xã Thuận An','169'),('505','Thành phố Biên Hòa','170'),('506','Thị xã Long Khánh','170'),('507','Huyện Tân Phú','170'),('508','Huyện Vĩnh Cửu','170'),('509','Huyện Định Quán','170'),('510','Huyện Trảng Bom','170'),('511','Huyện Thống Nhất','170'),('512','Huyện Cẩm Mỹ','170'),('513','Huyện Long Thành','170'),('514','Huyện Xuân Lộc','170'),('515','Huyện Nhơn Trạch','170'),('516','Thành phố Vũng Tàu','171'),('517','Thị xã Bà Rịa','171'),('518','Huyện Châu Đức','171'),('519','Huyện Xuyên Mộc','171'),('520','Huyện Long Điền','171'),('521','Huyện Đất Đỏ','171'),('522','Huyện Tân Thành','171'),('523','Huyện Côn Đảo','171'),('524','Quận 1','172'),('525','Quận 12','172'),('526','Quận Thủ Đức','172'),('527','Quận 9','172'),('528','Quận Gò Vấp','172'),('529','Quận Bình Thạnh','172'),('530','Quận Tân Bình','172'),('531','Quận Tân Phú','172'),('532','Quận Phú Nhuận','172'),('533','Quận 2','172'),('534','Quận 3','172'),('535','Quận 10','172'),('536','Quận 11','172'),('537','Quận 4','172'),('538','Quận 5','172'),('539','Quận 6','172'),('540','Quận 8','172'),('541','Quận Bình Tân','172'),('542','Quận 7','172'),('543','Huyện Củ Chi','172'),('544','Huyện Hóc Môn','172'),('545','Huyện Bình Chánh','172'),('546','Huyện Nhà Bè','172'),('547','Huyện Cần Giờ','172'),('548','Thành phố Tân An','173'),('549','Huyện Tân Hưng','173'),('550','Huyện Vĩnh Hưng','173'),('551','Huyện Mộc Hóa','173'),('552','Huyện Tân Thạnh','173'),('553','Huyện Thạnh Hóa','173'),('554','Huyện Đức Huệ','173'),('555','Huyện Đức Hòa','173'),('556','Huyện Bến Lức','173'),('557','Huyện Thủ Thừa','173'),('558','Huyện Tân Trụ','173'),('559','Huyện Cần Đước','173'),('560','Huyện Cần Giuộc','173'),('561','Thành phố Mỹ Tho','174'),('562','Thị xã Gò Công','174'),('563','Huyện Tân Phước','174'),('564','Huyện Cái Bè','174'),('565','Huyện Cai Lậy','174'),('566','Huyện Chợ Gạo','174'),('567','Huyện Gò Công Tây','174'),('568','Huyện Gò Công Đông','174'),('569','Thành phố Bến Tre','175'),('570','Huyện Chợ Lách','175'),('571','Huyện Mỏ Cày Nam','175'),('572','Huyện Giồng Trôm','175'),('573','Huyện Bình Đại','175'),('574','Huyện Ba Tri','175'),('575','Huyện Thạnh Phú','175'),('576','Thành phố Trà Vinh','176'),('577','Huyện Càng Long','176'),('578','Huyện Cầu Kè','176'),('579','Huyện Tiểu Cần','176'),('580','Huyện Cầu Ngang','176'),('581','Huyện Trà Cú','176'),('582','Huyện Duyên Hải','176'),('583','Thành phố Vĩnh Long','177'),('584','Huyện Long Hồ','177'),('585','Huyện Mang Thít','177'),('586','Huyện Vũng Liêm','177'),('587','Huyện Tam Bình','177'),('588','Thị xã Bình Minh','177'),('589','Huyện Trà Ôn','177'),('590','Thành phố Cao Lãnh','178'),('591','Thành phố Sa Đéc','178'),('592','Huyện Tân Hồng','178'),('593','Huyện Hồng Ngự','178'),('594','Huyện Tháp Mười','178'),('595','Huyện Cao Lãnh','178'),('596','Huyện Thanh Bình','178'),('597','Huyện Lấp Vò','178'),('598','Huyện Lai Vung','178'),('599','Thành phố Long Xuyên','179'),('600','Thành phố Châu Đốc','179'),('601','Huyện An Phú','179'),('602','Thị xã Tân Châu','179'),('603','Huyện Phú Tân','179'),('604','Huyện Châu Phú','179'),('605','Huyện Tịnh Biên','179'),('606','Huyện Tri Tôn','179'),('607','Huyện Thoại Sơn','179'),('608','Thành phố Rạch Giá','180'),('609','Thị xã Hà Tiên','180'),('610','Huyện Kiên Lương','180'),('611','Huyện Hòn Đất','180'),('612','Huyện Tân Hiệp','180'),('613','Huyện Giồng Riềng','180'),('614','Huyện Gò Quao','180'),('615','Huyện An Biên','180'),('616','Huyện An Minh','180'),('617','Huyện Vĩnh Thuận','180'),('618','Huyện Phú Quốc','180'),('619','Huyện Kiên Hải','180'),('620','Quận Ninh Kiều','181'),('621','Quận Ô Môn','181'),('622','Quận Bình Thuỷ','181'),('623','Quận Cái Răng','181'),('624','Quận Thốt Nốt','181'),('625','Huyện Cờ Đỏ','181'),('626','Thành phố Vị Thanh','182'),('627','Huyện Châu Thành A','182'),('628','Huyện Phụng Hiệp','182'),('629','Huyện Vị Thuỷ','182'),('630','Huyện Long Mỹ','182'),('631','Thị Xã Ngã Bảy','182'),('632','Thành phố Sóc Trăng','183'),('633','Huyện Kế Sách','183'),('634','Huyện Mỹ Tú','183'),('635','Huyện Cù Lao Dung','183'),('636','Huyện Long Phú','183'),('637','Huyện Mỹ Xuyên','183'),('638','Thị xã Ngã Năm','183'),('639','Huyện Thạnh Trị','183'),('640','Thị xã Vĩnh Châu','183'),('641','Thành phố Bạc Liêu','184'),('642','Huyện Hồng Dân','184'),('643','Huyện Phước Long','184'),('644','Huyện Vĩnh Lợi','184'),('645','Huyện Giá Rai','184'),('646','Huyện Đông Hải','184'),('647','Huyện Hòa Bình','184'),('648','Thành phố Cà Mau','185'),('649','Huyện U Minh','185'),('650','Huyện Thới Bình','185'),('651','Huyện Trần Văn Thời','185'),('652','Huyện Cái Nước','185'),('653','Huyện Đầm Dơi','185'),('654','Huyện Năm Căn','185'),('655','Huyện Ngọc Hiển','185'),('656','Huyện Mường ảng','129'),('657','Huyện Tuy Đức','165'),('658','Huyện Tân Sơn','138'),('659','Huyện U Minh Thượng','180'),('660','Huyện Phú Thiện','163'),('661','Huyện Lộc Hà','150'),('662','Huyện Cam Lâm','159'),('663','Huyện Cư Kuin','164'),('664','Quận Dương Kinh','142'),('665','Huyện Bình Tân','177'),('666','Tân Phú Đông','174'),('667','Huyện Nông Sơn','155'),('668','Thị xã Thái Hoà','149'),('669','Huyện Tân Uyên','130'),('670','Huyện Thới Lai','181'),('671','Thị xã Buôn Hồ','164'),('672','Huyện Mỏ Cày Bắc','175'),('673','Huyện Sông Lô','139'),('674','Thị xã Hồng Ngự','178'),('675','Huyện Giang Thành','180'),('676','Huyện Thuận Nam','160'),('677','Thị xã Bình Long','167'),('678','Thị xã Phước Long','167'),('679','Huyện Chư Pưh','163'),('680','Huyện Trần Đề','183'),('681','Huyện Lâm Bình','127'),('682','Thị xã Kiến Tường','173'),('683','Huyện Nậm Pồ','129'),('684','Huyện Nậm Nhùn','130'),('685','Thị xã Hoàng Mai','149'),('686','Huyện Vân Hồ','131'),('687','Huyện Bàu Bàng','169'),('688','Huyện Bắc Tân Uyên','169'),('689','Quận Bắc Từ Liêm','123'),('690','Thị xã Cai Lậy','174'),('691','Thị xã Ba Đồn','151'),('692','Huyện Ia H\'Drai','162'),('693','Thị xã Duyên Hải','176'),('694','Huyện Phú Riềng','167'),('695','Thị xã Long Mỹ','182'),('696','Thị xã Kỳ Anh','150'),('697','Huyện Bảo Lâm','166'),('698','Huyện Châu Thành','179'),('699','Huyện Châu Thành','175'),('700','Huyện Phú Tân','185'),('701','Huyện Vĩnh Thạnh','181'),('702','Huyện Phong Điền','181'),('703','Huyện Châu Thành','178'),('704','Huyện Tam Nông','178'),('705','Quận Ba Đình','123'),('706','Huyện Châu Thành','182'),('707','Huyện Châu Thành','180'),('708','Huyện Châu Thành','173'),('709','Huyện Kỳ Sơn','149'),('710','Huyện Châu Thành','183'),('711','Huyện Châu Thành','174'),('712','Huyện Châu Thành','176');
/*!40000 ALTER TABLE `subregion` ENABLE KEYS */;

DROP TABLE IF EXISTS `subscriber`;
CREATE TABLE `subscriber` (
  `id` int(10) unsigned NOT NULL AUTO_INCREMENT,
  `email` varchar(255) COLLATE utf8_unicode_ci NOT NULL,
  `type` varchar(255) COLLATE utf8_unicode_ci NOT NULL,
  `created_at` timestamp NULL DEFAULT NULL,
  `updated_at` timestamp NULL DEFAULT NULL,
  PRIMARY KEY (`id`)
) ENGINE=InnoDB AUTO_INCREMENT=8 DEFAULT CHARSET=utf8 COLLATE=utf8_unicode_ci;

/*!40000 ALTER TABLE `subscriber` DISABLE KEYS */;
INSERT INTO `subscriber` VALUES ('1','hhdv@gmail','email','2018-11-30 17:05:21','2018-11-30 17:05:21'),('2','hhdv@gm.cmn','email','2018-12-01 14:05:54','2018-12-01 14:05:54'),('3','test@gmail.com','email','2018-12-01 14:11:38','2018-12-01 14:11:38'),('4','vajhsvak@gmail.com','email','2018-12-01 14:22:32','2018-12-01 14:22:32'),('5','test2@gmail.com','email','2018-12-01 16:18:49','2018-12-01 16:18:49'),('6','test3@gmail.com','email','2018-12-01 16:33:57','2018-12-01 16:33:57'),('7','test4@gmail.com','email','2018-12-01 16:37:40','2018-12-01 16:37:40');
/*!40000 ALTER TABLE `subscriber` ENABLE KEYS */;

DROP TABLE IF EXISTS `tag`;
CREATE TABLE `tag` (
  `id` int(10) unsigned NOT NULL AUTO_INCREMENT,
  `name` varchar(255) COLLATE utf8_unicode_ci NOT NULL,
  `created_at` timestamp NULL DEFAULT NULL,
  `updated_at` timestamp NULL DEFAULT NULL,
  PRIMARY KEY (`id`)
) ENGINE=InnoDB DEFAULT CHARSET=utf8 COLLATE=utf8_unicode_ci;

/*!40000 ALTER TABLE `tag` DISABLE KEYS */;
/*!40000 ALTER TABLE `tag` ENABLE KEYS */;

DROP TABLE IF EXISTS `testimonial`;
CREATE TABLE `testimonial` (
  `id` int(10) unsigned NOT NULL AUTO_INCREMENT,
  `name` varchar(255) COLLATE utf8_unicode_ci NOT NULL,
  `content` text COLLATE utf8_unicode_ci NOT NULL,
  `logo` varchar(255) COLLATE utf8_unicode_ci NOT NULL DEFAULT '',
  `priority` int(11) NOT NULL DEFAULT '1000',
  `status` varchar(255) COLLATE utf8_unicode_ci NOT NULL DEFAULT 'active',
  `created_at` timestamp NULL DEFAULT NULL,
  `updated_at` timestamp NULL DEFAULT NULL,
  PRIMARY KEY (`id`)
) ENGINE=InnoDB DEFAULT CHARSET=utf8 COLLATE=utf8_unicode_ci;

/*!40000 ALTER TABLE `testimonial` DISABLE KEYS */;
/*!40000 ALTER TABLE `testimonial` ENABLE KEYS */;

DROP TABLE IF EXISTS `testimonial_translations`;
CREATE TABLE `testimonial_translations` (
  `id` int(10) unsigned NOT NULL AUTO_INCREMENT,
  `testimonial_id` int(11) NOT NULL,
  `lang` varchar(255) COLLATE utf8_unicode_ci NOT NULL DEFAULT 'en',
  `name` varchar(255) COLLATE utf8_unicode_ci NOT NULL DEFAULT '',
  `content` text COLLATE utf8_unicode_ci NOT NULL,
  `created_at` timestamp NULL DEFAULT NULL,
  `updated_at` timestamp NULL DEFAULT NULL,
  PRIMARY KEY (`id`)
) ENGINE=InnoDB DEFAULT CHARSET=utf8 COLLATE=utf8_unicode_ci;

/*!40000 ALTER TABLE `testimonial_translations` DISABLE KEYS */;
/*!40000 ALTER TABLE `testimonial_translations` ENABLE KEYS */;

DROP TABLE IF EXISTS `user`;
CREATE TABLE `user` (
  `id` int(10) unsigned NOT NULL AUTO_INCREMENT,
  `role_id` int(11) NOT NULL DEFAULT '0',
  `name` varchar(255) COLLATE utf8_unicode_ci NOT NULL,
  `email` varchar(255) COLLATE utf8_unicode_ci NOT NULL,
  `phone` varchar(255) COLLATE utf8_unicode_ci NOT NULL DEFAULT '',
  `password` varchar(255) COLLATE utf8_unicode_ci NOT NULL,
  `random` text COLLATE utf8_unicode_ci NOT NULL,
  `created_at` timestamp NULL DEFAULT NULL,
  `updated_at` timestamp NULL DEFAULT NULL,
  PRIMARY KEY (`id`)
) ENGINE=InnoDB AUTO_INCREMENT=3 DEFAULT CHARSET=utf8 COLLATE=utf8_unicode_ci;

/*!40000 ALTER TABLE `user` DISABLE KEYS */;
INSERT INTO `user` VALUES ('1','-1','Super Admin','superadmin@gmail.com','0123456789','$2y$10$0UacqKtq2BU4Jl4NmLKvu.HZHVcQgCeYJXOn/wPnLHUk8RGfWhYDO','','2018-11-28 10:03:32','2018-11-28 10:03:32'),('2','0','Admin','admin@gmail.com','0123456789','$2y$10$y.84kKX9dTj7JVmCQCNbEOJvhZauTjYArr0WH4BkWIPaDtOul5uLO','','2018-11-28 10:03:32','2018-11-28 10:03:32');
/*!40000 ALTER TABLE `user` ENABLE KEYS */;

DROP TABLE IF EXISTS `variant`;
CREATE TABLE `variant` (
  `id` int(10) unsigned NOT NULL AUTO_INCREMENT,
  `title` varchar(255) COLLATE utf8_unicode_ci NOT NULL DEFAULT 'Default',
  `product_id` int(11) NOT NULL,
  `option_1` varchar(255) COLLATE utf8_unicode_ci NOT NULL DEFAULT '',
  `option_2` varchar(255) COLLATE utf8_unicode_ci NOT NULL DEFAULT '',
  `option_3` varchar(255) COLLATE utf8_unicode_ci NOT NULL DEFAULT '',
  `option_4` varchar(255) COLLATE utf8_unicode_ci NOT NULL DEFAULT '',
  `option_5` varchar(255) COLLATE utf8_unicode_ci NOT NULL DEFAULT '',
  `option_6` varchar(255) COLLATE utf8_unicode_ci NOT NULL DEFAULT '',
  `price` bigint(20) DEFAULT NULL,
  `sale_id` int(10) unsigned DEFAULT NULL,
  `price_compare` bigint(20) DEFAULT NULL,
  `stock_quant` int(11) NOT NULL DEFAULT '0',
  `status` varchar(255) COLLATE utf8_unicode_ci NOT NULL DEFAULT 'active',
  `created_at` timestamp NULL DEFAULT NULL,
  `updated_at` timestamp NULL DEFAULT NULL,
  PRIMARY KEY (`id`),
  KEY `sale_id` (`sale_id`),
  CONSTRAINT `variant_ibfk_1` FOREIGN KEY (`sale_id`) REFERENCES `sale` (`id`),
  CONSTRAINT `variant_ibfk_2` FOREIGN KEY (`sale_id`) REFERENCES `sale` (`id`),
  CONSTRAINT `variant_ibfk_3` FOREIGN KEY (`sale_id`) REFERENCES `sale` (`id`),
  CONSTRAINT `variant_ibfk_4` FOREIGN KEY (`sale_id`) REFERENCES `sale` (`id`),
  CONSTRAINT `variant_sale_id_foreign` FOREIGN KEY (`sale_id`) REFERENCES `sale` (`id`)
) ENGINE=InnoDB AUTO_INCREMENT=32 DEFAULT CHARSET=utf8 COLLATE=utf8_unicode_ci;

/*!40000 ALTER TABLE `variant` DISABLE KEYS */;
INSERT INTO `variant` VALUES ('1','Default','1','','','','','','','2323525',NULL,'3636','1','active','2018-11-28 15:17:55','2018-11-28 15:24:42'),('2','Default','2','','','','','','','180000',NULL,'0','1','active','2018-11-30 14:29:52','2018-11-30 14:34:51'),('3','Default','3','','','','','','','200000',NULL,'0','0','active','2018-11-30 14:42:42','2018-11-30 14:43:07'),('4','Default','4','','','','','','','200000',NULL,'0','-1','active','2018-11-30 14:43:20','2018-11-30 14:43:35'),('5','Default','5','','','','','','','250000',NULL,'0','1','active','2018-11-30 14:43:50','2018-11-30 14:44:15'),('6','Default','6','','','','','','','290000',NULL,'0','1','active','2018-11-30 14:44:25','2018-11-30 14:44:47'),('7','Default','7','','','','','','','800000',NULL,'0','-1','active','2018-11-30 14:44:56','2018-11-30 14:45:21'),('8','Default','8','','','','','','','800000',NULL,'0','-1','active','2018-11-30 14:45:33','2018-11-30 14:45:48'),('9','Default','9','','','','','','','800000',NULL,'0','-7','active','2018-11-30 14:46:00','2018-11-30 14:46:18'),('10','Default','10','','','','','','','900000',NULL,'0','-7','active','2018-11-30 14:46:30','2018-11-30 14:46:50'),('11','Default','11','','','','','','','900000',NULL,'0','1','active','2018-11-30 14:47:02','2018-11-30 14:47:25'),('12','Default','12','','','','','','','1000000',NULL,'0','1','active','2018-11-30 14:47:36','2018-11-30 14:47:59'),('13','Default','13','','','','','','','450000',NULL,'0','1','active','2018-11-30 14:55:23','2018-11-30 14:55:59'),('14','Default','14','','','','','','','460000',NULL,'0','1','active','2018-11-30 14:56:11','2018-11-30 14:56:33'),('15','Default','15','','','','','','','460000',NULL,'0','1','active','2018-11-30 14:56:56','2018-11-30 15:10:15'),('16','Default','16','','','','','','','480000',NULL,'0','1','active','2018-11-30 14:59:03','2018-11-30 14:59:29'),('17','Default','17','','','','','','','470000',NULL,'0','1','active','2018-11-30 14:59:42','2018-11-30 15:00:11'),('18','Default','18','','','','','','','475000',NULL,'0','1','active','2018-11-30 15:00:20','2018-11-30 15:00:39'),('19','Default','19','','','','','','','475000',NULL,'0','1','active','2018-11-30 15:00:51','2018-11-30 15:01:08'),('20','Default','20','','','','','','','960000',NULL,'0','-1','active','2018-11-30 15:01:18','2018-11-30 16:02:02'),('21','Default','21','','','','','','','960000',NULL,'0','1','active','2018-11-30 15:03:14','2018-11-30 15:58:30'),('22','Default','22','','','','','','','960000',NULL,'0','1','active','2018-11-30 15:08:51','2018-11-30 16:00:02'),('23','Default','23','','','','','','','960000',NULL,'1000000','-3','active','2018-11-30 15:11:06','2018-11-30 16:00:14'),('24','Default','24','','','','','','','990000',NULL,'1000000','1','active','2018-11-30 15:17:41','2018-11-30 15:35:47'),('25','Default','25','','','','','','','990000',NULL,'1000000','1','active','2018-11-30 15:19:35','2018-11-30 15:35:31'),('26','Default','26','','','','','','','900000',NULL,'1000000','0','active','2018-11-30 15:20:09','2018-11-30 15:35:19'),('27','Default','27','','','','','','','900000',NULL,'1000000','1','active','2018-11-30 15:20:51','2018-11-30 15:35:07'),('28','Default','28','','','','','','','900000',NULL,'1000000','1','active','2018-11-30 15:21:14','2018-11-30 15:59:31'),('29','Default','29','','','','','','','940000',NULL,'1000000','1','active','2018-11-30 15:22:06','2018-11-30 15:59:20'),('30','Default','30','','','','','','','930000',NULL,'1000000','1','active','2018-11-30 15:22:36','2018-11-30 15:59:12'),('31','Default','31','','','','','','','730000',NULL,'1000000','1','active','2018-11-30 15:23:10','2018-12-02 19:28:06');
/*!40000 ALTER TABLE `variant` ENABLE KEYS */;

DROP TABLE IF EXISTS `wishlist`;
CREATE TABLE `wishlist` (
  `id` int(10) unsigned NOT NULL AUTO_INCREMENT,
  `customer_id` int(11) NOT NULL,
  `product_id` int(11) NOT NULL,
  `created_at` timestamp NULL DEFAULT NULL,
  `updated_at` timestamp NULL DEFAULT NULL,
  PRIMARY KEY (`id`)
) ENGINE=InnoDB AUTO_INCREMENT=6 DEFAULT CHARSET=utf8 COLLATE=utf8_unicode_ci;

/*!40000 ALTER TABLE `wishlist` DISABLE KEYS */;
INSERT INTO `wishlist` VALUES ('3','100000','4','2018-12-01 14:32:56','2018-12-01 14:32:56'),('4','100000','10','2018-12-01 15:00:01','2018-12-01 15:00:01'),('5','100000','9','2018-12-01 15:00:12','2018-12-01 15:00:12');
/*!40000 ALTER TABLE `wishlist` ENABLE KEYS */;

/*!40014 SET FOREIGN_KEY_CHECKS=@OLD_FOREIGN_KEY_CHECKS */;


-- phpMiniAdmin dump end
